School Name,School Code,Tests Taken,Reading / Writing,Math,Total # of Classes,Average Class Size,Number of Students,Female %,Male %,English Language Learner %,Students with Disabilities %,Economically Disadvantaged %,District Code,African American %,Asian %,Hispanic %,White %,Native American %,"Native Hawaiian, Pacific Islander %","Multi-Race, Non-Hispanic %",District Name,In-District Expenditures,Total In-district FTEs,In-District Expenditures per Pupil,Total Expenditures,Total Pupil FTEs,Total Expenditures per Pupil,Year
Abby Kelley Foster Charter Public (District) - Abby Kelley Foster Charter Public School,4450105,71,520,494,713,18.9,1425,54.4,45.6,13.6,13,48.6,4450000,54.3,3.4,19.7,16.8,0.6,0.1,5.1,Abby Kelley Foster Charter Public (District),"          $21,885,215.62",1421.4,"              $15,396.51","          $21,885,215.62",1421.4,"              $15,396.51",2020
Abington - Abington High,10505,66,533,539,266,17.1,591,46.9,53.1,5.6,11.5,26.9,10000,4.7,2.7,11.7,80.4,0,0,0.5,Abington,"          $29,446,070.52",2146,"              $13,721.37","          $34,045,424.41",2253.2,"              $15,109.81",2020
Acton-Boxborough - Acton-Boxborough Regional High,6000505,176,657,688,782,15.8,1755,47,52.8,1.1,9.9,7.9,6000000,2.9,34.9,5.2,52.7,0.1,0,4.3,Acton-Boxborough,"          $86,603,131.70",5437.6,"              $15,926.72","          $96,289,999.24",5566.4,"              $17,298.43",2020
Advanced Math and Science Academy Charter (District) - Advanced Math and Science Academy Charter School,4300305,106,625,667,490,18.6,960,47.6,52.3,2,6.3,10.7,4300000,1.9,17.2,7.2,67.6,0,0,6.2,Advanced Math and Science Academy Charter (District),"          $15,918,145.99",964.8,"              $16,498.74","          $15,918,145.99",964.8,"              $16,498.74",2020
Agawam - Agawam High,50505,81,557,560,664,13.9,1037,48.8,51.1,1.6,13.7,27.6,50000,2,2.9,8.3,83.8,0.1,0,2.9,Agawam,"          $63,222,072.60",3699.1,"              $17,091.20","          $68,666,461.05",3848.2,"              $17,843.79",2020
Amesbury - Amesbury High,70505,80,572,574,353,14.3,518,49.2,50.4,1.7,16.8,20.7,70000,2.5,1.2,8.1,84,0,0,4.3,Amesbury,"          $33,455,712.53",2015.8,"              $16,596.74","          $39,152,791.79",2196.1,"              $17,828.33",2020
Amherst-Pelham - Amherst Regional High,6050505,129,617,618,568,11.1,863,49.4,50.1,8.2,21.1,28.3,6050000,8.5,8.9,17.7,55.3,0,0,9.6,Amherst-Pelham,"          $29,317,423.00",1345.7,"              $21,786.00","          $33,690,959.00",1498.1,"              $22,489.13",2020
Andover - Andover High,90505,397,605,625,1760,8.6,1747,53.4,46.5,0.6,16.1,11,90000,2.6,19.5,7.1,68.1,0.2,0,2.4,Andover,"         $108,485,137.45",5869.7,"              $18,482.23","         $117,777,377.45",5992,"              $19,655.77",2020
Arlington - Arlington High,100505,159,610,608,997,13,1419,53.5,46,0.9,11.9,10,100000,3.8,10.7,5.8,74.2,0,0.1,5.4,Arlington,"          $90,254,320.50",6096.3,"              $14,804.77","          $96,863,420.28",6197.7,"              $15,628.93",2020
Ashburnham-Westminster - Oakmont Regional High School,6100505,70,567,564,336,14.7,606,48.5,51.5,0.5,19.3,18.7,6100000,1.2,1.3,4.1,91.8,0.2,0,1.5,Ashburnham-Westminster,"          $30,821,395.10",2376.1,"              $12,971.42","          $32,558,334.15",2465.8,"              $13,203.96",2020
Ashland - Ashland High,140505,96,570,607,388,15.3,779,51,49,3.2,12.7,17.3,140000,2.4,12.1,12.7,68.8,0.6,0,3.3,Ashland,"          $39,289,471.97",2869.7,"              $13,691.14","          $43,599,903.48",2937,"              $14,845.05",2020
Assabet Valley Regional Vocational Technical - Assabet Valley Vocational High School,8010605,47,506,507,673,12.3,1138,40.3,58.5,4.9,25.8,33.2,8010000,1.7,0.5,22.3,73,0.1,0,2.4,Assabet Valley Regional Vocational Technical,"          $23,832,072.12",1160.7,"              $20,532.50","          $23,870,752.12",1161.7,"              $20,548.12",2020
Athol-Royalston - Athol High,6150505,26,507,491,159,15.7,347,47.8,52.2,2.6,26.2,50.4,6150000,2.6,0.6,14.1,78.7,0,0,4,Athol-Royalston,"          $21,931,136.67",1525.1,"              $14,380.13","          $26,318,318.35",1875.4,"              $14,033.44",2020
Atlantis Charter (District) - Atlantis Charter School,4910550,37,504,499,542,13.1,1290,52.3,47.7,15,13.3,51.9,4910000,5.4,2.2,15.2,73.3,0.1,0.1,3.9,Atlantis Charter (District),"          $18,466,839.00",1301.6,"              $14,187.69","          $18,466,839.00",1301.6,"              $14,187.69",2020
Attleboro - Attleboro High,160505,211,549,542,920,18.4,1779,45.7,54.2,3,15.9,30.5,160000,6.5,5,16,67.3,0.3,0.2,4.8,Attleboro,"          $81,810,391.30",5986.6,"              $13,665.59","          $92,005,267.71",6476.4,"              $14,206.24",2020
Auburn - Auburn Senior High,170505,92,564,547,647,15.2,796,50.6,49.1,1.5,11.2,23.6,170000,3,4.8,8.2,81,0.1,0,2.9,Auburn,"          $36,961,376.60",2640.8,"              $13,996.28","          $38,350,080.14",2693.2,"              $14,239.60",2020
Avon - Avon Middle High School,180510,32,519,510,233,13.2,315,44.1,55.9,2.5,18.7,37.1,180000,34.3,5.1,10.8,41.6,1.3,0,7,Avon,"          $11,864,225.00",721.8,"              $16,437.00","          $13,140,054.00",748.4,"              $17,557.53",2020
Ayer Shirley School District - Ayer Shirley Regional High School,6160505,56,560,552,238,13.8,359,51.3,48.8,1.4,17.3,24.5,6160000,3.1,2.5,11.4,73.3,1.7,0.8,7.2,Ayer Shirley School District,"          $26,211,086.04",1677.5,"              $15,625.09","          $30,712,776.30",1892.5,"              $16,228.68",2020
Barnstable - Barnstable High,200505,204,557,551,1587,6.7,1608,50.7,49.2,8.8,16.2,39,200000,9.1,2.1,17.5,66.5,0.3,0.3,4.3,Barnstable,"          $88,538,243.57",5075.7,"              $17,443.55","          $98,005,720.48",5630.9,"              $17,404.98",2020
Baystate Academy Charter Public School (District) - Baystate Academy Charter Public School,35020405,27,437,447,369,13.3,470,45.3,54.7,8.7,20.2,76.8,35020000,27.7,0.9,60,9.8,0,0.4,1.3,Baystate Academy Charter Public School (District),"           $8,382,148.79",473.7,"              $17,694.68","           $8,382,148.79",473.7,"              $17,694.68",2020
Bedford - Bedford High,230505,85,609,617,530,12.9,825,49.5,50.4,1.3,15.8,11.4,230000,7.4,15.2,11.3,60.9,0,0.1,5.2,Bedford,"          $50,196,541.22",2688.5,"              $18,670.84","          $55,192,858.99",2734.5,"              $20,183.89",2020
Belchertown - Belchertown High,240505,73,567,562,422,14.5,693,51.8,47.8,0.1,15.3,19.1,240000,2.2,1.3,3.3,89.8,0.4,0.4,2.6,Belchertown,"          $32,308,201.52",2244.4,"              $14,395.03","          $35,668,291.58",2449.7,"              $14,560.27",2020
Bellingham - Bellingham High School,250505,73,544,540,311,16.2,730,48.5,51.5,1.5,18.4,21,250000,2.5,4,5.9,85.3,0,0,2.3,Bellingham,"          $36,031,834.54",2130.1,"              $16,915.56","          $42,475,337.14",2410.5,"              $17,620.97",2020
Belmont - Belmont High,260505,241,622,641,437,20.8,1306,50.5,49.5,1.4,8,9.3,260000,3.6,18.1,4.8,67.1,0.1,0,6.4,Belmont,"          $65,303,313.00",4717.1,"              $13,843.95","          $73,554,813.00",4813.8,"              $15,279.99",2020
Berkshire Arts and Technology Charter Public (District) - Berkshire Arts and Technology Charter Public School,4140305,11,585,586,141,18.5,366,46.2,53,1.4,21.6,51.9,4140000,12.3,2.7,12.3,66.4,0.3,0,6,Berkshire Arts and Technology Charter Public (District),"           $6,507,994.34",364.4,"              $17,860.95","           $6,507,994.34",364.4,"              $17,860.95",2020
Berkshire Hills - Monument Mt Regional High,6180505,45,579,556,416,8.7,499,51.7,48.3,3,12.8,25.5,6180000,1.6,2.8,9.4,81.4,0.4,0.6,3.8,Berkshire Hills,"          $27,734,002.94",1202,"              $23,073.21","          $29,987,385.64",1307.1,"              $22,941.92",2020
Berlin-Boylston - Tahanto Regional High,6200505,33,576,588,359,15.4,550,49.8,49.5,1.8,16.2,15.5,6200000,2,5.1,6.6,83.5,0,0.2,2.7,Berlin-Boylston,"          $16,466,845.00",1049.2,"              $15,694.67","          $18,282,809.00",1105.8,"              $16,533.56",2020
Beverly - Beverly High,300505,143,575,568,562,18.9,1280,47.1,52.8,2.9,17.1,28.1,300000,3.6,2.8,14.5,75.6,0.1,0.1,3.4,Beverly,"          $64,369,956.05",4742.4,"              $13,573.29","          $72,741,821.42",4921.2,"              $14,781.32",2020
Billerica - Billerica Memorial High School,310505,205,555,569,1316,9.5,1654,49.3,50.7,1.3,19.8,20.2,310000,6.5,8.8,7.1,74.9,0.2,0.2,2.3,Billerica,"          $82,053,202.00",4809.2,"              $17,061.72","          $89,412,353.00",5039.2,"              $17,743.36",2020
Blackstone Valley Regional Vocational Technical - Blackstone Valley,8050605,153,578,564,796,17.4,1230,50.2,49.7,0.5,10.4,10.5,8050000,1.2,2,7.9,86.4,0,0.1,2.4,Blackstone Valley Regional Vocational Technical,"          $25,573,330.57",1238.6,"              $20,646.96","          $25,584,432.57",1240.6,"              $20,622.63",2020
Blackstone-Millville - Blackstone Millville RHS,6220505,34,544,541,367,8.1,418,46.2,53.6,1,16,25.6,6220000,2.4,1,6.2,86.6,0,0,3.8,Blackstone-Millville,"          $23,430,312.04",1660.3,"              $14,112.10","          $26,329,639.55",1836.1,"              $14,339.98",2020
Blue Hills Regional Vocational Technical - Blue Hills Regional Vocational Technical,8060605,61,502,480,329,19.1,874,45.8,54.2,1.4,26.7,31.4,8060000,22.1,2.3,15.1,54.4,0.7,0,5.5,Blue Hills Regional Vocational Technical,"          $20,614,109.87",862.5,"              $23,900.42","          $20,614,109.87",862.5,"              $23,900.42",2020
Boston - Another Course To College,350541,31,469,457,141,14.8,256,41,58.6,10.6,34.4,68.8,350000,49.2,0.8,42.6,5.1,0.4,0,2,Boston,"       $1,288,689,470.40",51103,"              $25,217.49","       $1,570,952,894.33",65400.5,"              $24,020.50",2020
Boston - Boston Arts Academy,350546,67,464,468,457,16.6,481,69.2,30.2,7.1,18.7,58.4,350000,41.6,2.1,41.6,8.9,0.4,0.2,5.2,Boston,"       $1,288,689,470.40",51103,"              $25,217.49","       $1,570,952,894.33",65400.5,"              $24,020.50",2020
Boston - Boston Community Leadership Academy,350558,60,450,474,228,18.9,490,47.8,52.2,29.2,23.3,71.8,350000,35.9,2.7,56.5,3.5,0.2,0.4,0.8,Boston,"       $1,288,689,470.40",51103,"              $25,217.49","       $1,570,952,894.33",65400.5,"              $24,020.50",2020
Boston - Boston International High School,350507,18,412,448,203,14.9,432,42.4,57.6,91,5.8,73.8,350000,33.1,8.1,56.7,1.6,0.2,0,0.2,Boston,"       $1,288,689,470.40",51103,"              $25,217.49","       $1,570,952,894.33",65400.5,"              $24,020.50",2020
Boston - Boston Latin,350560,310,655,671,743,24.5,2485,52.3,47.4,0,3.1,18.6,350000,7.8,29.4,13.2,44.6,0.1,0.2,4.7,Boston,"       $1,288,689,470.40",51103,"              $25,217.49","       $1,570,952,894.33",65400.5,"              $24,020.50",2020
Boston - Boston Latin Academy,350545,209,576,602,708,21.5,1774,58.5,41.2,0.1,3.8,36.8,350000,21.4,18.9,26.3,29.7,0.1,0.1,3.4,Boston,"       $1,288,689,470.40",51103,"              $25,217.49","       $1,570,952,894.33",65400.5,"              $24,020.50",2020
Boston - Brighton High,350505,47,435,455,238,13.6,439,41.7,58.3,46.9,30.5,78.4,350000,36.9,4.3,51.5,5,0.2,0.2,1.8,Boston,"       $1,288,689,470.40",51103,"              $25,217.49","       $1,570,952,894.33",65400.5,"              $24,020.50",2020
Boston - Charlestown High,350515,74,420,461,757,12.1,793,42.6,57.4,39.6,27.9,74.9,350000,28.5,7.3,58.4,4.2,0.3,0,1.4,Boston,"       $1,288,689,470.40",51103,"              $25,217.49","       $1,570,952,894.33",65400.5,"              $24,020.50",2020
Boston - Community Academy of Science and Health,350581,30,467,467,181,13.6,350,44.3,55.7,25.7,41.4,76.9,350000,60.9,4.3,28.9,1.7,0.3,0,4,Boston,"       $1,288,689,470.40",51103,"              $25,217.49","       $1,570,952,894.33",65400.5,"              $24,020.50",2020
Boston - Dearborn,350074,20,433,427,268,18.6,598,50.8,48.8,32.9,19.7,75.1,350000,59.9,0.8,31.9,2,0.2,1,4.2,Boston,"       $1,288,689,470.40",51103,"              $25,217.49","       $1,570,952,894.33",65400.5,"              $24,020.50",2020
Boston - Dr. William Henderson Upper,350426,55,412,417,280,19.6,752,45.1,54.9,12.6,41.1,62.4,350000,43.4,9,25.1,17.6,0.8,0.1,4,Boston,"       $1,288,689,470.40",51103,"              $25,217.49","       $1,570,952,894.33",65400.5,"              $24,020.50",2020
Boston - East Boston High,350530,107,467,470,413,16.2,1118,41.6,58.4,44.2,20.8,70.5,350000,4.9,2,82,9.6,0.1,0.1,1.3,Boston,"       $1,288,689,470.40",51103,"              $25,217.49","       $1,570,952,894.33",65400.5,"              $24,020.50",2020
Boston - Excel High School,350522,41,451,475,232,14.5,493,41,59,25.4,28.2,75.1,350000,27.6,20.1,41.2,7.1,0.6,0.2,3.3,Boston,"       $1,288,689,470.40",51103,"              $25,217.49","       $1,570,952,894.33",65400.5,"              $24,020.50",2020
Boston - Fenway High School,350540,44,467,458,153,16.3,388,51.6,48.5,24.2,22.4,69.6,350000,28.9,2.6,61.1,4.4,0.3,0.3,2.6,Boston,"       $1,288,689,470.40",51103,"              $25,217.49","       $1,570,952,894.33",65400.5,"              $24,020.50",2020
Boston - Jeremiah E Burke High,350525,79,400,424,157,13.5,403,43.4,56.3,30.3,31.5,74.9,350000,59.3,0.7,32.3,4.2,0,0.7,2.7,Boston,"       $1,288,689,470.40",51103,"              $25,217.49","       $1,570,952,894.33",65400.5,"              $24,020.50",2020
Boston - Lyon Upper 9-12,350655,18,456,454,57,17.3,142,37.3,62.7,12.7,41.6,63.4,350000,22.5,4.2,41.6,23.9,0,0,7.8,Boston,"       $1,288,689,470.40",51103,"              $25,217.49","       $1,570,952,894.33",65400.5,"              $24,020.50",2020
Boston - Madison Park High,350537,41,428,432,433,16.9,1099,41.2,58.8,33.8,38.2,78.7,350000,39.7,1.8,53.3,2.7,0.4,0.3,1.8,Boston,"       $1,288,689,470.40",51103,"              $25,217.49","       $1,570,952,894.33",65400.5,"              $24,020.50",2020
Boston - Margarita Muniz Academy,350549,20,428,435,147,18.8,284,50,50,48.9,13,77.8,350000,7,0,91.2,0.7,0.4,0,0.7,Boston,"       $1,288,689,470.40",51103,"              $25,217.49","       $1,570,952,894.33",65400.5,"              $24,020.50",2020
Boston - New Mission High School,350542,61,463,478,212,16.6,480,51,48.8,15.4,17.3,61.9,350000,49.4,2.3,43.8,2.3,0.2,0,2.1,Boston,"       $1,288,689,470.40",51103,"              $25,217.49","       $1,570,952,894.33",65400.5,"              $24,020.50",2020
Boston - O'Bryant School Math/Science,350575,174,540,580,527,22.5,1615,54.8,45.2,1.3,4.7,51.4,350000,32.5,20.3,33.6,11.7,0.1,0.3,1.6,Boston,"       $1,288,689,470.40",51103,"              $25,217.49","       $1,570,952,894.33",65400.5,"              $24,020.50",2020
Boston - Quincy Upper School,350565,33,483,474,228,20.7,536,48,52.1,14.4,20,61,350000,21.6,49.6,22.2,3.7,0.2,0,2.6,Boston,"       $1,288,689,470.40",51103,"              $25,217.49","       $1,570,952,894.33",65400.5,"              $24,020.50",2020
Boston - Snowden International School at Copley,350690,46,465,453,197,20.6,489,48.1,51.9,16.8,23.1,71.8,350000,32.9,6.1,52.4,5.7,0.4,0,2.5,Boston,"       $1,288,689,470.40",51103,"              $25,217.49","       $1,570,952,894.33",65400.5,"              $24,020.50",2020
Boston - TechBoston Academy,350657,66,438,425,462,15,921,43.4,56.5,23,22.4,75,350000,60.8,2.2,30.4,2.7,0.2,0.1,3.6,Boston,"       $1,288,689,470.40",51103,"              $25,217.49","       $1,570,952,894.33",65400.5,"              $24,020.50",2020
Boston - The English High,350535,49,437,418,482,14.4,560,44.5,55.5,37.1,24.5,74.6,350000,36.3,0.9,56.3,3.9,0.4,0,2.3,Boston,"       $1,288,689,470.40",51103,"              $25,217.49","       $1,570,952,894.33",65400.5,"              $24,020.50",2020
Boston - Urban Science Academy,350579,14,461,469,,,,,,,,,,,,,,,,,,,,,,,,
Boston - West Roxbury Academy,350658,11,428,441,,,,,,,,,,,,,,,,,,,,,,,,
Boston Collegiate Charter (District) - Boston Collegiate Charter School,4490305,27,534,547,212,24.7,719,51.3,48.7,4.5,18.4,38.7,4490000,34.6,1.8,17.5,42.7,0.1,0.1,3.1,Boston Collegiate Charter (District),"          $15,248,779.53",700,"              $21,783.97","          $15,248,779.53",700,"              $21,783.97",2020
Boston Day and Evening Academy Charter (District) - Boston Day and Evening Academy Charter School,4240505,18,497,495,415,14.7,437,52.9,47.1,16,34.8,71.2,4240000,47.4,0.7,45.5,4.1,0.9,0,1.4,Boston Day and Evening Academy Charter (District),"           $7,286,922.69",397.9,"              $18,314.23","           $7,286,922.69",397.9,"              $18,314.23",2020
Boston Green Academy Horace Mann Charter School (District) - Boston Green Academy Horace Mann Charter School,4110305,23,457,454,270,16.4,501,47.3,52.7,16.4,33.5,72.3,4110000,44.3,1.8,43.9,6.6,0.2,0.4,2.8,Boston Green Academy Horace Mann Charter School (District),"           $7,936,636.59",488,"              $16,265.29","           $7,936,636.59",488,"              $16,265.29",2020
Boston Preparatory Charter Public (District) - Boston Preparatory Charter Public School,4160305,73,476,506,207,19.4,663,50.7,49.3,19.2,20.2,60.9,4160000,68.2,0.5,27.3,1.1,0,0.2,2.9,Boston Preparatory Charter Public (District),"          $13,784,062.45",575.7,"              $23,941.47","          $13,784,062.45",575.7,"              $23,941.47",2020
Bourne - Bourne High School,360505,114,534,519,209,13.4,416,53.1,46.6,1.2,13.5,25,360000,1.9,1.9,3.6,88.5,1.4,0,2.6,Bourne,"          $32,770,035.35",1907.4,"              $17,180.47","          $37,340,744.42",2187,"              $17,073.96",2020
Braintree - Braintree High,400505,249,569,592,809,15.2,1761,49.6,50.3,4.2,19.4,22.4,400000,5.6,19.9,5.3,67.1,0.1,0.2,1.8,Braintree,"          $86,337,028.48",5863,"              $14,725.74","          $93,092,438.64",5960.8,"              $15,617.44",2020
Bridgewater-Raynham - Bridgewater-Raynham Regional,6250505,169,556,564,564,14.9,1363,50.5,49.5,1.3,12.2,21,6250000,7.3,1.7,2.2,83.6,0.1,0.1,5.1,Bridgewater-Raynham,"          $71,771,180.72",5428.5,"              $13,221.18","          $79,229,512.72",5683.7,"              $13,939.78",2020
Bristol County Agricultural - Bristol County Agricultural High,9100705,25,521,542,228,18.7,448,74.1,25.7,0,15.4,24.8,9100000,2.2,0.5,4.5,91.1,0,0.2,1.6,Bristol County Agricultural,"           $9,281,754.45",445.8,"              $20,820.45","           $9,281,754.45",445.8,"              $20,820.45",2020
Bristol-Plymouth Regional Vocational Technical - Bristol-Plymouth Vocational Technical,8100605,88,521,508,1036,18.9,1310,42.4,57.6,0.3,17.4,30.2,8100000,3.6,1,6,85.3,0.4,0,3.7,Bristol-Plymouth Regional Vocational Technical,"          $25,663,450.00",1316.6,"              $19,492.21","          $25,739,081.00",1331.6,"              $19,329.44",2020
Brockton - Brockton High,440505,355,490,479,1718,18.6,3987,46.5,53.5,25.3,13.1,61.4,440000,62.6,2.3,15.1,15.3,0.3,0.2,4.2,Brockton,"         $247,558,495.00",16024.8,"              $15,448.46","         $274,509,498.52",17670.7,"              $15,534.73",2020
Brookline - Brookline High,460505,231,606,624,1121,14,2043,48.4,51.4,1.9,18.8,13.4,460000,7.8,15.8,13,53.1,0,0.1,10.2,Brookline,"         $161,618,859.00",7830.7,"              $20,639.13","         $168,443,506.00",7905.6,"              $21,306.86",2020
Burlington - Burlington High,480505,126,560,556,561,12.2,993,46.5,53.4,4.2,10.4,17.2,480000,7.9,15.9,8.4,63.3,0.5,0,4,Burlington,"          $73,138,783.45",3517.4,"              $20,793.42","          $82,653,523.55",3625.2,"              $22,799.71",2020
Cambridge - Cambridge Rindge and Latin,490506,324,562,560,1063,13.8,1890,50.5,49.2,4,20.2,33.5,490000,27.6,9.9,15.3,38.2,0.2,0.4,8.5,Cambridge,"         $205,669,429.95",7104.4,"              $28,949.58","         $241,963,661.99",7768.6,"              $31,146.37",2020
Canton - Canton High,500505,132,571,572,476,16.2,950,53.6,46,1.1,10.4,19,500000,13.2,11.7,6,64.6,0,0,4.5,Canton,"          $53,558,689.80",3294.3,"              $16,257.99","          $61,050,697.80",3374.8,"              $18,090.17",2020
Cape Cod Regional Vocational Technical - Cape Cod Region Vocational Technical,8150605,25,486,481,408,13.3,627,36,63.5,2.2,24.6,45.1,8150000,8.3,0.5,13.6,71.1,1.3,0.3,4.9,Cape Cod Regional Vocational Technical,"          $15,470,292.00",608.5,"              $25,423.65","          $15,534,768.00",618.7,"              $25,108.72",2020
Carver - Carver Middle/High School,520405,46,550,555,687,6.8,721,48.5,51.5,1.3,21.6,26.1,520000,1.7,0.4,1.9,94,0.6,0.1,1.3,Carver,"          $23,409,680.60",1584.5,"              $14,774.18","          $26,347,752.60",1679,"              $15,692.53",2020
Central Berkshire - Wahconah Regional High,6350505,33,513,530,253,14.2,495,47.7,52.3,0.8,11.1,30.1,6350000,0.4,1,3.4,91.9,0.2,0,3,Central Berkshire,"          $25,902,058.00",1576.3,"              $16,432.19","          $28,937,440.00",1801.3,"              $16,064.75",2020
Chelmsford - Chelmsford High,560505,216,583,599,722,16.7,1413,50.3,49.7,1.3,13,11.3,560000,4,16.2,5.4,72.1,0,0.1,2.2,Chelmsford,"          $73,615,432.48",5035,"              $14,620.74","          $82,333,181.48",5257.9,"              $15,658.95",2020
Chelsea - Chelsea High,570505,87,476,466,540,19.1,1472,45.2,54.8,29.8,12.4,68.6,570000,4,0.1,89.3,4.9,0.2,0,1.4,Chelsea,"          $95,301,604.09",6257.4,"              $15,230.22","         $125,105,654.29",7425.8,"              $16,847.43",2020
Chicopee - Chicopee Comprehensive High School,610510,107,543,548,748,10.6,1148,43.9,56,3.1,13.9,44.4,610000,2.5,2.5,29,62.8,0.2,0,3,Chicopee,"         $115,791,406.46",7281.2,"              $15,902.79","         $124,440,408.62",7882.5,"              $15,786.92",2020
Chicopee - Chicopee High,610505,65,534,528,474,16.5,972,49.6,50.4,6.6,17.8,58.9,610000,5.1,2.6,46.2,43.6,0,0,2.5,Chicopee,"         $115,791,406.46",7281.2,"              $15,902.79","         $124,440,408.62",7882.5,"              $15,786.92",2020
City on a Hill Charter Public School Circuit Street (District) - City on a Hill Charter Public School Circuit Street,4370505,22,473,487,89,18.3,275,48.4,51.6,23.6,23.3,70.6,4370000,65.1,0,32.4,1.8,0,0,0.7,City on a Hill Charter Public School Circuit Street (District),"           $5,772,128.35",216.3,"              $26,680.82","           $5,772,128.35",216.3,"              $26,680.82",2020
City on a Hill Charter Public School Dudley Square (District) - City on a Hill Charter Public School Dudley Square,35040505,33,419,457,,,,,,,,,,,,,,,,,,,,,,,,
Clinton - Clinton Senior High,640505,43,513,489,224,14.5,490,47.1,52.7,11,19.6,40.6,640000,4.1,1.6,33.5,60,0,0,0.8,Clinton,"          $26,753,308.25",1905.9,"              $14,037.10","          $33,159,290.18",2234,"              $14,843.01",2020
Codman Academy Charter Public (District) - Codman Academy Charter Public School,4380505,24,431,469,127,16.9,343,51.9,48.1,10.5,27.1,70.6,4380000,77.6,0,21,0.3,0.3,0,0.9,Codman Academy Charter Public (District),"           $8,893,398.87",339.9,"              $26,163.98","           $8,893,398.87",339.9,"              $26,163.98",2020
Cohasset - Cohasset High School,650505,97,594,584,313,15,442,49.3,50.5,0,8.1,7.2,650000,2,2.9,2,91.2,0.5,0,1.4,Cohasset,"          $26,164,180.63",1505.9,"              $17,374.45","          $28,320,552.62",1540.3,"              $18,386.39",2020
Community Charter School of Cambridge (District) - Community Charter School of Cambridge,4360305,16,539,546,84,21.1,306,57.2,42.8,5.9,16.3,45.8,4360000,70.9,4.3,15,4.9,0.3,0,4.6,Community Charter School of Cambridge (District),"           $7,727,559.00",318.9,"              $24,228.88","           $7,727,559.00",318.9,"              $24,228.88",2020
Concord-Carlisle - Concord Carlisle High,6400505,132,633,647,536,19.5,1316,50.8,48.7,0.3,15.9,8.1,6400000,4.6,7.8,5,76.6,0.2,0,5.9,Concord-Carlisle,"          $27,277,954.88",1281.2,"              $21,290.94","          $30,853,560.88",1322.2,"              $23,335.02",2020
Danvers - Danvers High,710505,108,556,550,473,15.1,872,49.5,50.3,0.7,17.8,20.2,710000,2.3,2.6,9.1,82.9,0,0,3.1,Danvers,"          $58,874,210.60",3412.7,"              $17,251.50","          $65,049,747.60",3538.2,"              $18,384.98",2020
Dartmouth - Dartmouth High,720505,145,558,554,520,16.8,1053,50.6,49.4,0.6,13.8,22,720000,2.9,0.1,5.1,84.1,0,0,7.8,Dartmouth,"          $50,037,306.75",3591.4,"              $13,932.54","          $54,281,323.91",3676.1,"              $14,766.01",2020
Dedham - Dedham High,730505,111,536,549,356,15.1,693,47.2,52.5,2.9,19.1,26.3,730000,8.8,2.9,15.9,69.8,0,0,2.6,Dedham,"          $54,787,486.10",2745.3,"              $19,956.83","          $60,482,761.75",2843.7,"              $21,269.04",2020
Dennis-Yarmouth - Dennis-Yarmouth Regional High,6450505,103,531,511,600,11,870,49.4,50.3,6.8,17.7,42.3,6450000,10.3,2.8,15.3,64.1,2.2,0,5.3,Dennis-Yarmouth,"          $53,582,024.00",2898.5,"              $18,486.12","          $63,460,633.77",3515.9,"              $18,049.61",2020
Dighton-Rehoboth - Dighton-Rehoboth Regional High School,6500505,79,556,540,337,17.6,741,47,53,0,12.8,18,6500000,1.4,0.8,3.9,91.2,0.1,0,2.6,Dighton-Rehoboth,"          $40,295,408.09",2857.6,"              $14,101.14","          $43,236,973.04",2938.3,"              $14,714.96",2020
Douglas - Douglas High School,770505,31,555,517,190,12.3,350,46.6,53.4,0,17.4,19.4,770000,1.1,1.4,5.1,90,0,0.6,1.7,Douglas,"          $18,547,675.63",1284.6,"              $14,438.48","          $21,512,112.07",1370.1,"              $15,701.13",2020
Dover-Sherborn - Dover-Sherborn Regional High,6550505,90,634,651,362,15.5,668,50.2,49.7,0.3,13.5,3.7,6550000,2.5,10,4.6,77.5,0.5,0,4.8,Dover-Sherborn,"          $24,762,314.38",1204.7,"              $20,554.76","          $26,075,007.38",1252,"              $20,826.68",2020
Dracut - Dracut Senior High,790505,79,540,545,394,15.2,767,47.5,52.3,2,13.4,23,790000,8.9,7.6,8.6,72,0.8,0,2.2,Dracut,"          $42,222,638.17",3709.6,"              $11,381.99","          $49,830,013.46",4079,"              $12,216.23",2020
Dudley-Charlton Reg - Shepherd Hill Regional High,6580505,117,546,547,377,15,944,52,48,1,10.7,21.4,6580000,1.5,1.4,9.4,85.6,0,0,2.1,Dudley-Charlton Reg,"          $49,663,222.83",3716.8,"              $13,361.82","          $53,361,123.68",3829.2,"              $13,935.32",2020
Duxbury - Duxbury High,820505,229,586,578,480,17.4,958,47.5,52.4,0.3,14.3,7.8,820000,0.4,1.9,2,92,0.1,0,3.7,Duxbury,"          $47,335,618.65",2969.9,"              $15,938.46","          $50,530,581.65",3032.5,"              $16,663.01",2020
East Bridgewater - East Bridgewater JR./SR. High School,830505,86,533,514,516,19.3,979,45.2,54.9,0.9,17.6,21.7,830000,4.3,0.7,2.6,89.3,0.4,0.1,2.7,East Bridgewater,"          $28,260,456.00",2216,"              $12,752.91","          $31,033,614.00",2309.3,"              $13,438.54",2020
East Longmeadow - East Longmeadow High,870505,87,561,560,314,18.9,809,47.8,52,0.9,16.7,19.9,870000,3,6.2,7.3,82,0,0.1,1.5,East Longmeadow,"          $40,563,614.50",2595.1,"              $15,630.85","          $44,383,945.50",2686.4,"              $16,521.72",2020
Easthampton - Easthampton High,860505,46,552,528,189,15.2,416,51.2,47.8,1.4,17.1,30.8,860000,2.2,3.6,11.1,80.3,0,0.2,2.6,Easthampton,"          $21,591,067.42",1542.5,"              $13,997.45","          $27,479,011.28",1868.7,"              $14,704.88",2020
Easton - Oliver Ames High,880505,150,562,552,489,18.4,1130,50.3,49.7,1.2,19,16.5,880000,7.2,3.6,5.8,79.6,0.3,0,3.6,Easton,"          $49,938,548.62",3594.9,"              $13,891.50","          $54,571,050.59",3687.7,"              $14,798.13",2020
Edward M. Kennedy Academy for Health Careers (Horace Mann Charter) (District) - Edward M. Kennedy Academy for Health Careers (Horace Mann Charter School),4520505,56,439,430,212,19.9,401,66.3,33.7,12.2,20.2,72.1,4520000,37.7,1.3,55.6,2.7,0.3,0,2.5,Edward M. Kennedy Academy for Health Careers (Horace Mann Charter) (District),"           $9,566,427.00",377.8,"              $25,320.73","           $9,566,427.00",377.8,"              $25,320.73",2020
Essex North Shore Agricultural and Technical School District - Essex North Shore Agricultural and Technical School,8170505,166,533,509,1150,16.9,1566,58,41.7,0.3,16.7,19.2,8170000,1.6,1.7,13.2,79.3,0.3,0.1,3.9,Essex North Shore Agricultural and Technical School District,"          $29,162,560.66",1483.5,"              $19,657.94","          $29,615,028.66",1491,"              $19,862.53",2020
Everett - Everett High,930505,194,506,493,913,19.1,2036,49.4,50.5,20.3,13.5,59,930000,18.4,5.3,54.9,19.2,0.5,0.1,1.7,Everett,"         $104,873,528.00",7143.3,"              $14,681.38","         $123,763,644.00",7932.1,"              $15,602.88",2020
Excel Academy Charter (District) - Excel Academy Charter School,4100205,169,480,503,366,24.3,1398,49.7,50.3,8.7,19.8,54.8,4100000,6,0.9,79.5,11.8,0.7,0.4,0.6,Excel Academy Charter (District),"          $24,936,594.93",1355.2,"              $18,401.22","          $24,936,594.93",1355.2,"              $18,401.22",2020
Fairhaven - Fairhaven High,940505,82,540,562,430,6.9,602,50.3,49.7,0.3,10.6,22.3,940000,1.7,2.7,4.5,88.2,0.7,0,2.3,Fairhaven,"          $25,683,043.64",2040,"              $12,589.73","          $28,019,320.08",2103.5,"              $13,320.33",2020
Fall River - B M C Durfee High,950505,69,543,526,849,15.9,2143,49,51,16.8,15.8,68.7,950000,9.9,5.4,28,50.9,0.1,0,5.6,Fall River,"         $163,339,073.50",10371.6,"              $15,748.69","         $198,022,592.04",12440.8,"              $15,917.19",2020
Falmouth - Falmouth High,960505,116,565,554,629,12.9,811,49,50.2,2.6,14.3,26.5,960000,5.7,1.7,5.9,81,0.5,0,5.2,Falmouth,"          $61,745,747.44",3246.2,"              $19,020.93","          $67,903,584.44",3475.1,"              $19,540.04",2020
Fitchburg - Fitchburg High,970505,221,466,460,529,18.2,1259,48.6,51.4,10.8,19.1,62,970000,7.6,5.5,53.9,25.4,0,0,7.6,Fitchburg,"          $77,838,773.23",5315.3,"              $14,644.29","          $93,946,709.23",6054.8,"              $15,516.07",2020
Four Rivers Charter Public (District) - Four Rivers Charter Public School,4130505,15,625,593,187,17.2,215,56.7,42.3,0,14,28.4,4130000,0.9,1.4,7.4,83.3,0.5,0,6.5,Four Rivers Charter Public (District),"           $4,061,988.00",216,"              $18,808.98","           $4,061,988.00",216,"              $18,808.98",2020
Foxborough - Foxborough High,990505,147,566,579,495,13.5,765,48.4,51.5,1.2,15.2,18.8,990000,7.2,3.4,6.3,80.7,0.4,0,2.1,Foxborough,"          $46,153,471.57",2552.2,"              $18,083.80","          $51,732,040.52",2704.8,"              $19,126.01",2020
Foxborough Regional Charter (District) - Foxborough Regional Charter School,4460550,56,569,543,687,20.2,1687,51.7,48.3,7.4,9.9,30.8,4460000,51.7,9.7,6.1,27.2,0.1,0.2,5,Foxborough Regional Charter (District),"          $24,172,722.74",1642.7,"              $14,715.24","          $24,172,722.74",1642.7,"              $14,715.24",2020
Framingham - Framingham High School,1000515,219,564,589,2050,9.3,2429,49.3,50.6,16.8,18.4,42,1000000,7,4.7,33.1,51.3,0,0.1,3.7,Framingham,"         $168,864,615.00",9202.1,"              $18,350.66","         $194,503,804.00",9920.3,"              $19,606.65",2020
Francis W. Parker Charter Essential (District) - Francis W. Parker Charter Essential School,4780505,25,619,572,252,16.6,391,55,44.5,0,15.4,9,4780000,1.8,2.6,4.1,87.2,0,0,4.4,Francis W. Parker Charter Essential (District),"           $7,335,367.65",396.5,"              $18,501.23","           $7,335,367.65",396.5,"              $18,501.23",2020
Franklin - Franklin High,1010505,289,576,572,871,17.4,1741,50.4,49.3,0.6,10.7,7.9,1010000,1.7,7.2,3.9,84.7,0.2,0.2,2.2,Franklin,"          $74,690,506.62",5081.8,"              $14,697.65","          $88,303,921.50",5571.1,"              $15,850.36",2020
Freetown-Lakeville - Apponequet Regional High,6650505,61,555,575,367,14.4,716,50.8,49.2,0.1,16.1,15.6,6650000,1.5,0.6,2.1,94.1,0.1,0.1,1.4,Freetown-Lakeville,"          $36,765,837.00",2829.1,"              $12,995.59","          $40,050,857.00",2926.3,"              $13,686.52",2020
Frontier - Frontier Regional,6700505,52,567,570,529,12,649,46.7,53.3,0.6,15.9,21.4,6700000,2.5,2.9,6.6,83.8,0,0.2,4,Frontier,"          $11,318,869.92",654.5,"              $17,293.92","          $13,497,052.99",751,"              $17,972.11",2020
Gardner - Gardner High,1030505,106,491,470,321,15.5,710,46.9,53,3.5,19.3,51.7,1030000,3.4,2.5,22.7,63.2,0.1,0,8,Gardner,"          $32,923,711.93",2332.7,"              $14,113.99","          $36,106,498.82",2626,"              $13,749.62",2020
Gateway - Gateway Regional High,6720505,19,539,523,225,7.9,196,48,52,2.6,20.9,31.1,6720000,0.5,0.5,6.1,90.3,0.5,0,2,Gateway,"          $15,550,968.89",827.9,"              $18,783.63","          $16,657,248.89",937.4,"              $17,769.63",2020
Georgetown - Georgetown High School,1050505,71,580,570,297,11.7,339,49.9,49.9,0,16.5,11.2,1050000,1.2,1.2,3,94.1,0,0,0.6,Georgetown,"          $19,905,464.24",1328.2,"              $14,986.80","          $21,872,939.68",1383.3,"              $15,812.14",2020
Gloucester - Gloucester High,1070505,82,544,553,426,12.1,705,43.1,56.6,7,27.7,34.5,1070000,1.4,0.6,11.8,81.6,0.4,0.9,3.4,Gloucester,"          $51,159,371.92",2875.1,"              $17,793.95","          $57,451,422.83",3219.8,"              $17,843.17",2020
Grafton - Grafton High School,1100505,106,570,574,461,15.1,876,51.5,48.4,1.4,14.2,14.6,1100000,2.6,9.6,4.7,79.9,0.2,0.1,2.9,Grafton,"          $41,977,675.49",3215.1,"              $13,056.41","          $44,916,138.46",3310.6,"              $13,567.37",2020
Granby - Granby Jr Sr High School,1110505,12,528,543,265,12.4,326,40.2,59.2,3.1,16.6,27.3,1110000,0.3,1.5,8,86.8,0,0,3.4,Granby,"          $11,053,134.43",759.5,"              $14,553.17","          $12,048,438.43",851,"              $14,157.98",2020
Greater Fall River Regional Vocational Technical - Diman Regional Vocational Technical High,8210605,87,509,498,860,16,1439,44.7,55,1.7,10.2,41.1,8210000,3.3,2.2,12.2,75.5,0.7,0,6.1,Greater Fall River Regional Vocational Technical,"          $28,305,563.00",1466.5,"              $19,301.44","          $28,396,203.00",1484.5,"              $19,128.46",2020
Greater Lawrence Regional Vocational Technical - Gr Lawrence Regional Vocational Technical,8230605,88,461,471,1787,13.7,1629,50.3,49.7,9.6,14.9,60,8230000,1.2,1.2,82,15.4,0.1,0.1,0.1,Greater Lawrence Regional Vocational Technical,"          $36,468,147.13",1585.6,"              $22,999.59","          $36,550,706.40",1593.5,"              $22,937.37",2020
Greater Lowell Regional Vocational Technical - Gr Lowell Regional Vocational Technical,8280605,80,493,483,1444,17.9,2286,48.8,50.7,9.8,16.9,50,8280000,5.2,17.2,36,38.4,0.2,0,3.1,Greater Lowell Regional Vocational Technical,"          $47,941,532.00",2296.7,"              $20,874.09","          $48,146,037.00",2332.4,"              $20,642.27",2020
Greater New Bedford Regional Vocational Technical - Gr New Bedford Vocational Technical,8250605,178,507,494,1986,15.1,2106,47.7,52.3,4.2,10.3,42.2,8250000,8,1.1,25.4,59.3,0.4,0.1,5.8,Greater New Bedford Regional Vocational Technical,"          $45,632,738.33",2111.6,"              $21,610.50","          $45,663,080.33",2117.5,"              $21,564.62",2020
Greenfield - Greenfield High,1140505,33,541,557,315,15.1,487,46.8,53.2,4.7,17.7,49.5,1140000,3.5,2.3,19.1,67.2,0.6,0,7.4,Greenfield,"          $29,266,992.00",1737.2,"              $16,847.22","          $36,378,451.00",2173.1,"              $16,740.35",2020
Greenfield Commonwealth Virtual District - Greenfield Commonwealth Virtual School,39010900,11,491,485,340,18.6,1002,53.9,45.2,2.3,22.1,50,39010000,7.4,4.5,20.9,59.8,0.1,0.3,7.1,Greenfield Commonwealth Virtual District,"           $7,617,579.00",719,"              $10,595.13","           $7,617,579.00",719,"              $10,595.13",2020
Groton-Dunstable - Groton Dunstable Regional,6730505,114,596,623,384,16.3,724,48.1,51.4,0.3,11.6,6.5,6730000,0.6,7.9,2.4,87,0.3,0.3,1.7,Groton-Dunstable,"          $38,274,794.00",2360.9,"              $16,211.95","          $42,080,220.00",2472.4,"              $17,019.99",2020
Hadley - Hopkins Academy,1170505,18,584,595,134,15.1,252,46,53.6,2.8,11.5,21.4,1170000,3.6,5.2,7.9,76.6,0.4,3.6,2.8,Hadley,"           $8,916,874.75",535.7,"              $16,645.28","          $10,923,120.58",663.9,"              $16,452.96",2020
Hamilton-Wenham - Hamilton-Wenham Regional High,6750505,98,594,591,647,7.1,523,53.5,46.5,0.6,12.8,7.8,6750000,0.8,4.6,5.2,86.4,0,0,3.1,Hamilton-Wenham,"          $30,939,961.13",1829,"              $16,916.33","          $35,421,785.00",1891.7,"              $18,724.84",2020
Hampden Charter School of Science East (District) - Hampden Charter School of Science East,4990305,16,590,607,252,19,536,50.6,49.3,5.8,14,52.2,4990000,30.8,2.2,36.9,26.1,0.6,0,3.4,Hampden Charter School of Science East (District),"           $7,868,648.16",525.1,"              $14,986.19","           $7,868,648.16",525.1,"              $14,986.19",2020
Hampden-Wilbraham - Minnechaug Regional High,6800505,86,549,558,522,16.4,1019,52,48,0.1,13.6,17.6,6800000,3.1,3.2,7.8,81.8,0.5,0,3.5,Hampden-Wilbraham,"          $47,440,147.85",3014.6,"              $15,736.80","          $49,879,189.85",3081.8,"              $16,185.08",2020
Hampshire - Hampshire Regional High,6830505,45,587,576,576,11.2,684,56.3,43.4,1.9,21.6,17.8,6830000,0.3,1.3,4.1,91.2,0.2,0,2.9,Hampshire,"          $13,428,962.94",733.3,"              $18,313.05","          $15,231,756.94",826.2,"              $18,435.92",2020
Hanover - Hanover High,1220505,150,568,561,330,14.7,725,46.2,53.8,0,16.8,9.5,1220000,1.1,2.9,1.2,94.6,0,0,0.1,Hanover,"          $38,127,385.15",2662.4,"              $14,320.68","          $40,832,752.22",2738.2,"              $14,912.26",2020
Harvard - Bromfield,1250505,49,628,626,332,13.9,593,51.8,48.1,0,10.1,7.1,1250000,2,12.1,4.4,77.2,0,0,4.2,Harvard,"          $19,837,038.16",1051.6,"              $18,863.67","          $22,154,992.03",1097,"              $20,195.98",2020
Hatfield - Smith Academy,1270505,16,616,582,143,9.9,179,46.4,52.5,0,26.3,10.6,1270000,0.6,1.1,3.4,92.7,0,0,2.2,Hatfield,"           $6,228,025.78",432.5,"              $14,400.06","           $7,082,139.00",514.1,"              $13,775.80",2020
Haverhill - Haverhill High,1280505,168,543,540,857,17.3,1884,47.8,52.2,7.8,21,47.4,1280000,5.3,1.5,36.4,55,0.2,0.2,1.3,Haverhill,"         $114,375,166.73",8123,"              $14,080.41","         $128,697,152.17",8793.2,"              $14,635.99",2020
Hingham - Hingham High,1310505,170,597,583,1088,7.9,1282,48.7,51.2,0.3,8.7,7.4,1310000,1.6,2.9,3.4,89.2,0,0,2.9,Hingham,"          $60,647,648.00",4254.4,"              $14,255.28","          $66,240,655.00",4331.2,"              $15,293.83",2020
Holbrook - Holbrook Middle High School,1330505,34,513,499,340,14.7,598,49.2,50.5,4.9,17.1,38.5,1330000,23.6,6.4,14.1,48.2,0.3,0,7.5,Holbrook,"          $17,924,832.07",1305.6,"              $13,729.19","          $21,894,518.35",1400.8,"              $15,630.01",2020
Holliston - Holliston High,1360505,120,585,589,508,15.3,816,49.6,50.4,0.9,15.1,8.1,1360000,1.1,8.6,5.6,82.2,0.6,0,1.8,Holliston,"          $40,384,195.77",2919.7,"              $13,831.63","          $45,368,085.70",3014.6,"              $15,049.45",2020
Holyoke - Holyoke High,1370505,73,490,464,978,16.4,1443,47.5,52.3,20.3,25.2,74.2,1370000,3.2,0.3,79.1,16.2,0.2,0.1,1,Holyoke,"          $94,655,533.91",5338,"              $17,732.40","         $120,169,560.57",6699.1,"              $17,938.16",2020
Hoosac Valley Regional - Hoosac Valley High School,6030505,21,495,504,184,9.2,285,49.8,50.2,0.4,20.4,47.7,6030000,3.9,0.4,1.8,92.3,0.7,0,1.1,Hoosac Valley Regional,"          $18,226,863.14",1112.6,"              $16,382.22","          $20,688,745.91",1337.1,"              $15,472.85",2020
Hopedale - Hopedale Jr Sr High,1380505,62,574,556,399,10.9,484,47.1,52.7,2.5,14.1,18.4,1380000,1.5,2.7,9.3,83.7,0.4,0.4,2.1,Hopedale,"          $17,079,976.12",1092.9,"              $15,628.12","          $18,970,288.54",1174.7,"              $16,149.05",2020
Hopkinton - Hopkinton High,1390505,116,596,624,952,17.1,1202,51.3,48.7,1.3,13.3,6.9,1390000,1.3,15.6,3.4,76.5,0.4,0,2.8,Hopkinton,"          $55,558,742.02",3872.7,"              $14,346.26","          $58,501,853.19",3948.1,"              $14,817.72",2020
Hudson - Hudson High,1410505,97,546,545,498,14.4,870,52.9,46.9,7.6,16.6,29.1,1410000,2.3,1.4,12.9,80.5,0.2,0.1,2.6,Hudson,"          $44,205,614.28",2609.9,"              $16,937.67","          $50,601,612.10",2813.6,"              $17,984.65",2020
Hull - Hull High,1420505,41,550,564,253,9,261,43.3,56.7,1.2,19.5,32.6,1420000,1.5,1.5,4.2,90.8,0,0,1.9,Hull,"          $18,821,282.29",854.7,"              $22,020.92","          $21,524,466.29",918.7,"              $23,429.27",2020
Innovation Academy Charter (District) - Innovation Academy Charter School,4350305,43,549,529,658,12.4,787,52.2,47.3,2.4,21.5,18.7,4350000,8.3,8.5,11.2,67.1,0.1,0,4.8,Innovation Academy Charter (District),"          $12,758,632.00",794.9,"              $16,050.61","          $12,758,632.00",794.9,"              $16,050.61",2020
Ipswich - Ipswich High,1440505,72,586,573,390,12.2,533,51.2,48.4,0.9,12.2,14.1,1440000,1.3,1.5,5.4,87.4,0.2,0,4.1,Ipswich,"          $30,028,715.29",1679.6,"              $17,878.49","          $32,498,022.29",1740.3,"              $18,673.80",2020
KIPP Academy Lynn Charter (District) - KIPP Academy Lynn Charter School,4290010,26,492,514,483,24.3,1611,50.3,49.7,12.2,11.4,57.9,4290000,18.3,3.3,69.9,5.7,0.2,0.1,2.6,KIPP Academy Lynn Charter (District),"          $28,788,516.60",1595,"              $18,049.45","          $28,788,516.60",1595,"              $18,049.45",2020
King Philip - King Philip Regional High,6900505,270,579,565,451,18.5,1197,49.6,50.4,0.3,12.5,9.4,6900000,2.5,2.7,3.8,89.3,0.2,0,1.6,King Philip,"          $30,943,195.54",1978.6,"              $15,638.93","          $38,167,895.30",2062.6,"              $18,504.75",2020
Lawrence - Lawrence High School,1490515,237,469,477,1759,16.8,3065,48.5,51.3,35.2,15,75.8,1490000,1.3,1.8,93.8,2.8,0.1,0,0.2,Lawrence,"         $208,626,029.99",13586.7,"              $15,355.17","         $251,881,053.24",15744.1,"              $15,998.44",2020
Lee - Lee Middle/High School,1500505,24,541,540,458,5.5,334,51.5,48.2,2.7,14.1,37.1,1500000,0.9,3.3,8.4,83.8,0.3,0,3.3,Lee,"          $13,334,526.54",711.5,"              $18,741.43","          $14,427,343.23",825.4,"              $17,479.21",2020
Leicester - Leicester High,1510505,44,551,519,252,13.6,392,48.2,51.8,3.6,14.3,22.5,1510000,4.6,3.6,11.2,77,0.3,0,3.3,Leicester,"          $20,145,931.78",1488.3,"              $13,536.20","          $23,987,213.38",1655.2,"              $14,492.03",2020
Lenox - Lenox Memorial High,1520505,23,605,601,363,11.4,436,51.4,48.6,2.1,7.8,20.4,1520000,0.5,5.1,9.9,81.9,0,0,2.8,Lenox,"          $15,116,329.88",781.1,"              $19,352.62","          $15,758,827.88",821.1,"              $19,192.34",2020
Leominster - Center For Technical Education Innovation,1530605,41,525,532,109,14.2,754,36.9,63.1,6.2,26.5,46.6,1530000,7.3,2.9,40.2,46.8,0,0.1,2.7,Leominster,"          $83,299,058.00",6061.1,"              $13,743.22","          $94,308,326.00",6501.5,"              $14,505.63",2020
Leominster - Leominster High School,1530505,160,528,536,489,16.9,1783,48.9,50.9,7.2,19.5,43.5,1530000,8.7,3.9,36.5,47.9,0.1,0,3,Leominster,"          $83,299,058.00",6061.1,"              $13,743.22","          $94,308,326.00",6501.5,"              $14,505.63",2020
Lexington - Lexington High,1550505,339,645,684,1112,18.5,2264,50.7,49.2,2.8,13.2,7,1550000,3.8,41.2,4.4,44.1,0.1,0,6.3,Lexington,"         $132,530,353.00",7212,"              $18,376.37","         $143,966,810.00",7337.7,"              $19,620.15",2020
Lincoln-Sudbury - Lincoln-Sudbury Regional High,6950505,221,615,628,1138,17.8,1522,50.3,49.6,0.8,18.8,7.3,6950000,5.3,4.3,5.3,77.3,0.1,0.1,7.7,Lincoln-Sudbury,"          $30,084,710.45",1509.7,"              $19,927.61","          $34,882,541.28",1568.2,"              $22,243.68",2020
Littleton - Littleton High School,1580505,49,626,620,225,13.9,436,54.1,45.6,0.5,11.5,8.9,1580000,1.2,9.2,3,82.1,0.5,0,4.1,Littleton,"          $24,769,014.00",1667.2,"              $14,856.65","          $29,653,389.00",1782.6,"              $16,634.91",2020
Longmeadow - Longmeadow High,1590505,123,582,590,387,17.9,893,49.7,50.3,0.3,17.5,8.9,1590000,2.8,10,5.6,78.5,0.1,0,3,Longmeadow,"          $42,776,359.65",2862.6,"              $14,943.18","          $45,169,756.42",2908.1,"              $15,532.39",2020
Lowell - Lowell High,1600505,313,522,533,2041,19.7,3059,48.6,51.5,20,13.5,59.6,1600000,11.2,30.1,31.1,24.1,0,0,3.5,Lowell,"         $217,291,797.22",14458.8,"              $15,028.34","         $254,502,712.13",16705.3,"              $15,234.85",2020
Ludlow - Ludlow Senior High,1610505,66,547,561,361,13.8,835,50.9,48.9,1.7,12.2,25.8,1610000,2,0.8,7.3,86.5,0,0.2,3.1,Ludlow,"          $43,130,241.52",2539.3,"              $16,985.09","          $46,699,614.83",2667.8,"              $17,504.92",2020
Lunenburg - Lunenburg High,1620505,61,562,570,230,13.4,458,46.1,53.3,0.4,10.9,17.3,1620000,1.5,1.5,8.7,84.9,0.9,0.7,1.8,Lunenburg,"          $22,202,697.44",1651.3,"              $13,445.59","          $24,459,626.40",1772.8,"              $13,797.17",2020
Lynn - Classical High,1630505,143,511,514,607,16.6,1374,48.2,51.8,20.8,14.3,61,1630000,7.9,9.1,61.4,18.1,0.5,0,3.1,Lynn,"         $230,716,489.00",15997.7,"              $14,421.85","         $271,287,693.50",18193.8,"              $14,911.00",2020
Lynn - Lynn English High,1630510,136,510,503,685,18.3,1668,47.8,51.7,25.8,11.3,61.2,1630000,9.8,8.5,68.2,10.5,0.4,0,2.6,Lynn,"         $230,716,489.00",15997.7,"              $14,421.85","         $271,287,693.50",18193.8,"              $14,911.00",2020
Lynn - Lynn Vocational Technical Institute,1630605,58,473,463,813,16.9,1306,46.5,53.4,11.3,19.8,61.2,1630000,6.4,5.9,70.6,14.2,0.3,0,2.6,Lynn,"         $230,716,489.00",15997.7,"              $14,421.85","         $271,287,693.50",18193.8,"              $14,911.00",2020
Lynnfield - Lynnfield High,1640505,87,563,566,277,14.9,603,52.4,47.4,1,18.4,10.6,1640000,1.5,5,5.3,86.7,0,0,1.5,Lynnfield,"          $35,067,110.00",2211.5,"              $15,856.71","          $37,127,471.00",2241.3,"              $16,565.15",2020
MATCH Charter Public School (District) - MATCH Charter Public School,4690505,33,470,521,357,19.9,1220,51.6,48.4,18.3,23,69.8,4690000,48,0.5,46.8,1.5,0.4,0.3,2.5,MATCH Charter Public School (District),"          $27,673,158.00",1216.3,"              $22,752.85","          $27,673,158.00",1216.3,"              $22,752.85",2020
Ma Academy for Math and Science - Ma Academy for Math and Science School,4680505,24,699,770,32,11,44,52.3,47.7,0,0,2.3,4680000,0,63.6,0,31.8,0,0,4.6,,,,,,,,2020
Malden - Malden High,1650505,251,511,549,708,16.3,1732,48.7,51.2,13.3,15.7,53.2,1650000,20.8,23.4,28.6,24.3,0.3,0,2.5,Malden,"          $94,659,844.44",6433.8,"              $14,712.90","         $115,382,443.85",7401.2,"              $15,589.69",2020
Manchester Essex Regional - Manchester Essex Regional High School,6980510,70,613,601,296,12.4,468,47.4,52.4,0,12.2,12.8,6980000,0,1.7,1.1,96.6,0,0,0.6,Manchester Essex Regional,"          $25,244,019.66",1371.2,"              $18,410.17","          $27,047,349.84",1408.7,"              $19,200.22",2020
Mansfield - Mansfield High,1670505,165,581,590,699,14.1,1188,50.1,49.8,0.5,14.1,14.6,1670000,4.2,6.9,4.7,80.3,0,0,3.9,Mansfield,"          $61,455,833.77",3672.5,"              $16,734.06","          $67,442,825.39",3804.7,"              $17,726.19",2020
Marblehead - Marblehead High,1680505,173,593,592,752,11,944,51.1,48.5,2.8,19.7,11.8,1680000,3.7,1.7,6.4,85.6,0.1,0.1,2.4,Marblehead,"          $49,768,715.32",2969.3,"              $16,761.09","          $55,787,478.59",3139.5,"              $17,769.54",2020
Marlborough - Marlborough High,1700505,151,522,518,515,11.9,1042,46.3,53.7,19.3,16,46.4,1700000,3.9,0.8,56.9,35.2,0,0,3.2,Marlborough,"          $79,585,000.99",4792,"              $16,607.89","          $94,688,521.20",5525.8,"              $17,135.71",2020
Marshfield - Marshfield High,1710505,197,562,564,572,16.4,1221,48.7,51.4,0.7,13.6,14.3,1710000,0.3,1.1,3.4,93.8,0,0.1,1.3,Marshfield,"          $58,291,122.53",3961.3,"              $14,715.15","          $63,529,389.28",4059.2,"              $15,650.72",2020
Martha's Vineyard - Martha's Vineyard Regional High,7000505,126,576,561,423,12.8,677,47,53,11.2,20.5,34.3,7000000,5.5,1.3,20.8,65.3,2.1,0.2,4.9,Martha's Vineyard,"          $20,609,941.03",670.6,"              $30,733.58","          $23,257,918.65",712.4,"              $32,647.27",2020
Masconomet - Masconomet Regional High School,7050505,149,584,596,608,14.7,1112,54.9,45.1,0.1,16.5,8.6,7050000,0.5,4.4,3.2,89.4,0.1,0.2,2.2,Masconomet,"          $32,605,830.33",1719.8,"              $18,959.08","          $36,275,518.51",1766.4,"              $20,536.41",2020
Mashpee - Mashpee High,1720505,108,541,529,290,12.9,445,48.1,51.7,0.7,14.2,30.1,1720000,5.6,2.7,3.6,76.2,6.1,0.2,5.6,Mashpee,"          $30,574,185.25",1579.9,"              $19,351.97","          $33,941,581.26",1754.9,"              $19,341.03",2020
Maynard - Maynard High,1740505,46,565,542,203,12.4,307,52.4,46.9,2.9,16,17.6,1740000,1.3,2.3,11.4,81.4,0.3,0,3.3,Maynard,"          $23,330,336.05",1263,"              $18,472.16","          $28,470,329.36",1433.4,"              $19,862.10",2020
Medfield - Medfield Senior High,1750505,118,605,616,388,16.7,764,49.7,50.3,0.3,10.6,5.8,1750000,0.9,4.8,2.2,88.1,0.3,0,3.7,Medfield,"          $41,844,419.13",2603.7,"              $16,071.14","          $44,347,560.74",2628.8,"              $16,869.89",2020
Medford - Medford High,1760505,136,548,543,653,13.4,1240,46.2,53.7,8.7,17.7,34.1,1760000,13.2,10,13.9,59.1,0,0.2,3.6,Medford,"          $85,807,565.00",4206.4,"              $20,399.29","          $97,019,284.00",4719.2,"              $20,558.42",2020
Medway - Medway High,1770505,111,568,575,323,16.7,634,52.1,47.6,0.6,13.3,10.7,1770000,1.9,4.3,4.9,87.2,0.5,0,1.3,Medway,"          $33,379,685.46",2178.8,"              $15,320.22","          $36,976,927.58",2274.9,"              $16,254.31",2020
Melrose - Melrose High,1780505,174,578,558,418,14.3,929,52.2,47.8,1.6,15.4,12.7,1780000,7.1,4.7,4.1,79.8,0,0,4.3,Melrose,"          $47,362,889.53",3994.4,"              $11,857.32","          $54,463,574.56",4300.3,"              $12,665.06",2020
Mendon-Upton - Nipmuc Regional High,7100510,94,571,557,379,13.7,632,52.4,47.6,0.6,12.7,9.3,7100000,1.1,2.1,4.9,89.2,0.3,0,2.4,Mendon-Upton,"          $35,085,292.00",2249.8,"              $15,594.85","          $39,475,297.09",2367.3,"              $16,675.24",2020
Methuen - Methuen High,1810505,194,517,520,1016,18.4,1938,48.5,51.5,7.8,11.4,39.5,1810000,2.4,4.3,42.8,46.2,0.1,0,4.3,Methuen,"          $89,877,081.16",6895.5,"              $13,034.16","         $106,761,138.16",7243.9,"              $14,738.07",2020
Middleborough - Middleborough High,1820505,71,572,553,581,10.8,834,48.8,51.2,1.1,13.4,26.1,1820000,2.5,1.7,4.2,87.4,1,0,3.2,Middleborough,"          $44,301,212.81",3032.1,"              $14,610.74","          $48,975,261.14",3198.4,"              $15,312.43",2020
Milford - Milford High,1850505,140,554,548,1183,7.9,1269,46.3,53.6,13.9,14.3,41.8,1850000,3.5,1.8,30.5,59.5,1.4,0,3.3,Milford,"          $64,874,670.11",4382.7,"              $14,802.44","          $72,657,471.05",4733.7,"              $15,348.98",2020
Millbury - Millbury Junior/Senior High,1860505,60,539,545,419,14.8,671,49.5,49.9,2.2,19.4,28.9,1860000,3.6,3,10.4,77.5,0,0,5.5,Millbury,"          $27,209,831.00",1692,"              $16,081.46","          $30,348,559.00",1784,"              $17,011.52",2020
Millis - Millis High School,1870505,57,555,533,169,13.4,335,46.9,52.8,0.6,13.1,14.9,1870000,1.5,3.9,8.7,82.7,0,0.3,3,Millis,"          $20,149,150.66",1190.8,"              $16,920.68","          $21,877,312.77",1252.6,"              $17,465.52",2020
Milton - Milton High,1890505,204,567,579,506,16.9,1125,49.7,50.2,1.4,17.9,14.9,1890000,17.5,6.1,5.7,67,0.1,0.2,3.4,Milton,"          $64,237,230.05",4439.1,"              $14,470.78","          $69,859,324.05",4504.6,"              $15,508.44",2020
Minuteman Regional Vocational Technical - Minuteman Regional High,8300605,25,546,529,499,12.8,627,38.4,60.8,0.8,33.7,19.1,8300000,3.7,3.8,7.7,79.4,0.3,0,5.1,Minuteman Regional Vocational Technical,"          $20,689,056.19",606.4,"              $34,117.84","          $20,735,951.19",609.4,"              $34,026.83",2020
Mohawk Trail - Mohawk Trail Regional School,7170505,20,536,528,319,7.4,288,50.4,49.7,0.7,30.6,35.4,7170000,0,0.4,4.2,92.7,0,0,2.8,Mohawk Trail,"          $19,241,698.00",842.4,"              $22,841.52","          $21,822,886.00",1029.3,"              $21,201.68",2020
Monomoy Regional School District - Monomoy Regional High School,7120515,68,573,558,457,13.7,679,49.2,50.7,4,15,28.4,7120000,6.3,1.2,9,79.8,0.3,0.3,3.1,Monomoy Regional School District,"          $36,293,821.89",1881.9,"              $19,285.73","          $40,066,656.55",2125.3,"              $18,852.24",2020
Monson - Monson High School,1910505,21,533,513,231,12.4,341,50.4,49.3,0.3,20.2,28.2,1910000,1.2,2.1,5,88.6,0,0.3,2.9,Monson,"          $15,751,809.00",921.7,"              $17,089.95","          $18,190,219.00",1028.3,"              $17,689.60",2020
Montachusett Regional Vocational Technical - Montachusett Regional Vocational Technical,8320605,100,535,522,638,17.8,1401,50.2,48.9,1,15.1,27.8,8320000,2.1,1.8,17.1,74.9,0,0,4.2,Montachusett Regional Vocational Technical,"          $30,091,614.84",1442.1,"              $20,866.52","          $30,359,806.84",1489.2,"              $20,386.66",2020
Mount Greylock - Mt Greylock Regional High,7150505,31,599,590,336,13.2,517,52.8,47,0.2,13.4,17,7150000,2.7,2.5,3.9,87.4,0,0,3.5,Mount Greylock,"          $20,498,529.90",1158.6,"              $17,692.50","          $21,471,821.93",1219.9,"              $17,601.30",2020
Mystic Valley Regional Charter (District) - Mystic Valley Regional Charter School,4700105,56,586,586,775,24,1609,52,48,1.9,12.2,24.1,4700000,18.2,25.1,9.9,41.8,0.3,0,4.8,Mystic Valley Regional Charter (District),"          $21,547,970.00",1588.3,"              $13,566.35","          $21,547,970.00",1588.3,"              $13,566.35",2020
Nantucket - Nantucket High,1970505,109,549,526,291,14.9,536,46.8,53.2,10.6,14.7,28.2,1970000,12.1,1.5,29.5,52.1,0.4,0,4.5,Nantucket,"          $39,351,615.00",1673.2,"              $23,518.78","          $40,149,714.00",1682.5,"              $23,863.13",2020
Narragansett - Narragansett Regional High,7200505,18,523,548,251,15,416,46.9,53.1,0.2,16.1,33.9,7200000,0.5,0,8.7,87.5,0,0.2,3.1,Narragansett,"          $19,685,018.00",1462.5,"              $13,459.84","          $22,236,369.00",1614.3,"              $13,774.62",2020
Nashoba - Nashoba Regional,7250505,114,594,608,498,14.3,915,49.4,50.3,1.3,13.4,8.6,7250000,1.4,4,3.8,88.7,0,0.1,1.9,Nashoba,"          $55,966,970.79",3182.6,"              $17,585.30","          $59,652,269.39",3322.4,"              $17,954.57",2020
Nashoba Valley Regional Vocational Technical - Nashoba Valley Technical High School,8520605,39,517,497,461,11.9,710,38.3,60.6,0.3,31.6,25.8,8520000,2.3,2,7.5,84.8,0.3,0.1,3.1,Nashoba Valley Regional Vocational Technical,"          $14,677,778.42",718.7,"              $20,422.68","          $14,693,528.42",721.6,"              $20,362.43",2020
Natick - Natick High,1980505,250,590,597,834,16,1653,49.1,50.6,1.5,17.4,10.9,1980000,3.2,7.4,6.4,77.2,0.1,0.1,5.7,Natick,"          $85,248,386.86",5510.2,"              $15,471.02","          $94,514,242.90",5644.4,"              $16,744.78",2020
Nauset - Nauset Regional High,6600505,115,585,561,531,13,824,54.5,44.9,2.2,11.7,22.1,6600000,6.1,2.6,4.5,84.5,0,0.1,2.3,Nauset,"          $30,556,050.00",1481.1,"              $20,630.65","          $34,482,232.00",1604.4,"              $21,492.29",2020
Needham - Needham High,1990505,208,608,619,737,16,1666,50.9,48.7,0.7,16.5,5.6,1990000,1.9,8.7,5.5,78.7,0.1,0.1,5,Needham,"         $104,056,199.89",5728.4,"              $18,164.97","         $111,833,201.23",5826.8,"              $19,192.90",2020
New Bedford - New Bedford High,2010505,154,495,477,1200,20.5,2826,48.1,51.9,27.4,19.9,71.9,2010000,15.2,0.9,43.2,35,0.4,0.2,5.1,New Bedford,"         $201,640,234.15",12945.7,"              $15,575.85","         $231,122,377.15",14568.1,"              $15,864.96",2020
Newburyport - Newburyport High,2040505,96,575,585,636,16.7,799,50.8,49.1,1.4,12.9,11.5,2040000,0.5,2.1,3.5,91.6,0,0,2.3,Newburyport,"          $39,015,003.39",2265.7,"              $17,219.85","          $44,640,645.39",2477.9,"              $18,015.52",2020
Newton - Newton North High,2070505,276,627,640,968,15.9,2080,48.3,51.4,2.7,15.3,13.6,2070000,5.5,15.4,11.2,60.8,0.1,0,7,Newton,"         $254,381,218.00",12806.3,"              $19,863.76","         $269,597,506.00",12970.4,"              $20,785.60",2020
Newton - Newton South High,2070510,275,617,645,1008,14.3,1859,47.6,52.3,1.8,17.9,8.9,2070000,4.2,23.1,6.7,59.8,0.1,0.1,6.2,Newton,"         $254,381,218.00",12806.3,"              $19,863.76","         $269,597,506.00",12970.4,"              $20,785.60",2020
Norfolk County Agricultural - Norfolk County Agricultural,9150705,34,533,505,445,16.7,586,71.3,28.3,0.2,22.2,16.2,9150000,1.2,1.2,1.4,91,0.3,0.3,4.6,Norfolk County Agricultural,"          $12,969,506.87",549.3,"              $23,610.97","          $12,969,506.87",549.3,"              $23,610.97",2020
North Adams - Drury High,2090505,38,533,493,276,13.2,538,55.4,44.6,0,21.8,63.2,2090000,3.2,0.6,4.8,82.7,0.6,0.6,7.6,North Adams,"          $25,545,810.48",1339,"              $19,078.28","          $28,939,033.71",1563.4,"              $18,510.32",2020
North Andover - North Andover High,2110505,219,572,575,1240,16.5,1376,48.1,51.9,0.9,12.9,17.2,2110000,3.3,7.1,11.6,76,0.1,0.1,1.9,North Andover,"          $65,640,604.37",4674,"              $14,043.78","          $71,668,072.51",4779.2,"              $14,995.83",2020
North Attleborough - North Attleboro High,2120505,164,571,567,805,12.6,1098,48.1,51.6,2,11.1,18.8,2120000,4.4,7.6,5.3,79.4,0.1,0.1,3.2,North Attleborough,"          $55,501,271.71",4189.4,"              $13,248.02","          $60,907,031.38",4399.1,"              $13,845.34",2020
North Brookfield - North Brookfield High,2150505,16,553,511,120,9.3,215,46.1,54,0,21.4,40,2150000,0.5,0,9.3,85.1,0,0,5.1,North Brookfield,"           $8,437,088.71",551.1,"              $15,309.54","          $10,012,487.82",688.8,"              $14,536.13",2020
North Middlesex - North Middlesex Regional,7350505,82,555,532,431,17.6,780,50,50,0.9,19.4,16.4,7350000,1.5,2.2,4.7,87.7,0.1,0.1,3.6,North Middlesex,"          $45,869,685.58",3078.4,"              $14,900.50","          $53,126,771.07",3286.9,"              $16,163.18",2020
North Reading - North Reading High,2170505,112,562,557,303,17.3,660,52.6,47.4,0.3,16.5,8.3,2170000,0.6,4.6,2.7,88.9,0,0.2,3,North Reading,"          $39,301,051.34",2407.7,"              $16,323.07","          $42,552,332.31",2448.5,"              $17,378.94",2020
Northampton - Northampton High,2100505,139,608,602,442,14.6,876,50.3,49.5,3,17.5,22.8,2100000,2.6,3.4,12.7,75.5,0.3,0,5.5,Northampton,"          $42,502,377.00",2741.8,"              $15,501.63","          $48,114,609.44",3020.4,"              $15,929.88",2020
Northampton-Smith Vocational Agricultural - Smith Vocational and Agricultural High,4060705,16,508,498,429,12.4,535,41.5,58.3,3.4,40.6,36.6,4060000,1.5,0.6,12.9,83.2,0,0.2,1.7,Northampton-Smith Vocational Agricultural,"          $11,175,203.88",497.1,"              $22,480.80","          $11,193,851.88",497.1,"              $22,518.31",2020
Northboro-Southboro - Algonquin Regional High,7300505,192,595,606,802,14.6,1357,51.5,48.5,1.3,14.4,10.1,7300000,1.6,12.3,6.6,74.5,0.4,0.4,4.2,Northboro-Southboro,"          $24,910,046.96",1391.5,"              $17,901.58","          $26,406,478.19",1418.1,"              $18,621.03",2020
Northbridge - Northbridge High,2140505,45,537,517,358,15.3,538,46.5,53.5,2,14.1,27,2140000,1.7,1.1,8.4,84.8,0,0.2,3.9,Northbridge,"          $29,762,521.70",2005.1,"              $14,843.41","          $34,326,867.85",2234.1,"              $15,364.96",2020
Northeast Metropolitan Regional Vocational Technical - Northeast Metro Regional Vocational,8530605,79,493,462,1502,11.5,1292,44.9,55,5,18.9,42.9,8530000,3.2,0.9,33.7,60.3,0.1,0.2,1.8,Northeast Metropolitan Regional Vocational Technical,"          $29,188,167.33",1263.8,"              $23,095.56","          $29,244,049.33",1263.8,"              $23,139.78",2020
Northern Berkshire Regional Vocational Technical - Charles McCann Vocational Technical,8510605,30,503,481,441,11.1,501,40.7,59.3,0,14.6,38.3,8510000,0.8,0.6,1.4,95.4,0,0,1.8,Northern Berkshire Regional Vocational Technical,"          $10,531,191.18",487.8,"              $21,589.16","          $10,575,913.18",491.8,"              $21,504.50",2020
Norton - Norton High,2180505,96,550,549,426,13.3,693,49.2,50.5,1.7,16.9,21.7,2180000,2.3,2.5,3.9,89.3,0.1,0.1,1.7,Norton,"          $36,382,844.35",2439,"              $14,917.12","          $41,612,567.31",2597.8,"              $16,018.39",2020
Norwell - Norwell High,2190505,126,602,585,358,12.2,639,52.1,47.9,0.2,14.1,4.9,2190000,0.5,2.5,2.5,92.3,0,0,2.2,Norwell,"          $34,765,976.03",2211.3,"              $15,721.96","          $37,977,083.83",2256.4,"              $16,830.83",2020
Norwood - Norwood High,2200505,102,546,567,1553,4.4,979,51.3,48.7,4.8,17.1,27.8,2200000,11.3,5.8,16.1,63.8,0,0.2,2.7,Norwood,"          $58,876,219.67",3527.1,"              $16,692.53","          $66,487,986.55",3668.6,"              $18,123.53",2020
Old Colony Regional Vocational Technical - Old Colony Regional Vocational Technical,8550605,44,529,522,248,16.6,553,36.9,62.9,0,22.4,19.5,8550000,0.5,0.9,2.2,93.7,0.2,0,2.5,Old Colony Regional Vocational Technical,"          $12,331,543.34",553.3,"              $22,287.26","          $12,357,617.34",555.7,"              $22,237.93",2020
Old Rochester - Old Rochester Regional High,7400505,151,572,580,688,7.9,715,48,52,0,11.3,14.4,7400000,2.7,1.4,2.2,89.5,0.1,0,4.1,Old Rochester,"          $20,242,670.14",1175.3,"              $17,223.41","          $20,381,586.14",1191.2,"              $17,110.13",2020
Oxford - Oxford High,2260505,38,523,506,299,15.8,559,50.5,49,0.2,17.2,38.3,2260000,2.5,2.2,13.8,77.1,0.2,0.4,3.9,Oxford,"          $22,476,349.40",1578,"              $14,243.57","          $25,581,372.62",1730.3,"              $14,784.36",2020
Palmer - Palmer High,2270505,28,546,515,313,14.8,609,47.6,52.2,3.3,16.3,50.6,2270000,2.6,2.8,11.8,77.3,0.2,0,5.3,Palmer,"          $20,805,544.96",1282.7,"              $16,220.12","          $23,715,956.38",1435.4,"              $16,522.19",2020
Pathfinder Regional Vocational Technical - Pathfinder Vocational Technical,8600605,16,460,453,548,11.3,602,37.4,62,0.2,27.4,37.7,8600000,0.7,0,4.2,92.2,0,0,3,Pathfinder Regional Vocational Technical,"          $15,086,226.95",621.8,"              $24,262.19","          $15,238,965.95",634.8,"              $24,005.93",2020
Paulo Freire Social Justice Charter School (District) - Paulo Freire Social Justice Charter School,35010505,14,491,450,184,15.1,250,58.4,41.6,6,23.6,82.4,35010000,10,0.4,86.8,2.4,0,0.4,0,Paulo Freire Social Justice Charter School (District),"           $5,063,534.52",279.6,"              $18,108.63","           $5,063,534.52",279.6,"              $18,108.63",2020
Peabody - Peabody Veterans Memorial High,2290510,165,518,526,729,16.4,1502,48,51.8,6.3,18.7,36.7,2290000,3.5,2.3,20.8,71.8,0.2,0,1.3,Peabody,"          $87,269,323.28",6000.3,"              $14,544.16","          $97,155,413.72",6222.2,"              $15,614.32",2020
Pembroke - Pembroke High School,2310505,113,553,558,342,16.8,807,49.7,50.2,0.4,13.4,13.3,2310000,0.6,1.4,1.5,95.4,0,0,1.1,Pembroke,"          $39,706,775.78",2717.8,"              $14,609.90","          $45,498,191.32",2903.2,"              $15,671.74",2020
Pentucket - Pentucket Regional Sr High,7450505,97,553,559,373,14.5,664,47.4,52.6,0,13.6,13,7450000,0.8,2.6,3.6,91.6,0,0,1.5,Pentucket,"          $36,204,111.00",2402.3,"              $15,070.60","          $40,937,199.00",2510.7,"              $16,305.09",2020
Pioneer Charter School of Science (District) - Pioneer Charter School of Science,4940205,31,559,604,344,19.2,801,52.2,47.8,17.7,9.1,45.1,4940000,24.6,6.4,28.8,36.2,1.5,0,2.5,Pioneer Charter School of Science (District),"          $11,421,434.67",790.1,"              $14,455.50","          $11,421,434.67",790.1,"              $14,455.50",2020
Pioneer Charter School of Science II (PCSS-II) (District) - Pioneer Charter School of Science II (PCSS-II),35060505,35,562,625,155,18.4,360,53.6,46.1,17.2,14.2,33.9,35060000,36.4,13.1,25.6,22.2,0.6,0,2.2,Pioneer Charter School of Science II (PCSS-II) (District),"           $5,377,469.24",357.5,"              $15,043.98","           $5,377,469.24",357.5,"              $15,043.98",2020
Pioneer Valley - Pioneer Valley Regional,7500505,11,605,573,286,11.1,276,50,50,0.4,15.9,25.4,7500000,1.1,1.5,1.5,91.7,0,0,4.4,Pioneer Valley,"          $13,762,906.38",674.4,"              $20,407.63","          $15,282,748.06",768.5,"              $19,886.46",2020
Pioneer Valley Performing Arts Charter Public (District) - Pioneer Valley Performing Arts Charter Public School,4790505,24,564,512,298,13.9,403,66.8,32.8,0,22.6,31.8,4790000,8.2,1,20.4,63,0,0.3,7.2,Pioneer Valley Performing Arts Charter Public (District),"           $7,189,709.38",396.9,"              $18,113.29","           $7,189,709.38",396.9,"              $18,113.29",2020
Pittsfield - Pittsfield High,2360505,66,552,535,413,13.1,682,48.7,51.3,4.7,22.9,45.5,2360000,10.7,2.5,14.4,66.9,0.2,0,5.4,Pittsfield,"          $93,671,757.00",5265.3,"              $17,790.39","         $104,711,228.00",6104.8,"              $17,152.28",2020
Pittsfield - Taconic High,2360510,58,530,513,442,11.5,805,50.3,49.6,2.9,25.1,51.4,2360000,13.5,1,12.6,64.1,0.1,0,8.7,Pittsfield,"          $93,671,757.00",5265.3,"              $17,790.39","         $104,711,228.00",6104.8,"              $17,152.28",2020
Plymouth - Plymouth North High,2390505,82,548,545,898,14.6,1193,46.9,53.1,3.5,17.9,26.1,2390000,2.3,1.8,6.8,84.2,0.2,0,4.9,Plymouth,"         $130,641,605.69",7398.4,"              $17,658.09","         $148,491,960.69",8080.9,"              $18,375.67",2020
Plymouth - Plymouth South High,2390515,94,545,542,935,13.8,1057,46.3,53.7,0.1,18.2,19.6,2390000,1,0.7,3.4,90.7,0.4,0,3.9,Plymouth,"         $130,641,605.69",7398.4,"              $17,658.09","         $148,491,960.69",8080.9,"              $18,375.67",2020
Prospect Hill Academy Charter (District) - Prospect Hill Academy Charter School,4870550,44,514,518,445,18.3,1105,49.7,50.3,14.3,15.9,52.6,4870000,57,7.2,21,10.8,0,0.2,3.9,Prospect Hill Academy Charter (District),"          $23,367,134.00",1098.4,"              $21,273.02","          $23,367,134.00",1098.4,"              $21,273.02",2020
Quabbin - Quabbin Regional High School,7530505,64,552,545,677,12,630,51.9,47.6,0.2,16.5,27.6,7530000,0.8,1.4,4.8,90.8,0.2,0,2.1,Quabbin,"          $34,119,366.52",2153.5,"              $15,843.68","          $38,532,219.70",2310.2,"              $16,679.17",2020
Quaboag Regional - Quaboag Regional High,7780505,21,558,523,198,12.7,363,47.7,52.1,0.3,13.2,32,7780000,0.8,0,6.6,89.3,0,0,3.3,Quaboag Regional,"          $18,727,195.97",1227.8,"              $15,252.64","          $20,664,142.40",1353.6,"              $15,266.06",2020
Quincy - North Quincy High,2430510,207,548,587,585,17.1,1362,47.2,52.7,8,15,34.7,2430000,3.7,52.9,4.1,35.5,0.3,0.2,3.2,Quincy,"         $151,963,292.54",9624.9,"              $15,788.56","         $171,310,179.55",9864.1,"              $17,367.04",2020
Quincy - Quincy High,2430505,194,536,537,1551,7.4,1476,50.2,49.7,8.3,18.8,44.4,2430000,10.7,23.5,12.6,48.9,0.3,0.3,3.7,Quincy,"         $151,963,292.54",9624.9,"              $15,788.56","         $171,310,179.55",9864.1,"              $17,367.04",2020
Ralph C Mahar - Ralph C Mahar Regional,7550505,17,530,532,548,15.3,622,49.2,50.6,0.5,22.2,47.9,7550000,1.8,1.6,7.9,84.6,0.2,0,4,Ralph C Mahar,"          $11,787,721.00",630.6,"              $18,692.87","          $14,295,401.35",732.6,"              $19,513.24",2020
Randolph - Randolph High,2440505,71,509,513,250,11.6,625,42.2,57.8,14.4,21.3,53.3,2440000,52.8,19.7,16.2,8.2,0,0,3.2,Randolph,"          $53,055,233.91",2768.4,"              $19,164.58","          $65,238,134.91",3391.5,"              $19,235.78",2020
Reading - Reading Memorial High,2460505,177,572,583,586,17.2,1227,48.7,51.1,0.6,16.2,9.9,2460000,2.8,5.5,2.6,86.8,0.2,0.1,2.1,Reading,"          $58,933,896.57",4137.2,"              $14,244.87","          $64,001,979.99",4196.9,"              $15,249.82",2020
Revere - Revere High,2480505,164,534,544,881,20.1,2003,49.4,50.6,16,11.6,54.7,2480000,4.1,5.5,58.7,29.5,0.7,0.1,1.6,Revere,"         $106,206,169.47",7509.8,"              $14,142.34","         $130,910,956.47",8172.5,"              $16,018.47",2020
Rising Tide Charter Public (District) - Rising Tide Charter Public School,4830305,27,578,549,303,20,668,49.6,50,1.2,21.4,16.6,4830000,0.9,1.4,3.9,85.8,1.1,0,7,Rising Tide Charter Public (District),"          $11,069,300.28",647.3,"              $17,101.25","          $11,069,300.28",647.3,"              $17,101.25",2020
Rockland - Rockland Senior High,2510505,73,531,530,321,12.9,625,48.6,51.4,6.2,19,41.1,2510000,6.6,1.3,17.4,70.2,0,0,4.5,Rockland,"          $35,730,504.10",2282.6,"              $15,653.42","          $40,376,643.10",2450.9,"              $16,474.21",2020
Rockport - Rockport High,2520510,45,571,550,171,12.4,259,43.6,56.4,1.2,21.6,19.3,2520000,1.5,1.2,4.6,88.4,0,0.4,3.9,Rockport,"          $16,555,303.00",845.2,"              $19,587.44","          $19,138,687.00",892.2,"              $21,451.12",2020
Roxbury Preparatory Charter (District) - Roxbury Preparatory Charter School,4840505,130,478,498,0,0,0,0,0,0,0,0,4840000,0,0,0,0,0,0,0,Roxbury Preparatory Charter (District),"          $30,033,935.33",1536.8,"              $19,542.66","          $30,033,935.33",1536.8,"              $19,542.66",2020
Sabis International Charter (District) - Sabis International Charter School,4410505,77,528,519,446,27,1565,50.8,49.2,10,15.9,47.9,4410000,28.4,3.7,45.2,17.2,0,0,5.4,Sabis International Charter (District),"          $21,874,016.11",1571,"              $13,923.27","          $21,874,016.11",1571,"              $13,923.27",2020
Salem - Salem High,2580505,49,546,533,718,11.9,860,45.5,54.3,12.9,23.6,57.9,2580000,4.9,2.9,47.9,39.8,0.1,0,4.4,Salem,"          $75,693,926.93",3589.1,"              $21,089.95","          $92,800,221.09",4594.1,"              $20,199.87",2020
Salem Academy Charter (District) - Salem Academy Charter School,4850485,63,540,527,250,19,491,51.1,48.5,3.3,19.6,40.9,4850000,11.2,5.9,43.8,37.1,0,0,2,Salem Academy Charter (District),"           $8,732,560.97",492.2,"              $17,743.70","           $8,732,560.97",492.2,"              $17,743.70",2020
Sandwich - Sandwich High,2610505,98,559,546,374,14.9,628,52.2,47.6,0.6,17.8,15.1,2610000,0,1.9,1.8,94.1,1.1,0.2,1,Sandwich,"          $45,579,455.00",2487.2,"              $18,325.61","          $53,746,813.00",2824.2,"              $19,030.81",2020
Saugus - Saugus High,2620505,85,517,515,377,14.5,684,48.7,51,4.5,14.5,32.6,2620000,6,4.5,19.9,67.4,0.6,0.2,1.5,Saugus,"          $42,256,162.26",2627.1,"              $16,084.72","          $49,157,200.41",2948.5,"              $16,671.94",2020
Scituate - Scituate High School,2640505,152,588,574,494,16.7,929,51.7,48.3,0.2,12.8,11,2640000,2.4,1.2,1.4,93.9,0,0,1.2,Scituate,"          $46,371,995.48",2976.9,"              $15,577.28","          $50,247,283.48",3047.4,"              $16,488.58",2020
Seekonk - Seekonk High,2650505,64,573,564,302,16.3,565,51,49,0.4,16.3,15.8,2650000,2.1,4.1,5.3,85,0,0,3.5,Seekonk,"          $33,617,367.35",2085,"              $16,123.44","          $36,141,024.13",2123,"              $17,023.56",2020
Sharon - Sharon High,2660505,132,635,653,520,15.7,1130,46.8,53.1,1,12.2,12.1,2660000,5.3,28.2,5.8,56.1,0.1,0.2,4.3,Sharon,"          $60,954,227.24",3666.3,"              $16,625.54","          $65,866,489.25",3719.6,"              $17,707.95",2020
Shawsheen Valley Regional Vocational Technical - Shawsheen Valley Vocational Technical High School,8710605,81,522,500,717,16.3,1302,39.2,60.8,0.1,27.9,16.9,8710000,0.9,0.8,5.8,90.5,0.4,0,1.6,Shawsheen Valley Regional Vocational Technical,"          $30,403,166.82",1262.4,"              $24,083.62","          $30,464,244.82",1272.4,"              $23,942.35",2020
Shrewsbury - Shrewsbury Sr High,2710505,315,583,604,1092,14.6,1865,53.2,46.7,2.1,9.9,13.6,2710000,3.5,27.2,8.9,56.4,0.3,0,3.7,Shrewsbury,"          $84,860,364.29",6268.8,"              $13,536.94","          $93,479,931.29",6501.8,"              $14,377.55",2020
Silver Lake - Silver Lake Regional High,7600505,162,568,573,491,15.6,1204,45.9,54,1,18.5,18.4,7600000,1.4,1.2,2.2,93.9,0.3,0,1,Silver Lake,"          $30,597,676.20",1744.3,"              $17,541.52","          $31,631,920.20",1820.7,"              $17,373.49",2020
Sizer School: A North Central Charter Essential (District) - Sizer School: A North Central Charter Essential School,4740505,20,537,499,234,13,370,44.1,55.7,3,27.3,43.5,4740000,7,1.4,25.4,63,0.5,0,2.7,Sizer School: A North Central Charter Essential (District),"           $6,406,786.21",358.9,"              $17,853.66","           $6,406,786.21",358.9,"              $17,853.66",2020
Somerset Berkley Regional School District - Somerset Berkley Regional High School,7630505,127,551,562,448,18,1007,50.7,49.3,0.1,14.9,17.8,7630000,1.1,0.5,4.4,92.4,0.2,0.1,1.4,Somerset Berkley Regional School District,"          $15,338,915.28",1024.8,"              $14,967.72","          $17,251,229.28",1082.9,"              $15,930.58",2020
Somerville - Somerville High,2740505,140,526,526,669,12.6,1224,48.1,51.6,13.2,18,48.6,2740000,11.3,6.4,45.4,34.7,0.1,0.2,2,Somerville,"          $99,557,538.03",4988.1,"              $19,959.01","         $114,885,290.25",5478.1,"              $20,971.74",2020
South Hadley - South Hadley High,2780505,84,564,577,288,14.6,564,50.5,49.3,3,16.5,27.1,2780000,2.3,2.1,13.3,79.1,0,0,3.2,South Hadley,"          $27,583,965.70",1904.3,"              $14,485.09","          $32,531,049.10",2157.2,"              $15,080.22",2020
South Middlesex Regional Vocational Technical - Joseph P Keefe Technical High School,8290605,43,494,478,761,12.6,815,41.7,57.6,17.9,39.5,50.2,8290000,4.8,1.4,41.1,47.7,2,0,3.1,South Middlesex Regional Vocational Technical,"          $20,219,304.85",792.9,"              $25,500.45","          $20,224,304.85",793.9,"              $25,474.63",2020
South Shore Charter Public (District) - South Shore Charter Public School,4880550,25,522,492,534,15.3,1013,49,50.6,11.8,20,27.6,4880000,35.7,5.5,6.3,45.7,0.4,0,6.3,South Shore Charter Public (District),"          $16,898,907.51",1002.7,"              $16,854.08","          $16,898,907.51",1002.7,"              $16,854.08",2020
South Shore Regional Vocational Technical - So Shore Vocational Technical High,8730605,45,502,512,247,15,637,32.7,67.4,0.8,26.2,24.2,8730000,1.7,1.1,4.6,91.2,0.3,0,1.1,South Shore Regional Vocational Technical,"          $13,588,068.61",635.3,"              $21,388.43","          $13,588,068.61",635.3,"              $21,388.43",2020
Southbridge - Southbridge High School,2770515,31,436,433,204,17.1,444,45.3,54.7,21.6,15.8,74.3,2770000,1.8,1.4,64.4,30.9,0.2,0.2,1.1,Southbridge,"          $34,807,532.38",1892.6,"              $18,391.38","          $40,838,915.82",2265.3,"              $18,028.04",2020
Southeastern Regional Vocational Technical - Southeastern Regional Vocational Technical,8720605,125,494,483,1408,8.2,1527,52.3,47.6,3.6,13.8,38.8,8720000,35.7,1.7,14,42.9,0,0,5.7,Southeastern Regional Vocational Technical,"          $32,503,044.00",1504.5,"              $21,603.88","          $32,524,911.00",1506.5,"              $21,589.72",2020
Southern Berkshire - Mt Everett Regional,7650505,17,582,533,224,9.7,322,49.1,50.9,1.9,18,37.3,7650000,2.2,0.3,7.8,83.9,0.3,0,5.6,Southern Berkshire,"          $16,876,438.10",669.3,"              $25,215.06","          $18,022,413.98",794.1,"              $22,695.40",2020
Southern Worcester County Regional Vocational Technical - Bay Path Regional Vocational Technical High School,8760605,67,520,512,993,13.5,1168,41.9,58.1,0.9,13.4,27.3,8760000,0.9,0.7,11.4,85,0.1,0,1.9,Southern Worcester County Regional Vocational Technical,"          $21,771,007.39",1136.6,"              $19,154.50","          $21,956,488.39",1169.6,"              $18,772.65",2020
Southwick-Tolland-Granville Regional School District - Southwick Regional School,7660505,59,543,521,361,15.1,678,51.5,48.5,1.5,16.8,22.6,7660000,2.1,1.2,4.7,90,0.3,0,1.8,Southwick-Tolland-Granville Regional School District,"          $22,982,747.31",1497.1,"              $15,351.51","          $25,448,926.85",1595.2,"              $15,953.44",2020
Spencer-E Brookfield - David Prouty High,7670505,16,529,521,168,12.3,302,45.7,54.3,3.6,19.9,43.4,7670000,3.6,2.3,16.9,73.8,0.3,0,3,Spencer-E Brookfield,"          $22,347,140.22",1395.6,"              $16,012.57","          $27,842,532.58",1662.5,"              $16,747.39",2020
Springfield - Conservatory of the Arts,2810475,14,431,411,228,11.7,324,70.1,29.9,9.9,22.8,86.4,2810000,16.1,0.3,70.1,11.4,0,0.3,1.9,Springfield,"         $427,810,982.98",24906.3,"              $17,176.82","         $512,527,010.24",30269.5,"              $16,932.13",2020
Springfield - High School Of Commerce,2810510,20,480,483,566,17.7,1244,49.6,50.4,19.6,21.8,85.2,2810000,18.9,1.5,71.2,6.7,0.3,0.2,1.3,Springfield,"         $427,810,982.98",24906.3,"              $17,176.82","         $512,527,010.24",30269.5,"              $16,932.13",2020
Springfield - Roger L. Putnam Vocational Technical Academy,2810620,32,506,505,902,13.2,1387,54.3,45.6,11.3,16,75.7,2810000,18.2,2.2,70.8,8,0.1,0,0.7,Springfield,"         $427,810,982.98",24906.3,"              $17,176.82","         $512,527,010.24",30269.5,"              $16,932.13",2020
Springfield - Springfield Central High,2810500,135,504,504,971,17.5,2051,46.8,53.2,14.3,17.9,72.9,2810000,22,4.2,62,10,0.1,0,1.7,Springfield,"         $427,810,982.98",24906.3,"              $17,176.82","         $512,527,010.24",30269.5,"              $16,932.13",2020
Springfield - Springfield High School of Science and Technology,2810530,31,439,429,799,13.5,1156,46,54,17.8,23.4,83.6,2810000,18.6,1.3,71.1,8.1,0.1,0.2,0.6,Springfield,"         $427,810,982.98",24906.3,"              $17,176.82","         $512,527,010.24",30269.5,"              $16,932.13",2020
Springfield - The Springfield Renaissance School an Expeditionary Learning School,2810205,24,529,494,465,13.6,636,52.4,47.5,5,20.6,64.5,2810000,21.1,0.9,60.7,15.9,0,0.2,1.3,Springfield,"         $427,810,982.98",24906.3,"              $17,176.82","         $512,527,010.24",30269.5,"              $16,932.13",2020
Stoneham - Stoneham High,2840505,86,563,559,442,12.2,615,49.3,50.7,2.8,17.9,17.7,2840000,2.3,5.5,9.4,78.4,0.7,0,3.7,Stoneham,"          $40,728,150.22",2382,"              $17,098.30","          $45,608,576.04",2552.9,"              $17,865.40",2020
Stoughton - Stoughton High,2850505,127,536,520,664,16.9,1031,46.7,53.4,5.6,13.9,35.2,2850000,26.9,7.7,10.4,50.8,0.1,0.3,3.9,Stoughton,"          $55,740,296.14",3473.2,"              $16,048.69","          $62,972,188.99",3684.5,"              $17,091.11",2020
Sturgis Charter Public (District) - Sturgis Charter Public School,4890505,149,592,590,453,14.1,853,57.7,42.2,1.4,15.8,15.4,4890000,2.5,2.9,4.9,86.5,0.4,0.1,2.7,Sturgis Charter Public (District),"          $13,398,752.00",841.6,"              $15,920.38","          $13,398,752.00",841.6,"              $15,920.38",2020
Sutton - Sutton High School,2900510,57,552,543,188,13.4,359,49,50.7,1.4,7,16.4,2900000,2,1.7,3.9,88.3,0,0,4.2,Sutton,"          $20,835,508.83",1364.6,"              $15,268.58","          $22,336,057.89",1412,"              $15,818.74",2020
Swampscott - Swampscott High,2910505,105,571,581,399,14.9,688,52.5,47.5,0.6,16,18,2910000,5.5,2.3,12.4,77.5,0,0,2.3,Swampscott,"          $35,804,391.80",2218.4,"              $16,139.74","          $40,073,070.22",2313.6,"              $17,320.66",2020
Swansea - Joseph Case High,2920505,53,553,534,472,8,545,46.2,53.8,0,11.6,20.7,2920000,1.3,1.1,3.9,92.8,0,0,0.9,Swansea,"          $28,833,580.97",2095.8,"              $13,757.79","          $30,394,967.48",2163.4,"              $14,049.63",2020
TEC Connections Academy Commonwealth Virtual School District - TEC Connections Academy Commonwealth Virtual School,39020900,61,572,552,592,45.8,2661,56.4,43.6,1.2,18.8,44.9,39020000,7.8,2.6,18.9,63.4,0.2,0.3,6.8,TEC Connections Academy Commonwealth Virtual School District,"          $23,183,466.91",2252.9,"              $10,290.32","          $23,183,466.91",2252.9,"              $10,290.32",2020
Tantasqua - Tantasqua Regional Sr High,7700505,125,581,602,730,12.9,1182,49,50.9,0.6,9,23.1,7700000,1.1,1.1,6.4,87.6,0.1,0.1,3.7,Tantasqua,"          $26,673,512.00",1787.2,"              $14,924.75","          $27,098,831.00",1840.6,"              $14,722.82",2020
Tantasqua - Tantasqua Regional Vocational,7700605,27,512,541,72,11.4,492,39.8,60,0.8,13,28.3,7700000,0.2,0.2,5.9,91.1,0,0.2,2.4,Tantasqua,"          $26,673,512.00",1787.2,"              $14,924.75","          $27,098,831.00",1840.6,"              $14,722.82",2020
Taunton - Taunton High,2930505,120,551,531,994,20.8,2713,49.6,50.4,4.8,16.6,47.8,2930000,19.5,1.2,14.3,59.8,0.4,0.3,4.5,Taunton,"         $111,527,944.70",8073,"              $13,814.93","         $125,182,043.16",8463.2,"              $14,791.34",2020
Tewksbury - Tewksbury Memorial High,2950505,113,561,565,395,19.3,835,53.4,46.2,0.8,12.3,18.7,2950000,4.1,4.7,6,83.8,0.1,0,1.3,Tewksbury,"          $56,083,414.24",3356.1,"              $16,710.89","          $65,360,674.93",3529.2,"              $18,519.97",2020
Tri-County Regional Vocational Technical - Tri-County Regional Vocational Technical,8780605,78,517,509,569,16.6,946,38.4,61.2,0.2,31,20.8,8780000,1,0.9,7.8,85.4,0.1,0.1,4.8,Tri-County Regional Vocational Technical,"          $20,621,811.00",991.8,"              $20,792.31","          $20,668,528.00",993.8,"              $20,797.47",2020
Triton - Triton Regional High School,7730505,73,539,550,322,13.6,635,50.2,49.8,1.4,14.7,22.4,7730000,1.6,2.2,3.9,90.4,0.2,0.2,1.6,Triton,"          $42,243,656.85",2350.3,"              $17,973.73","          $47,673,321.00",2558.1,"              $18,636.22",2020
Tyngsborough - Tyngsborough High School,3010505,62,550,568,337,16.7,448,54.7,45.3,1.1,12.5,17,3010000,2.5,7.4,5.8,80.6,0.2,0,3.6,Tyngsborough,"          $24,375,586.00",1640.7,"              $14,856.82","          $28,130,735.00",1769.8,"              $15,894.87",2020
Upper Cape Cod Regional Vocational Technical - Upper Cape Cod Vocational Technical,8790605,46,523,517,346,14.1,708,38.7,61.3,0,25.6,33.6,8790000,3.3,1.1,4.1,83.5,1,0.1,6.9,Upper Cape Cod Regional Vocational Technical,"          $18,082,217.00",729.6,"              $24,783.74","          $18,121,426.00",737.4,"              $24,574.76",2020
Uxbridge - Uxbridge High,3040505,48,547,546,328,14,595,46.2,53.8,1.3,17.1,22,3040000,1.7,2.2,5.7,87.6,0.7,0,2.2,Uxbridge,"          $27,213,367.44",1720.5,"              $15,817.13","          $31,910,416.02",1944.7,"              $16,408.91",2020
Wachusett - Wachusett Regional High,7750505,288,571,573,1095,16.6,1985,52.2,47.8,0.4,13.8,12.7,7750000,2.1,3.5,5.4,86.8,0.2,0,2.1,Wachusett,"          $91,739,519.98",7050.1,"              $13,012.51","         $100,717,414.06",7268.2,"              $13,857.27",2020
Wakefield - Wakefield Memorial High,3050505,147,554,551,344,14.3,829,50.7,49.3,1.7,15.9,13.3,3050000,3.7,2.8,7.2,84.3,0.2,0,1.7,Wakefield,"          $55,695,062.21",3496.3,"              $15,929.71","          $61,148,483.21",3620.9,"              $16,887.65",2020
Walpole - Walpole High,3070505,145,562,547,536,14.8,1043,49.6,50.3,2.5,15.2,11.9,3070000,2.6,5.9,5.5,83.7,0.3,0,2.1,Walpole,"          $58,667,624.81",3719.6,"              $15,772.56","          $63,848,812.50",3835,"              $16,648.97",2020
Waltham - Waltham Sr High,3080505,178,539,542,772,14.5,1532,47,52.9,16.7,15.8,41.5,3080000,10.8,3.7,42.2,41.8,0,0.1,1.4,Waltham,"         $121,758,779.97",5774.6,"              $21,085.23","         $128,636,738.59",5963.5,"              $21,570.68",2020
Ware - Ware Junior/Senior High School,3090505,30,517,533,235,18,530,48.1,51.9,0.6,21.9,51.5,3090000,1.7,0.4,7.6,85.1,0.2,0.6,4.5,Ware,"          $17,699,762.00",1140.9,"              $15,513.86","          $20,131,509.47",1359.9,"              $14,803.67",2020
Wareham - Wareham Senior High,3100505,48,508,498,501,11.8,591,50.9,48.7,0.2,28.4,52.5,3100000,8.6,0.9,6.4,70.9,1.5,0,11.7,Wareham,"          $40,536,405.51",2102.7,"              $19,278.26","          $46,449,536.88",2477.8,"              $18,746.28",2020
Watertown - Watertown High,3140505,89,567,583,408,14.4,707,47,53,10,15.7,37.3,3140000,4.7,8.1,22.5,60.4,0.6,0,3.8,Watertown,"          $57,112,287.00",2675.6,"              $21,345.60","          $64,800,685.00",2832.2,"              $22,879.98",2020
Wayland - Wayland High School,3150505,104,636,661,386,15.1,834,49.9,50.1,1.4,19.8,7,3150000,4.8,19.1,4.1,65.7,0,0.1,6.2,Wayland,"          $51,715,820.19",2729.8,"              $18,944.91","          $54,371,473.22",2788.7,"              $19,497.07",2020
Webster - Bartlett High School,3160505,57,530,526,227,14.7,386,51.8,48.2,9.8,18.1,59.6,3160000,8,2.3,30.1,51.6,0.3,0.3,7.5,Webster,"          $28,650,703.00",1819.2,"              $15,749.07","          $32,970,936.00",2040,"              $16,162.22",2020
Wellesley - Wellesley Sr High,3170505,179,617,628,732,15.1,1468,48.6,51.3,0.2,16.4,6.7,3170000,3.7,13.1,5.4,72,0.1,0,5.8,Wellesley,"          $97,906,482.89",4882.2,"              $20,053.76","         $106,148,791.29",4933.4,"              $21,516.36",2020
West Boylston - West Boylston Junior/Senior High,3220505,30,545,526,377,13,501,54.5,45.5,1.8,15,23.6,3220000,3.2,2.2,11.8,78.6,0.2,0.2,3.8,West Boylston,"          $15,253,353.99",910.3,"              $16,756.40","          $17,384,260.99",992.5,"              $17,515.63",2020
West Bridgewater - West Bridgewater Junior/Senior,3230505,58,549,542,436,18.1,655,51,49,1.2,9,22.4,3230000,6.9,1.1,5.7,81.5,0.2,0.2,4.6,West Bridgewater,"          $17,252,030.48",1371.7,"              $12,577.12","          $18,885,491.62",1410.6,"              $13,388.27",2020
West Springfield - West Springfield High,3320505,104,548,556,1278,7.2,1190,48.7,51.3,6.6,19.9,45,3320000,3.8,7.8,20.8,65.4,0.2,0,2,West Springfield,"          $58,287,547.00",4104.8,"              $14,199.85","          $64,979,460.00",4277.6,"              $15,190.63",2020
Westborough - Westborough High,3210505,148,604,619,728,13.6,1188,49.8,49.9,3.5,10.6,12.7,3210000,1.6,28.5,8,58,0,0.2,3.8,Westborough,"          $64,534,225.69",3963.1,"              $16,283.77","          $68,011,973.44",4015.9,"              $16,935.67",2020
Westfield - Westfield High,3250505,108,546,530,595,15,1110,53.7,46.3,3.6,20.7,31.9,3250000,3,3.2,16.3,75,0.1,0,2.5,Westfield,"          $78,520,781.11",5262.1,"              $14,921.95","          $87,041,424.11",5549.3,"              $15,685.12",2020
Westfield - Westfield Technical Academy,3250605,22,503,486,275,14,560,34.8,65.2,3.2,27.1,41.6,3250000,1.3,0.9,12,83.9,0.2,0.2,1.6,Westfield,"          $78,520,781.11",5262.1,"              $14,921.95","          $87,041,424.11",5549.3,"              $15,685.12",2020
Westford - Westford Academy,3260505,224,622,641,737,18,1628,49.1,50.8,0.7,12.6,6.3,3260000,1.3,27.6,1.9,65.8,0.1,0.1,3.3,Westford,"          $72,845,291.40",4939.2,"              $14,748.40","          $79,198,752.40",5030.6,"              $15,743.40",2020
Weston - Weston High,3300505,72,626,645,484,11.7,627,49.3,50.7,2.2,21.2,4.8,3300000,5.7,18,4.2,65.9,0.3,0,5.9,Weston,"          $52,999,192.15",2042.4,"              $25,949.47","          $56,057,798.98",2073.2,"              $27,039.26",2020
Westport - Westport Junior/Senior High School,3310515,19,581,529,406,13.9,553,45.8,53.9,0.7,16.5,27.7,3310000,0.5,0.9,3.4,90.2,0.2,0,4.7,Westport,"          $23,074,329.00",1438.1,"              $16,045.01","          $25,244,752.00",1576.5,"              $16,013.16",2020
Westwood - Westwood High,3350505,138,597,620,485,15.3,986,52.8,47.1,0.2,14.3,6.6,3350000,3.5,11.2,4.1,79,0,0,2.3,Westwood,"          $58,512,757.04",3015.8,"              $19,402.07","          $60,375,039.04",3040.2,"              $19,858.90",2020
Weymouth - Weymouth High School,3360505,237,541,537,1204,15.4,2256,50.4,49.6,3.4,19.8,32.5,3360000,7.7,5.1,10.7,72.3,0.2,0.1,3.9,Weymouth,"          $92,304,911.69",5747,"              $16,061.41","         $105,318,636.00",6162.7,"              $17,089.69",2020
Whitman-Hanson - Whitman Hanson Regional,7800505,135,545,518,404,18.2,1107,48.4,51.5,0.6,15.2,21.5,7800000,3.5,0.7,4.7,87.8,0.6,0.1,2.5,Whitman-Hanson,"          $50,210,916.52",3763.8,"              $13,340.48","          $55,351,671.52",3898.4,"              $14,198.56",2020
Whittier Regional Vocational Technical - Whittier Regional Vocational,8850605,79,502,488,742,12.6,1236,47,53,1.3,19.1,34.6,8850000,2.9,1.5,25.4,66.2,0.5,0,3.5,Whittier Regional Vocational Technical,"          $26,298,864.00",1250.1,"              $21,037.41","          $26,391,818.00",1253.6,"              $21,052.82",2020
Wilmington - Wilmington High,3420505,120,562,554,434,14.9,763,51.6,48.1,0.5,13.4,10.5,3420000,1.4,5.5,4.9,84.1,0.1,0,3.9,Wilmington,"          $54,689,315.00",3176.4,"              $17,217.39","          $61,784,533.00",3246.4,"              $19,031.71",2020
Winchendon - Murdock High School,3430515,31,501,474,117,14,262,49.2,50.8,0.8,23.3,47,3430000,1.2,2.7,8,84.4,0.4,0.4,3.1,Winchendon,"          $17,656,496.52",1219.5,"              $14,478.47","          $20,489,510.46",1424.6,"              $14,382.64",2020
Winchester - Winchester High School,3440505,214,626,645,1157,9.1,1406,51.9,47.9,0.8,16.4,6.8,3440000,1.6,17.9,3.6,72.8,0.4,0.1,3.6,Winchester,"          $68,218,594.29",4685.4,"              $14,559.82","          $72,449,287.14",4744.3,"              $15,270.81",2020
Winthrop - Winthrop High School,3460505,73,544,523,216,17.2,561,47.6,52.2,3.9,17.3,29.2,3460000,0.9,1.1,16.2,80.4,0.2,0,1.3,Winthrop,"          $27,267,146.72",1966.9,"              $13,863.01","          $29,276,469.96",2017.7,"              $14,509.82",2020
Woburn - Woburn High,3470505,122,545,555,645,13.6,1190,50.3,49.5,7,17.9,29.8,3470000,6.5,6.6,13.5,70.9,0.4,0.3,1.9,Woburn,"          $80,793,883.15",4491.9,"              $17,986.57","          $88,251,249.60",4672.5,"              $18,887.37",2020
Worcester - Burncoat Senior High,3480503,54,483,468,590,15.8,1111,50.1,49.9,20.7,25.6,61.5,3480000,19.8,3.3,42.9,29.3,0.2,0,4.4,Worcester,"         $398,787,375.74",25190.7,"              $15,830.74","         $453,689,004.83",28236.8,"              $16,067.30",2020
Worcester - Claremont Academy,3480350,37,448,439,291,17.8,512,49.2,50.8,33.8,14.3,76.6,3480000,11.3,8.4,71.7,7,0.2,0,1.4,Worcester,"         $398,787,375.74",25190.7,"              $15,830.74","         $453,689,004.83",28236.8,"              $16,067.30",2020
Worcester - Doherty Memorial High,3480512,141,517,521,839,12.7,1328,44.1,56,16.6,15.4,45,3480000,14.2,6.7,34.2,40.2,0.3,0,4.4,Worcester,"         $398,787,375.74",25190.7,"              $15,830.74","         $453,689,004.83",28236.8,"              $16,067.30",2020
Worcester - North High,3480515,55,466,457,589,15.9,1169,49.5,50.5,27.9,23,74.9,3480000,21.1,5.4,52.7,17.4,0.1,0,3.3,Worcester,"         $398,787,375.74",25190.7,"              $15,830.74","         $453,689,004.83",28236.8,"              $16,067.30",2020
Worcester - South High Community,3480520,82,499,508,720,15.1,1323,49.7,50.3,26.7,22.4,66,3480000,17.5,12,45,22.2,0.1,0,3.3,Worcester,"         $398,787,375.74",25190.7,"              $15,830.74","         $453,689,004.83",28236.8,"              $16,067.30",2020
Worcester - University Pk Campus School,3480285,15,485,491,111,16.1,229,50.7,49.3,21.4,13.1,68.1,3480000,12.7,17.9,55.9,9.6,0.4,0,3.5,Worcester,"         $398,787,375.74",25190.7,"              $15,830.74","         $453,689,004.83",28236.8,"              $16,067.30",2020
Worcester - Worcester Technical High,3480605,113,512,506,692,16.4,1456,55.4,44.6,5.6,12.2,51,3480000,17.3,8,37.4,33.7,0.1,0.1,3.4,Worcester,"         $398,787,375.74",25190.7,"              $15,830.74","         $453,689,004.83",28236.8,"              $16,067.30",2020
