tract_number,tract_county,tract_state,Hispanic or Latino (of any race) (percentage),Not Hispanic or Latino (percentage),White alone (percentage),Black or African American alone (percentage),American Indian and Alaska Native alone (percentage),Asian alone (percentage),Native Hawaiian and Other Pacific Islander alone (percentage),Some Other Race alone (percentage),Two or More Races alone (percentage),Total population,Hispanic or Latino (of any race),Not Hispanic or Latino,White alone,Black or African American alone,American Indian and Alaska Native alone,Asian alone,Native Hawaiian and Other Pacific Islander alone,Some Other Race alone,Two or More Races alone
4801,Arkansas County,Arkansas,8.0%,92.0%,74.2%,14.0%,0.0%,0.0%,0.0%,0.0%,3.8%,1096.0,88,1008,813,153,0,0,0,0,42
4802,Arkansas County,Arkansas,9.3%,90.7%,87.5%,2.2%,0.0%,0.0%,0.0%,0.0%,0.9%,1524.0,142,1382,1334,34,0,0,0,0,14
4803,Arkansas County,Arkansas,4.8%,95.2%,64.1%,25.0%,0.2%,0.0%,0.0%,0.0%,6.0%,2878.0,137,2741,1844,719,5,0,0,0,173
4804,Arkansas County,Arkansas,1.2%,98.8%,25.6%,67.8%,0.3%,0.7%,0.0%,0.0%,4.4%,2034.0,24,2010,521,1379,7,14,0,0,89
4805,Arkansas County,Arkansas,0.4%,99.6%,64.8%,34.4%,0.0%,0.0%,0.0%,0.0%,0.4%,3623.0,16,3607,2346,1247,0,0,0,0,14
4806,Arkansas County,Arkansas,5.4%,94.6%,90.5%,2.5%,0.0%,0.0%,0.0%,0.0%,1.6%,1695.0,92,1603,1534,42,0,0,0,0,27
4807,Arkansas County,Arkansas,5.6%,94.4%,69.7%,23.5%,0.0%,0.0%,0.0%,0.0%,1.1%,2871.0,162,2709,2002,674,0,0,0,0,33
4808,Arkansas County,Arkansas,0.0%,100.0%,89.7%,6.7%,0.4%,0.0%,0.0%,0.0%,3.1%,1052.0,0,1052,944,71,4,0,0,0,33
9601,Ashley County,Arkansas,8.7%,91.3%,57.1%,31.5%,0.7%,0.0%,0.0%,0.0%,2.1%,1210.0,105,1105,691,381,8,0,0,0,25
9602,Ashley County,Arkansas,7.5%,92.5%,87.8%,3.9%,0.0%,0.0%,0.0%,0.0%,0.8%,2674.0,201,2473,2348,103,0,0,0,0,22
9603,Ashley County,Arkansas,14.9%,85.1%,65.9%,18.4%,0.0%,0.0%,0.0%,0.3%,0.5%,4372.0,652,3720,2883,803,0,0,0,12,22
9604,Ashley County,Arkansas,0.0%,100.0%,65.7%,34.2%,0.0%,0.0%,0.0%,0.0%,0.1%,1373.0,0,1373,902,470,0,0,0,0,1
9605,Ashley County,Arkansas,1.1%,98.9%,81.9%,16.7%,0.0%,0.0%,0.0%,0.0%,0.3%,2387.0,26,2361,1954,399,0,0,0,0,8
9606,Ashley County,Arkansas,2.3%,97.7%,55.0%,39.7%,0.0%,0.0%,0.0%,0.0%,3.1%,5015.0,115,4900,2758,1989,0,0,0,0,153
9607,Ashley County,Arkansas,3.4%,96.6%,65.6%,27.3%,0.0%,0.2%,3.0%,0.0%,0.5%,1691.0,58,1633,1110,461,0,3,50,0,9
9501,Baxter County,Arkansas,4.4%,95.6%,91.3%,0.0%,1.5%,1.6%,0.0%,0.0%,1.2%,4478.0,198,4280,4088,1,65,70,0,1,55
9502,Baxter County,Arkansas,3.1%,96.9%,93.0%,0.1%,0.0%,0.0%,0.0%,0.0%,3.8%,4601.0,141,4460,4280,4,0,0,0,0,176
9503,Baxter County,Arkansas,4.3%,95.7%,87.7%,0.0%,0.0%,1.9%,0.0%,0.0%,6.1%,5221.0,222,4999,4581,0,0,100,0,0,318
9504,Baxter County,Arkansas,1.6%,98.4%,91.0%,1.8%,0.7%,0.4%,0.4%,0.0%,4.0%,3345.0,55,3290,3043,61,24,15,13,0,134
9505,Baxter County,Arkansas,3.4%,96.6%,92.9%,1.3%,0.2%,0.1%,0.0%,0.0%,2.1%,5294.0,182,5112,4919,70,10,3,0,0,110
9506,Baxter County,Arkansas,2.2%,97.8%,93.7%,0.0%,0.0%,0.0%,0.0%,0.0%,4.1%,3751.0,82,3669,3515,0,0,0,0,0,154
9507,Baxter County,Arkansas,2.4%,97.6%,95.9%,0.0%,0.3%,0.0%,0.2%,0.0%,1.2%,3497.0,85,3412,3353,0,11,0,6,0,42
9508.01,Baxter County,Arkansas,1.3%,98.7%,86.1%,0.0%,0.2%,1.7%,0.0%,0.0%,10.7%,4361.0,56,4305,3754,0,9,75,0,0,467
9508.02,Baxter County,Arkansas,2.5%,97.5%,95.3%,0.0%,1.4%,0.0%,0.0%,0.0%,0.8%,2006.0,50,1956,1912,0,28,0,0,0,16
9509,Baxter County,Arkansas,1.5%,98.5%,92.6%,0.4%,0.0%,0.2%,0.0%,0.1%,5.2%,5596.0,86,5510,5181,23,0,10,0,5,291
201.02,Benton County,Arkansas,12.6%,87.4%,73.2%,0.9%,0.4%,1.0%,0.0%,4.6%,7.3%,7798.0,981,6817,5712,68,34,78,0,355,570
201.03,Benton County,Arkansas,11.2%,88.8%,66.8%,6.3%,0.1%,1.3%,0.0%,0.0%,14.3%,4777.0,534,4243,3191,302,5,62,0,0,683
201.04,Benton County,Arkansas,6.4%,93.6%,69.7%,1.0%,0.8%,0.0%,0.1%,1.4%,20.6%,1861.0,120,1741,1298,18,14,0,1,26,384
202.01,Benton County,Arkansas,42.7%,57.3%,45.2%,0.4%,1.0%,0.6%,0.0%,0.0%,10.1%,4964.0,2122,2842,2242,18,51,31,0,1,499
202.03,Benton County,Arkansas,34.4%,65.6%,59.6%,0.0%,0.2%,0.0%,0.0%,0.4%,5.4%,2850.0,980,1870,1700,0,7,0,0,10,153
202.05,Benton County,Arkansas,56.8%,43.2%,31.0%,0.0%,0.5%,0.0%,0.0%,1.0%,10.7%,5932.0,3368,2564,1840,0,32,0,0,59,633
202.06,Benton County,Arkansas,53.7%,46.3%,27.0%,0.5%,0.0%,1.8%,4.2%,2.8%,10.0%,8407.0,4517,3890,2269,42,0,150,351,234,844
203.01,Benton County,Arkansas,37.0%,63.0%,45.1%,2.8%,0.0%,0.3%,0.8%,0.0%,14.0%,4103.0,1519,2584,1852,114,0,12,31,0,575
203.02,Benton County,Arkansas,39.3%,60.7%,32.1%,2.2%,0.7%,7.0%,3.1%,0.0%,15.7%,4063.0,1598,2465,1303,88,30,283,124,0,637
203.04,Benton County,Arkansas,29.6%,70.4%,59.7%,2.2%,0.4%,0.8%,0.0%,0.3%,7.2%,4397.0,1300,3097,2624,96,17,34,0,11,315
203.05,Benton County,Arkansas,35.3%,64.7%,50.1%,1.7%,0.0%,1.5%,2.9%,1.0%,7.6%,3696.0,1305,2391,1850,63,0,54,106,36,282
204.01,Benton County,Arkansas,19.0%,81.0%,59.6%,1.0%,0.5%,1.3%,0.0%,0.6%,18.0%,7005.0,1329,5676,4177,69,35,93,0,42,1260
204.02,Benton County,Arkansas,46.1%,53.9%,32.2%,0.6%,0.6%,0.0%,0.0%,0.0%,20.5%,6559.0,3023,3536,2110,41,38,0,0,0,1347
204.04,Benton County,Arkansas,36.7%,63.3%,47.7%,0.8%,0.0%,0.0%,0.0%,0.0%,14.8%,4890.0,1795,3095,2332,37,0,0,0,0,726
204.05,Benton County,Arkansas,14.0%,86.0%,66.4%,0.2%,0.5%,13.7%,0.0%,0.0%,5.3%,5406.0,756,4650,3588,11,26,740,0,0,285
205.01,Benton County,Arkansas,4.7%,95.3%,78.5%,1.0%,0.7%,4.2%,0.0%,0.1%,10.9%,5539.0,260,5279,4350,53,40,231,0,4,601
205.03,Benton County,Arkansas,20.8%,79.2%,40.6%,2.2%,0.2%,19.2%,5.1%,0.5%,11.3%,4329.0,901,3428,1758,97,7,833,220,23,490
205.04,Benton County,Arkansas,11.1%,88.9%,67.1%,0.9%,0.8%,8.5%,0.0%,0.0%,11.7%,2630.0,291,2339,1765,23,21,223,0,0,307
206.04,Benton County,Arkansas,10.2%,89.8%,58.1%,4.2%,0.6%,4.7%,0.2%,1.1%,20.9%,5260.0,538,4722,3055,219,30,246,12,59,1101
206.05,Benton County,Arkansas,5.1%,94.9%,70.0%,2.5%,0.1%,4.6%,0.0%,0.6%,17.1%,3807.0,195,3612,2664,95,3,176,0,24,650
206.06,Benton County,Arkansas,8.0%,92.0%,70.7%,3.3%,0.9%,0.9%,0.0%,0.0%,16.3%,5034.0,401,4633,3559,165,44,46,0,0,819
206.07,Benton County,Arkansas,7.0%,93.0%,49.6%,2.1%,0.0%,30.7%,0.0%,0.0%,10.6%,10956.0,764,10192,5432,235,0,3364,0,0,1161
206.08,Benton County,Arkansas,18.7%,81.3%,42.7%,3.4%,0.0%,12.8%,0.0%,0.5%,21.9%,4116.0,769,3347,1756,142,0,526,0,22,901
207.01,Benton County,Arkansas,5.2%,94.8%,87.5%,0.0%,0.4%,0.0%,0.0%,0.0%,7.0%,6675.0,347,6328,5839,0,25,0,0,0,464
207.03,Benton County,Arkansas,3.0%,97.0%,82.4%,0.0%,0.3%,1.7%,0.0%,0.4%,12.1%,5223.0,157,5066,4305,0,15,91,0,23,632
207.04,Benton County,Arkansas,8.7%,91.3%,77.5%,0.5%,0.1%,0.9%,0.0%,0.5%,11.8%,4548.0,397,4151,3526,22,3,43,0,21,536
208.01,Benton County,Arkansas,2.2%,97.8%,94.3%,0.0%,0.4%,0.0%,0.0%,0.0%,3.1%,4211.0,92,4119,3971,0,16,0,0,0,132
208.03,Benton County,Arkansas,6.1%,93.9%,82.5%,0.8%,1.5%,0.7%,0.0%,0.0%,8.5%,5083.0,309,4774,4194,40,76,34,0,0,430
208.05,Benton County,Arkansas,7.1%,92.9%,68.8%,5.0%,0.0%,2.9%,0.0%,0.5%,15.8%,4874.0,345,4529,3353,243,0,142,0,23,768
208.06,Benton County,Arkansas,7.2%,92.8%,83.0%,1.1%,1.3%,3.0%,0.0%,0.0%,4.4%,7045.0,504,6541,5848,79,89,212,0,0,313
209.03,Benton County,Arkansas,12.5%,87.5%,58.4%,4.6%,0.0%,13.0%,0.0%,0.0%,11.5%,5435.0,680,4755,3173,251,0,707,0,0,624
209.04,Benton County,Arkansas,10.5%,89.5%,52.6%,11.7%,0.0%,4.6%,0.0%,0.0%,20.6%,8009.0,839,7170,4215,941,0,368,0,0,1646
209.05,Benton County,Arkansas,2.6%,97.4%,75.9%,0.4%,1.4%,0.0%,0.0%,0.0%,19.7%,3228.0,85,3143,2450,12,46,0,0,0,635
209.06,Benton County,Arkansas,14.0%,86.0%,67.4%,1.1%,0.6%,3.7%,0.0%,0.0%,13.2%,6121.0,858,5263,4123,70,34,228,0,0,808
210.01,Benton County,Arkansas,1.7%,98.3%,76.1%,1.1%,0.2%,6.2%,0.0%,0.3%,14.5%,5813.0,100,5713,4425,62,9,360,0,15,842
210.03,Benton County,Arkansas,18.0%,82.0%,50.1%,3.0%,1.8%,3.0%,5.0%,0.0%,19.0%,2722.0,489,2233,1365,82,50,83,136,0,517
210.04,Benton County,Arkansas,20.3%,79.7%,68.8%,0.0%,1.6%,2.3%,0.0%,0.0%,7.0%,3995.0,810,3185,2748,0,65,93,0,0,279
211.01,Benton County,Arkansas,28.8%,71.2%,46.8%,0.0%,5.7%,4.5%,1.1%,0.0%,13.2%,5381.0,1548,3833,2517,0,309,242,57,0,708
211.02,Benton County,Arkansas,25.1%,74.9%,57.1%,1.0%,1.3%,4.4%,0.0%,0.0%,11.1%,3596.0,904,2692,2052,35,47,160,0,0,398
212.01,Benton County,Arkansas,17.8%,82.2%,53.9%,2.1%,2.3%,1.8%,0.4%,0.1%,21.5%,5306.0,943,4363,2860,112,124,95,23,7,1142
212.02,Benton County,Arkansas,8.3%,91.7%,62.9%,0.0%,3.5%,1.0%,0.0%,0.0%,24.2%,3419.0,285,3134,2152,0,119,34,0,0,829
213.04,Benton County,Arkansas,13.9%,86.1%,58.7%,4.6%,0.7%,10.5%,0.0%,0.2%,11.4%,12324.0,1710,10614,7235,569,90,1291,0,27,1402
213.05,Benton County,Arkansas,10.3%,89.7%,67.0%,0.8%,1.4%,3.6%,0.2%,0.5%,16.2%,6718.0,692,6026,4503,52,97,242,11,33,1088
213.06,Benton County,Arkansas,8.3%,91.7%,84.1%,0.8%,0.1%,2.2%,0.0%,0.5%,4.0%,5272.0,440,4832,4435,40,4,114,0,27,212
213.08,Benton County,Arkansas,8.2%,91.8%,76.5%,0.3%,0.1%,5.0%,0.0%,0.0%,9.9%,6878.0,563,6315,5262,23,5,345,0,0,680
213.12,Benton County,Arkansas,8.0%,92.0%,71.4%,0.0%,0.2%,1.0%,0.0%,0.4%,19.1%,4278.0,342,3936,3054,0,7,43,0,16,816
213.13,Benton County,Arkansas,15.1%,84.9%,57.8%,1.0%,3.6%,0.2%,0.0%,0.0%,22.3%,2957.0,446,2511,1709,30,105,7,0,0,660
213.14,Benton County,Arkansas,22.8%,77.2%,60.8%,2.3%,0.4%,2.9%,0.6%,0.0%,10.2%,3769.0,859,2910,2293,86,16,110,21,0,384
213.15,Benton County,Arkansas,14.4%,85.6%,68.3%,3.9%,0.5%,1.8%,0.1%,0.0%,11.0%,6514.0,938,5576,4450,251,32,119,8,0,716
213.16,Benton County,Arkansas,7.2%,92.8%,74.8%,0.9%,0.0%,0.9%,0.0%,0.0%,16.3%,7403.0,530,6873,5534,69,0,63,0,0,1207
213.17,Benton County,Arkansas,11.6%,88.4%,64.0%,1.5%,0.0%,0.8%,0.0%,0.0%,22.0%,3501.0,405,3096,2242,54,0,29,0,0,771
214.04,Benton County,Arkansas,30.8%,69.2%,46.7%,0.4%,0.9%,0.7%,0.0%,4.5%,16.0%,4194.0,1293,2901,1958,18,37,30,0,188,670
214.05,Benton County,Arkansas,0.6%,99.4%,84.7%,0.0%,0.4%,0.6%,0.3%,0.0%,13.4%,2167.0,13,2154,1836,0,8,14,6,0,290
214.06,Benton County,Arkansas,44.6%,55.4%,37.6%,1.4%,0.1%,1.3%,7.7%,0.0%,7.3%,5447.0,2428,3019,2049,74,8,69,422,0,397
214.07,Benton County,Arkansas,12.7%,87.3%,78.5%,0.0%,0.0%,0.7%,0.0%,1.0%,7.1%,4452.0,567,3885,3494,0,0,31,0,44,316
214.08,Benton County,Arkansas,43.6%,56.4%,37.6%,0.4%,0.3%,1.2%,7.1%,0.6%,9.2%,7053.0,3076,3977,2649,27,21,83,501,45,651
214.09,Benton County,Arkansas,1.1%,98.9%,68.6%,0.0%,0.5%,0.4%,0.0%,0.0%,29.5%,2551.0,28,2523,1750,0,12,9,0,0,752
7901,Boone County,Arkansas,1.6%,98.4%,94.5%,0.3%,0.4%,0.0%,0.0%,0.0%,3.2%,6432.0,101,6331,6079,20,28,0,0,0,204
7902,Boone County,Arkansas,2.0%,98.0%,91.5%,0.5%,0.5%,1.0%,0.0%,0.4%,4.0%,6220.0,127,6093,5691,28,31,65,2,26,250
7903,Boone County,Arkansas,1.4%,98.6%,95.2%,0.2%,0.3%,0.0%,0.0%,0.3%,2.5%,5667.0,80,5587,5397,14,18,0,0,17,141
7904,Boone County,Arkansas,2.0%,98.0%,94.1%,0.2%,0.4%,0.0%,0.0%,0.0%,3.3%,5993.0,122,5871,5642,10,23,0,0,0,196
7905.01,Boone County,Arkansas,3.0%,97.0%,93.5%,0.2%,0.0%,0.3%,0.8%,0.0%,2.2%,4536.0,137,4399,4239,10,0,12,36,0,102
7905.02,Boone County,Arkansas,6.1%,93.9%,92.1%,0.6%,0.5%,0.0%,0.0%,0.0%,0.8%,3686.0,224,3462,3396,21,17,0,0,0,28
7906,Boone County,Arkansas,6.1%,93.9%,88.4%,0.0%,0.2%,0.4%,0.0%,0.0%,4.8%,5362.0,329,5033,4742,0,11,21,0,0,259
9501,Bradley County,Arkansas,17.3%,82.7%,56.4%,25.8%,0.0%,0.0%,0.0%,0.0%,0.4%,2881.0,499,2382,1626,744,0,0,1,0,11
9502,Bradley County,Arkansas,1.1%,98.9%,61.7%,28.1%,0.0%,0.0%,1.6%,0.0%,7.4%,1870.0,21,1849,1154,526,0,0,30,0,139
9503,Bradley County,Arkansas,14.9%,85.1%,39.8%,42.1%,0.0%,0.0%,0.0%,0.0%,3.2%,1915.0,285,1630,763,806,0,0,0,0,61
9504,Bradley County,Arkansas,37.9%,62.1%,34.0%,25.1%,0.0%,0.4%,0.0%,0.0%,2.6%,1678.0,636,1042,571,421,0,7,0,0,43
9505,Bradley County,Arkansas,8.8%,91.2%,75.9%,11.8%,0.0%,0.0%,0.0%,0.0%,3.5%,2010.0,177,1833,1525,238,0,0,0,0,70
4801,Calhoun County,Arkansas,3.8%,96.2%,78.4%,16.7%,0.5%,0.0%,0.0%,0.0%,0.6%,2263.0,85,2178,1775,378,11,0,0,0,14
4802,Calhoun County,Arkansas,18.7%,81.3%,67.0%,8.0%,0.0%,0.4%,0.0%,0.0%,5.9%,2454.0,459,1995,1644,197,0,9,0,0,145
9501,Carroll County,Arkansas,4.2%,95.8%,88.0%,0.2%,1.5%,0.0%,0.0%,0.6%,5.5%,2954.0,125,2829,2600,7,43,0,0,18,161
9502.01,Carroll County,Arkansas,2.2%,97.8%,87.8%,0.7%,1.3%,0.8%,0.0%,0.0%,7.3%,3806.0,83,3723,3341,26,48,30,0,0,278
9502.02,Carroll County,Arkansas,8.3%,91.7%,85.5%,0.0%,0.0%,1.8%,0.0%,0.0%,4.4%,2579.0,214,2365,2205,0,0,46,0,0,114
9503.01,Carroll County,Arkansas,25.0%,75.0%,60.1%,0.0%,0.0%,0.4%,0.0%,0.0%,14.5%,3410.0,853,2557,2048,0,0,14,0,0,495
9503.02,Carroll County,Arkansas,20.2%,79.8%,57.4%,0.5%,2.2%,2.3%,2.1%,0.0%,15.3%,4586.0,926,3660,2634,21,100,105,97,0,703
9504,Carroll County,Arkansas,5.5%,94.5%,77.3%,0.0%,1.6%,0.2%,0.0%,0.7%,14.8%,3962.0,216,3746,3062,0,64,9,0,26,585
9505.01,Carroll County,Arkansas,1.0%,99.0%,87.8%,0.0%,0.0%,0.0%,0.0%,0.0%,11.2%,2340.0,23,2317,2054,0,0,0,0,0,263
9505.02,Carroll County,Arkansas,40.6%,59.4%,44.4%,0.0%,0.3%,5.0%,5.3%,0.0%,4.5%,4889.0,1983,2906,2169,0,17,244,257,0,219
801,Chicot County,Arkansas,9.6%,90.4%,68.3%,19.2%,0.3%,0.0%,0.0%,0.0%,2.6%,3058.0,295,2763,2088,586,8,0,0,0,81
802,Chicot County,Arkansas,0.0%,100.0%,22.7%,76.5%,0.0%,0.4%,0.0%,0.0%,0.4%,2173.0,1,2172,494,1662,0,8,0,0,8
803,Chicot County,Arkansas,11.8%,88.2%,38.6%,47.2%,0.0%,0.6%,0.0%,0.0%,1.8%,2816.0,332,2484,1086,1328,0,18,0,0,52
804,Chicot County,Arkansas,0.0%,100.0%,8.8%,90.4%,0.0%,0.0%,0.0%,0.0%,0.9%,1950.0,0,1950,171,1762,0,0,0,0,17
9536.01,Clark County,Arkansas,6.4%,93.6%,57.7%,30.9%,0.2%,0.4%,0.4%,0.2%,3.7%,5133.0,327,4806,2964,1588,9,23,22,11,189
9536.02,Clark County,Arkansas,4.9%,95.1%,75.1%,15.3%,0.0%,1.8%,0.5%,0.1%,2.4%,4084.0,200,3884,3068,624,0,72,19,3,98
9537,Clark County,Arkansas,3.7%,96.3%,82.2%,11.7%,0.0%,0.0%,0.0%,0.0%,2.4%,3927.0,146,3781,3229,458,0,0,0,0,94
9538,Clark County,Arkansas,4.4%,95.6%,53.7%,38.1%,0.0%,0.0%,0.0%,0.0%,3.8%,3253.0,144,3109,1747,1239,0,0,0,0,123
9539.01,Clark County,Arkansas,0.7%,99.3%,78.6%,19.6%,0.2%,0.0%,0.0%,0.0%,0.9%,1980.0,13,1967,1557,388,4,0,0,0,18
9539.02,Clark County,Arkansas,10.5%,89.5%,63.3%,25.2%,0.0%,0.0%,0.0%,0.0%,1.0%,3001.0,316,2685,1901,755,0,0,0,0,29
9501,Clay County,Arkansas,0.2%,99.8%,89.6%,0.0%,0.1%,0.1%,0.0%,0.0%,10.0%,1891.0,4,1887,1695,0,1,2,0,0,189
9502,Clay County,Arkansas,0.0%,100.0%,98.1%,0.0%,0.0%,0.0%,0.0%,0.0%,1.8%,2094.0,1,2093,2055,0,0,0,0,1,37
9503,Clay County,Arkansas,0.1%,99.9%,97.1%,0.0%,0.0%,0.2%,0.0%,0.0%,2.7%,1771.0,1,1770,1720,0,0,3,0,0,47
9504,Clay County,Arkansas,1.1%,98.9%,91.3%,0.0%,0.8%,0.0%,0.0%,0.0%,6.9%,3151.0,34,3117,2876,0,24,0,0,0,217
9505,Clay County,Arkansas,0.3%,99.7%,93.9%,0.0%,0.0%,0.0%,0.0%,0.0%,5.8%,1744.0,5,1739,1638,0,0,0,0,0,101
9506,Clay County,Arkansas,2.0%,98.0%,94.0%,0.3%,0.6%,0.0%,0.0%,0.0%,3.0%,3748.0,75,3673,3524,13,22,0,0,0,114
4801,Cleburne County,Arkansas,1.7%,98.3%,94.1%,0.1%,1.7%,0.4%,0.0%,0.0%,2.0%,3735.0,62,3673,3514,2,65,16,0,0,76
4802.01,Cleburne County,Arkansas,2.6%,97.4%,92.4%,0.0%,2.1%,0.0%,0.0%,0.0%,2.9%,1779.0,46,1733,1644,0,37,0,0,0,52
4802.03,Cleburne County,Arkansas,0.0%,100.0%,96.1%,0.0%,0.3%,0.0%,0.4%,0.0%,3.2%,2087.0,0,2087,2005,0,7,0,9,0,66
4802.04,Cleburne County,Arkansas,0.9%,99.1%,91.9%,0.0%,0.0%,0.2%,0.0%,0.0%,7.0%,997.0,9,988,916,0,0,2,0,0,70
4803.01,Cleburne County,Arkansas,0.5%,99.5%,90.6%,0.5%,0.1%,0.0%,0.0%,0.0%,8.2%,2160.0,11,2149,1957,11,3,0,0,0,178
4803.02,Cleburne County,Arkansas,1.5%,98.5%,95.5%,0.9%,0.4%,0.0%,0.0%,0.0%,1.8%,2979.0,44,2935,2844,26,11,0,0,0,54
4804,Cleburne County,Arkansas,4.7%,95.3%,91.6%,0.8%,0.1%,0.6%,0.0%,0.0%,2.2%,4677.0,221,4456,4285,36,4,27,0,0,104
4805.01,Cleburne County,Arkansas,7.4%,92.6%,89.5%,0.5%,0.2%,0.0%,0.0%,0.0%,2.5%,3110.0,230,2880,2783,15,5,0,0,0,77
4805.02,Cleburne County,Arkansas,2.6%,97.4%,89.0%,0.0%,0.3%,0.2%,0.0%,3.1%,4.9%,3524.0,90,3434,3137,0,9,6,0,108,174
9701,Cleveland County,Arkansas,0.1%,99.9%,84.5%,10.8%,0.0%,0.0%,0.0%,0.0%,4.5%,4188.0,5,4183,3539,454,0,0,0,0,190
9702,Cleveland County,Arkansas,0.5%,99.5%,82.8%,16.0%,0.0%,0.5%,0.0%,0.0%,0.2%,3303.0,18,3285,2734,530,0,16,0,0,5
9501,Columbia County,Arkansas,2.3%,97.7%,74.9%,19.4%,0.6%,1.3%,0.0%,0.0%,1.4%,4349.0,102,4247,3257,843,28,56,0,0,63
9502,Columbia County,Arkansas,0.8%,99.2%,58.2%,37.4%,0.0%,0.0%,0.3%,0.0%,3.3%,4198.0,33,4165,2443,1572,0,0,11,0,139
9503.01,Columbia County,Arkansas,0.0%,100.0%,80.9%,14.0%,0.0%,0.0%,0.0%,0.0%,5.1%,859.0,0,859,695,120,0,0,0,0,44
9503.02,Columbia County,Arkansas,0.3%,99.7%,81.6%,17.8%,0.0%,0.0%,0.0%,0.0%,0.3%,3336.0,10,3326,2722,595,0,0,0,0,9
9504.01,Columbia County,Arkansas,10.3%,89.7%,61.2%,23.0%,0.5%,0.6%,0.0%,0.3%,4.0%,4330.0,447,3883,2648,998,23,26,0,13,175
9504.02,Columbia County,Arkansas,7.1%,92.9%,22.8%,68.3%,0.0%,0.0%,0.0%,0.0%,1.7%,2015.0,144,1871,460,1376,0,0,0,0,35
9505,Columbia County,Arkansas,0.6%,99.4%,27.7%,68.9%,0.0%,0.0%,0.0%,0.0%,2.8%,3440.0,21,3419,954,2369,0,0,0,1,95
9501,Conway County,Arkansas,0.2%,99.8%,86.5%,7.7%,0.1%,0.0%,0.0%,1.4%,4.1%,4653.0,9,4644,4023,358,6,0,0,67,190
9502,Conway County,Arkansas,4.1%,95.9%,91.3%,2.5%,1.0%,0.0%,0.0%,0.0%,1.1%,3137.0,129,3008,2864,78,32,0,0,0,34
9503,Conway County,Arkansas,2.8%,97.2%,83.6%,10.5%,0.0%,0.0%,0.0%,0.0%,3.1%,5231.0,145,5086,4372,551,0,0,0,0,163
9504,Conway County,Arkansas,10.5%,89.5%,68.4%,17.1%,0.2%,1.1%,0.0%,0.0%,2.7%,2767.0,291,2476,1892,474,5,30,0,0,75
9505,Conway County,Arkansas,11.0%,89.0%,51.5%,26.7%,0.9%,4.1%,0.0%,0.0%,5.8%,3128.0,345,2783,1610,836,28,127,0,0,182
9506,Conway County,Arkansas,1.6%,98.4%,96.5%,0.0%,1.2%,0.0%,0.0%,0.3%,0.5%,1956.0,31,1925,1887,0,23,0,0,6,9
1.01,Craighead County,Arkansas,25.5%,74.5%,46.8%,27.0%,0.1%,0.0%,0.0%,0.0%,0.6%,4182.0,1066,3116,1958,1131,3,0,0,0,24
1.02,Craighead County,Arkansas,0.6%,99.4%,72.3%,25.4%,0.0%,1.4%,0.0%,0.0%,0.3%,3479.0,20,3459,2515,885,0,49,0,0,10
2,Craighead County,Arkansas,5.0%,95.0%,51.6%,31.8%,0.2%,0.0%,0.0%,1.3%,10.1%,4578.0,228,4350,2361,1457,10,0,0,61,461
3,Craighead County,Arkansas,10.1%,89.9%,69.4%,14.9%,0.1%,2.2%,0.0%,0.0%,3.2%,6917.0,702,6215,4802,1028,10,151,0,0,224
4.01,Craighead County,Arkansas,19.6%,80.4%,54.9%,20.1%,0.0%,1.2%,0.0%,0.0%,4.3%,6389.0,1250,5139,3508,1283,0,74,0,0,274
4.03,Craighead County,Arkansas,3.6%,96.4%,67.3%,25.4%,0.0%,0.0%,0.0%,0.5%,3.2%,4327.0,154,4173,2913,1098,0,0,0,23,139
4.04,Craighead County,Arkansas,9.9%,90.1%,62.3%,25.0%,0.5%,0.0%,0.0%,0.0%,2.3%,5389.0,534,4855,3360,1345,28,0,0,0,122
5.01,Craighead County,Arkansas,1.2%,98.8%,83.7%,7.3%,0.1%,0.5%,0.4%,0.0%,6.9%,9372.0,109,9263,7840,681,14,46,38,0,644
5.02,Craighead County,Arkansas,12.1%,87.9%,62.6%,18.7%,0.0%,2.8%,0.0%,0.0%,3.8%,6036.0,729,5307,3776,1127,0,172,0,0,232
6.01,Craighead County,Arkansas,1.0%,99.0%,52.0%,39.5%,0.2%,0.0%,0.0%,0.0%,7.3%,6205.0,64,6141,3224,2449,14,0,0,0,454
6.02,Craighead County,Arkansas,12.8%,87.2%,44.3%,36.7%,0.7%,3.0%,0.0%,0.0%,2.6%,5372.0,687,4685,2379,1970,35,159,0,0,142
7.01,Craighead County,Arkansas,0.3%,99.7%,94.9%,4.3%,0.1%,0.0%,0.0%,0.0%,0.4%,4591.0,15,4576,4357,198,3,0,0,0,18
7.02,Craighead County,Arkansas,8.9%,91.1%,60.4%,29.4%,0.0%,0.0%,0.0%,0.0%,1.2%,3858.0,344,3514,2332,1134,0,0,0,0,48
8.03,Craighead County,Arkansas,1.4%,98.6%,80.3%,3.2%,1.3%,7.9%,0.0%,0.4%,5.6%,5729.0,79,5650,4601,181,75,453,0,22,318
8.04,Craighead County,Arkansas,4.5%,95.5%,70.8%,20.8%,0.2%,0.3%,0.0%,0.0%,3.4%,3067.0,139,2928,2172,638,6,9,0,0,103
8.05,Craighead County,Arkansas,0.6%,99.4%,62.1%,31.4%,0.0%,2.6%,0.0%,0.0%,3.3%,3938.0,22,3916,2445,1237,0,103,0,0,131
8.06,Craighead County,Arkansas,4.6%,95.4%,89.8%,5.2%,0.0%,0.0%,0.0%,0.4%,0.0%,4262.0,198,4064,3826,221,0,0,0,17,0
9,Craighead County,Arkansas,1.4%,98.6%,90.5%,3.3%,0.2%,0.0%,0.0%,0.0%,4.6%,6130.0,84,6046,5547,204,14,0,0,0,281
10,Craighead County,Arkansas,7.6%,92.4%,88.9%,0.2%,0.0%,0.3%,0.0%,0.0%,3.0%,3840.0,290,3550,3413,9,1,12,0,0,115
11.01,Craighead County,Arkansas,0.2%,99.8%,91.8%,0.0%,0.4%,0.7%,0.0%,0.0%,6.9%,5023.0,9,5014,4611,0,19,35,0,0,349
11.02,Craighead County,Arkansas,1.7%,98.3%,90.1%,2.1%,0.1%,0.3%,0.0%,0.0%,5.7%,4841.0,81,4760,4362,100,7,14,0,0,277
12,Craighead County,Arkansas,2.1%,97.9%,90.2%,6.2%,0.0%,0.3%,0.0%,0.3%,1.0%,4572.0,95,4477,4123,284,0,14,0,12,44
201.01,Crawford County,Arkansas,0.5%,99.5%,78.1%,0.0%,1.1%,0.0%,0.0%,0.0%,20.3%,2927.0,16,2911,2286,0,32,0,0,0,593
201.02,Crawford County,Arkansas,1.5%,98.5%,94.2%,0.2%,1.2%,0.0%,0.0%,0.0%,2.9%,2568.0,39,2529,2418,6,31,0,0,0,74
202.04,Crawford County,Arkansas,6.8%,93.2%,77.4%,0.0%,0.1%,3.4%,0.0%,4.2%,8.2%,6042.0,408,5634,4677,0,5,207,0,251,494
202.05,Crawford County,Arkansas,7.7%,92.3%,82.0%,0.0%,0.3%,3.9%,0.0%,0.0%,6.0%,3987.0,308,3679,3269,0,13,156,0,0,241
202.06,Crawford County,Arkansas,1.6%,98.4%,88.9%,0.0%,1.2%,0.8%,0.0%,0.0%,7.6%,1733.0,28,1705,1540,0,20,14,0,0,131
202.07,Crawford County,Arkansas,5.2%,94.8%,87.6%,1.4%,1.7%,0.0%,0.0%,0.1%,4.0%,3892.0,203,3689,3410,53,67,0,0,4,155
202.08,Crawford County,Arkansas,6.9%,93.1%,74.6%,2.9%,0.3%,1.0%,0.0%,2.9%,11.3%,3673.0,255,3418,2740,107,12,35,0,108,416
203.01,Crawford County,Arkansas,9.7%,90.3%,80.6%,1.6%,0.7%,3.1%,0.0%,0.2%,4.2%,4185.0,407,3778,3372,67,29,128,0,7,175
203.02,Crawford County,Arkansas,23.1%,76.9%,66.6%,2.5%,0.3%,0.5%,0.0%,0.0%,7.0%,4358.0,1008,3350,2902,111,13,20,0,0,304
204.01,Crawford County,Arkansas,3.5%,96.5%,90.2%,0.0%,2.2%,0.0%,0.0%,0.0%,4.2%,5269.0,185,5084,4751,0,114,0,0,0,219
204.02,Crawford County,Arkansas,2.7%,97.3%,88.1%,0.9%,2.1%,0.0%,0.0%,0.0%,6.1%,4182.0,114,4068,3684,37,89,2,0,0,256
205.01,Crawford County,Arkansas,30.3%,69.7%,56.3%,0.0%,0.6%,2.2%,0.0%,2.8%,7.8%,4290.0,1298,2992,2417,0,26,95,0,118,336
205.02,Crawford County,Arkansas,8.9%,91.1%,79.5%,1.0%,3.1%,0.7%,0.0%,0.0%,6.8%,4676.0,414,4262,3718,49,144,35,0,0,316
206.01,Crawford County,Arkansas,1.6%,98.4%,83.7%,0.9%,0.0%,0.8%,0.0%,0.0%,13.0%,2128.0,34,2094,1782,19,0,17,0,0,276
206.02,Crawford County,Arkansas,3.4%,96.6%,84.0%,3.7%,0.6%,0.0%,0.1%,0.7%,7.4%,6882.0,233,6649,5781,257,44,0,5,51,511
301.01,Crittenden County,Arkansas,0.0%,100.0%,3.2%,93.5%,0.0%,0.0%,0.0%,0.0%,3.2%,2163.0,0,2163,70,2023,0,0,0,0,70
301.02,Crittenden County,Arkansas,3.0%,97.0%,4.5%,89.2%,0.0%,0.0%,0.0%,0.7%,2.6%,2561.0,77,2484,116,2284,0,0,0,18,66
302.01,Crittenden County,Arkansas,1.5%,98.5%,67.7%,21.7%,0.0%,0.0%,0.0%,0.0%,9.0%,5298.0,82,5216,3588,1150,0,0,0,0,478
302.02,Crittenden County,Arkansas,0.2%,99.8%,66.7%,29.3%,0.2%,2.5%,0.0%,0.0%,1.0%,3312.0,7,3305,2209,971,8,83,0,0,34
303.01,Crittenden County,Arkansas,2.4%,97.6%,21.3%,74.2%,0.4%,0.0%,0.0%,0.0%,1.7%,2743.0,66,2677,584,2035,10,0,0,0,48
303.02,Crittenden County,Arkansas,1.0%,99.0%,9.2%,87.7%,0.0%,0.0%,0.0%,0.0%,2.0%,2867.0,29,2838,265,2515,0,0,0,0,58
305.03,Crittenden County,Arkansas,7.4%,92.6%,1.4%,86.7%,0.0%,0.6%,0.0%,0.0%,3.9%,1732.0,128,1604,25,1502,0,10,0,0,67
306.01,Crittenden County,Arkansas,0.3%,99.7%,25.1%,70.0%,0.0%,0.0%,0.0%,0.3%,4.2%,597.0,2,595,150,418,0,0,0,2,25
306.02,Crittenden County,Arkansas,0.9%,99.1%,44.2%,50.5%,0.0%,0.3%,0.0%,0.0%,4.2%,3540.0,33,3507,1563,1786,0,9,0,0,149
307.01,Crittenden County,Arkansas,9.3%,90.7%,55.2%,24.4%,0.0%,1.0%,0.0%,0.0%,10.0%,1170.0,109,1061,646,286,0,12,0,0,117
307.02,Crittenden County,Arkansas,1.6%,98.4%,21.6%,58.3%,0.0%,1.0%,0.0%,0.0%,17.5%,1008.0,16,992,218,588,0,10,0,0,176
307.03,Crittenden County,Arkansas,18.5%,81.5%,58.7%,14.3%,0.0%,0.0%,0.0%,0.0%,8.5%,1055.0,195,860,619,151,0,0,0,0,90
308.03,Crittenden County,Arkansas,1.9%,98.1%,63.8%,26.9%,0.2%,0.0%,0.0%,0.0%,7.2%,1798.0,34,1764,1148,483,3,0,0,0,130
308.04,Crittenden County,Arkansas,6.5%,93.5%,36.0%,48.0%,0.0%,1.5%,0.0%,0.0%,8.0%,4469.0,292,4177,1607,2145,0,67,0,0,358
308.05,Crittenden County,Arkansas,0.7%,99.3%,59.3%,32.3%,0.8%,2.7%,0.0%,0.0%,4.2%,3345.0,23,3322,1983,1081,27,90,0,0,141
308.06,Crittenden County,Arkansas,5.2%,94.8%,56.1%,32.0%,0.0%,1.0%,0.0%,0.0%,5.7%,3930.0,204,3726,2205,1257,0,39,0,0,225
308.07,Crittenden County,Arkansas,3.5%,96.5%,45.5%,41.4%,0.0%,0.0%,0.0%,0.0%,9.6%,1649.0,58,1591,750,682,0,0,0,0,159
310,Crittenden County,Arkansas,5.6%,94.4%,59.5%,21.9%,0.0%,0.0%,0.0%,0.0%,13.1%,1185.0,66,1119,705,259,0,0,0,0,155
311,Crittenden County,Arkansas,1.2%,98.8%,13.9%,70.9%,0.0%,0.0%,0.0%,0.0%,14.0%,1610.0,20,1590,224,1141,0,0,0,0,225
312,Crittenden County,Arkansas,2.2%,97.8%,3.7%,79.4%,0.5%,0.8%,0.0%,0.0%,13.4%,1577.0,35,1542,59,1252,8,12,0,0,211
9501,Cross County,Arkansas,0.0%,100.0%,43.5%,46.7%,0.0%,0.0%,0.0%,0.0%,9.8%,899.0,0,899,391,420,0,0,0,0,88
9502,Cross County,Arkansas,0.9%,99.1%,92.0%,2.0%,0.9%,0.3%,0.0%,0.0%,3.8%,3069.0,28,3041,2822,62,29,10,0,0,118
9503,Cross County,Arkansas,0.1%,99.9%,80.3%,0.0%,0.0%,0.0%,0.0%,0.0%,19.6%,1518.0,2,1516,1219,0,0,0,0,0,297
9504,Cross County,Arkansas,0.2%,99.8%,93.4%,2.2%,0.0%,0.0%,0.0%,0.0%,4.2%,2617.0,6,2611,2444,57,0,0,0,0,110
9505,Cross County,Arkansas,6.9%,93.1%,40.0%,44.5%,0.4%,0.0%,0.0%,0.0%,8.2%,4570.0,317,4253,1828,2034,16,0,0,0,375
9506,Cross County,Arkansas,0.3%,99.7%,81.8%,12.4%,0.0%,0.0%,0.0%,0.0%,5.4%,4008.0,14,3994,3278,498,0,0,0,0,218
9701,Dallas County,Arkansas,0.7%,99.3%,72.7%,25.4%,0.0%,0.0%,0.0%,0.0%,1.2%,994.0,7,987,723,252,0,0,0,0,12
9702,Dallas County,Arkansas,1.0%,99.0%,82.4%,14.9%,0.0%,0.3%,0.0%,0.0%,1.4%,1817.0,18,1799,1497,271,0,5,0,0,26
9703,Dallas County,Arkansas,1.9%,98.1%,31.1%,63.7%,0.0%,0.0%,0.0%,0.0%,3.3%,3540.0,67,3473,1100,2256,0,0,0,0,117
9501,Desha County,Arkansas,1.8%,98.2%,80.9%,17.1%,0.0%,0.0%,0.0%,0.1%,0.0%,1358.0,25,1333,1099,232,0,0,0,2,0
9502,Desha County,Arkansas,10.2%,89.8%,37.0%,52.1%,0.3%,0.0%,0.2%,0.0%,0.2%,3808.0,390,3418,1410,1983,10,0,7,0,8
9503,Desha County,Arkansas,2.5%,97.5%,5.3%,91.7%,0.5%,0.0%,0.0%,0.0%,0.0%,1312.0,33,1279,69,1203,7,0,0,0,0
9504,Desha County,Arkansas,9.8%,90.2%,40.7%,47.6%,0.0%,0.0%,0.0%,0.0%,1.9%,2989.0,292,2697,1218,1422,0,0,0,0,57
9505,Desha County,Arkansas,1.6%,98.4%,59.1%,33.7%,0.0%,0.0%,0.0%,0.3%,5.3%,1574.0,25,1549,930,531,0,0,0,4,84
4901,Drew County,Arkansas,3.3%,96.7%,79.2%,14.9%,0.0%,0.0%,0.0%,0.0%,2.6%,2172.0,72,2100,1721,323,0,0,0,0,56
4902,Drew County,Arkansas,0.0%,100.0%,51.6%,43.5%,0.0%,0.0%,0.0%,0.0%,4.9%,2274.0,0,2274,1173,989,0,0,0,0,112
4903,Drew County,Arkansas,0.7%,99.3%,71.7%,24.2%,0.0%,2.1%,0.0%,0.0%,1.2%,5632.0,39,5593,4037,1365,0,121,0,0,70
4904,Drew County,Arkansas,4.9%,95.1%,45.2%,41.9%,0.0%,0.0%,0.0%,0.0%,8.0%,3026.0,148,2878,1368,1269,0,0,0,0,241
4905,Drew County,Arkansas,11.1%,88.9%,69.9%,15.5%,0.0%,0.0%,0.0%,0.0%,3.4%,4039.0,447,3592,2825,628,0,0,0,0,139
301.01,Faulkner County,Arkansas,1.4%,98.6%,88.7%,5.5%,1.5%,0.0%,0.0%,0.0%,3.0%,3002.0,41,2961,2662,164,44,0,0,0,91
301.02,Faulkner County,Arkansas,5.8%,94.2%,91.6%,1.9%,0.0%,0.0%,0.0%,0.0%,0.7%,6526.0,381,6145,5978,124,0,0,0,0,43
301.03,Faulkner County,Arkansas,5.1%,94.9%,87.7%,0.6%,0.4%,0.2%,0.0%,2.0%,4.0%,3665.0,188,3477,3213,23,14,8,0,72,147
301.04,Faulkner County,Arkansas,0.0%,100.0%,97.5%,0.9%,0.0%,0.0%,0.2%,0.0%,1.5%,5048.0,0,5048,4920,44,0,0,10,0,74
302.01,Faulkner County,Arkansas,1.3%,98.7%,91.2%,0.0%,1.3%,1.7%,0.0%,0.0%,4.4%,2963.0,38,2925,2703,0,40,51,0,0,131
302.02,Faulkner County,Arkansas,1.5%,98.5%,95.6%,0.0%,0.7%,0.0%,0.0%,0.0%,2.2%,2548.0,39,2509,2435,0,17,0,0,1,56
303.01,Faulkner County,Arkansas,6.5%,93.5%,82.4%,7.5%,0.0%,0.7%,0.0%,0.0%,2.9%,5658.0,368,5290,4664,424,0,38,0,0,164
303.02,Faulkner County,Arkansas,0.9%,99.1%,96.7%,0.0%,0.3%,0.0%,0.0%,0.8%,1.2%,6604.0,60,6544,6389,1,20,0,0,53,81
303.03,Faulkner County,Arkansas,5.7%,94.3%,87.4%,0.5%,0.0%,0.4%,0.0%,1.0%,5.0%,5122.0,290,4832,4479,24,0,21,0,50,258
304.01,Faulkner County,Arkansas,4.1%,95.9%,83.6%,10.6%,0.5%,0.0%,0.0%,0.0%,1.2%,3129.0,127,3002,2616,333,16,0,0,0,37
304.02,Faulkner County,Arkansas,2.8%,97.2%,88.0%,7.4%,0.0%,0.0%,0.0%,0.0%,1.8%,4435.0,124,4311,3902,330,0,0,0,0,79
304.03,Faulkner County,Arkansas,5.8%,94.2%,63.4%,24.5%,0.0%,1.9%,0.0%,0.0%,4.4%,3724.0,216,3508,2362,913,0,69,0,0,164
304.04,Faulkner County,Arkansas,14.2%,85.8%,66.4%,14.7%,0.0%,0.0%,0.0%,0.0%,4.6%,2345.0,334,2011,1558,345,0,0,0,0,108
305.02,Faulkner County,Arkansas,16.6%,83.4%,62.9%,9.1%,0.0%,3.3%,0.0%,0.0%,8.1%,5289.0,876,4413,3325,482,0,177,0,0,429
305.03,Faulkner County,Arkansas,4.9%,95.1%,70.7%,21.8%,0.0%,0.9%,0.0%,0.0%,1.7%,5338.0,264,5074,3776,1163,0,46,0,0,89
305.04,Faulkner County,Arkansas,2.1%,97.9%,77.5%,15.2%,0.0%,2.2%,0.0%,0.5%,2.5%,7039.0,146,6893,5455,1073,0,152,0,38,175
306,Faulkner County,Arkansas,1.1%,98.9%,79.4%,13.7%,0.0%,0.1%,0.0%,0.0%,5.7%,5661.0,62,5599,4494,776,0,5,0,0,324
307.01,Faulkner County,Arkansas,9.8%,90.2%,69.4%,15.9%,0.3%,0.7%,0.0%,0.2%,3.7%,3829.0,374,3455,2659,609,13,26,0,8,140
307.02,Faulkner County,Arkansas,10.5%,89.5%,54.0%,29.6%,0.0%,0.1%,0.3%,2.6%,2.8%,4049.0,424,3625,2188,1197,0,6,13,106,115
308,Faulkner County,Arkansas,4.3%,95.7%,71.3%,17.2%,0.1%,4.1%,0.0%,0.1%,2.9%,6271.0,271,6000,4474,1081,5,254,0,6,180
309,Faulkner County,Arkansas,14.4%,85.6%,52.2%,29.4%,0.0%,0.0%,0.0%,0.0%,3.9%,3499.0,505,2994,1828,1029,0,0,0,0,137
310.01,Faulkner County,Arkansas,5.3%,94.7%,67.4%,23.7%,0.0%,1.7%,0.0%,0.0%,1.9%,4780.0,254,4526,3224,1131,0,79,0,0,92
310.03,Faulkner County,Arkansas,15.9%,84.1%,56.0%,17.2%,0.0%,3.9%,0.0%,0.0%,7.0%,2893.0,459,2434,1620,498,0,113,0,0,203
310.06,Faulkner County,Arkansas,2.6%,97.4%,65.1%,25.8%,2.8%,0.3%,0.0%,0.5%,2.9%,3745.0,98,3647,2439,967,103,11,0,18,109
310.07,Faulkner County,Arkansas,7.1%,92.9%,69.6%,14.8%,0.0%,6.3%,0.0%,0.0%,2.3%,3799.0,268,3531,2643,562,0,239,0,0,87
310.08,Faulkner County,Arkansas,4.8%,95.2%,80.4%,7.3%,0.0%,0.0%,0.0%,0.0%,7.5%,4797.0,231,4566,3856,351,0,0,0,0,359
311.01,Faulkner County,Arkansas,9.7%,90.3%,78.1%,3.7%,0.0%,0.0%,0.3%,0.0%,8.1%,5135.0,497,4638,4013,190,0,0,17,0,418
311.02,Faulkner County,Arkansas,0.3%,99.7%,78.1%,18.6%,0.2%,0.5%,0.0%,0.0%,2.4%,5108.0,14,5094,3989,948,10,24,0,0,123
9501,Franklin County,Arkansas,5.2%,94.8%,89.5%,0.0%,0.0%,1.6%,0.0%,0.6%,3.0%,3379.0,175,3204,3023,1,1,55,0,21,103
9502.01,Franklin County,Arkansas,1.6%,98.4%,83.7%,0.4%,0.0%,0.0%,0.0%,0.0%,14.3%,3423.0,54,3369,2865,12,1,0,0,0,491
9502.02,Franklin County,Arkansas,3.4%,96.6%,92.4%,0.3%,1.7%,0.0%,0.0%,0.0%,2.3%,3564.0,120,3444,3292,10,60,0,0,0,82
9503.01,Franklin County,Arkansas,5.4%,94.6%,79.0%,0.1%,2.2%,1.9%,0.0%,0.2%,11.2%,3664.0,199,3465,2893,3,80,71,0,7,411
9503.02,Franklin County,Arkansas,0.0%,100.0%,83.4%,0.5%,0.3%,1.1%,0.0%,0.0%,14.7%,3190.0,0,3190,2659,17,9,36,0,0,469
5501.01,Fulton County,Arkansas,4.8%,95.2%,92.1%,0.1%,0.0%,0.0%,0.0%,0.0%,3.1%,3639.0,174,3465,3350,3,0,0,0,0,112
5501.02,Fulton County,Arkansas,0.5%,99.5%,92.8%,0.0%,0.0%,0.0%,0.0%,0.0%,6.7%,2189.0,10,2179,2032,0,0,0,0,0,147
5502.01,Fulton County,Arkansas,0.7%,99.3%,90.6%,0.8%,0.0%,0.1%,0.0%,0.0%,7.8%,3126.0,23,3103,2832,24,0,4,0,0,243
5502.02,Fulton County,Arkansas,0.0%,100.0%,95.5%,0.0%,0.0%,0.0%,0.0%,0.0%,4.5%,3285.0,1,3284,3137,0,0,0,0,0,147
103.01,Garland County,Arkansas,12.0%,88.0%,78.9%,5.3%,0.0%,0.0%,1.5%,0.0%,2.3%,3604.0,434,3170,2843,190,0,0,53,0,84
103.02,Garland County,Arkansas,4.2%,95.8%,90.4%,1.4%,0.7%,0.1%,0.0%,0.0%,3.2%,2045.0,86,1959,1849,28,14,2,0,0,66
104.01,Garland County,Arkansas,0.9%,99.1%,95.4%,0.3%,0.2%,1.0%,0.0%,0.8%,1.5%,3980.0,35,3945,3795,13,9,39,0,31,58
104.02,Garland County,Arkansas,2.7%,97.3%,93.0%,0.2%,0.0%,1.0%,0.0%,0.0%,3.1%,3749.0,100,3649,3485,8,0,38,0,0,118
105.01,Garland County,Arkansas,10.1%,89.9%,85.2%,1.0%,0.0%,0.0%,0.0%,0.0%,3.8%,4590.0,463,4127,3909,45,0,0,0,0,173
105.02,Garland County,Arkansas,6.9%,93.1%,83.1%,1.1%,0.3%,0.0%,0.0%,0.0%,8.7%,2217.0,153,2064,1842,24,6,0,0,0,192
106.01,Garland County,Arkansas,9.7%,90.3%,83.1%,1.9%,0.2%,0.0%,1.5%,0.0%,3.7%,1614.0,156,1458,1341,30,3,0,25,0,59
106.02,Garland County,Arkansas,14.5%,85.5%,30.4%,46.5%,1.6%,0.0%,0.0%,0.0%,7.1%,2088.0,302,1786,634,971,33,0,0,0,148
107,Garland County,Arkansas,8.4%,91.6%,68.6%,18.7%,0.0%,0.0%,0.0%,0.0%,4.3%,1787.0,151,1636,1225,334,0,0,0,0,77
108,Garland County,Arkansas,5.5%,94.5%,74.7%,12.6%,2.2%,1.5%,0.0%,0.0%,3.5%,2596.0,143,2453,1939,327,58,39,0,0,90
109,Garland County,Arkansas,6.3%,93.7%,83.8%,4.7%,1.1%,0.4%,0.0%,0.0%,3.6%,3626.0,229,3397,3039,172,41,14,0,0,131
110.01,Garland County,Arkansas,2.3%,97.7%,84.5%,8.1%,0.0%,0.5%,0.0%,0.5%,4.2%,3100.0,71,3029,2620,250,0,15,0,15,129
110.02,Garland County,Arkansas,15.2%,84.8%,75.9%,1.8%,0.8%,0.0%,0.0%,0.0%,6.3%,1553.0,236,1317,1179,28,12,0,0,0,98
111.01,Garland County,Arkansas,0.9%,99.1%,93.3%,1.3%,0.0%,0.0%,0.0%,0.0%,4.5%,5344.0,50,5294,4987,68,0,0,0,0,239
111.02,Garland County,Arkansas,2.8%,97.2%,93.8%,0.4%,0.0%,0.2%,0.0%,0.0%,2.8%,4147.0,115,4032,3888,16,0,10,0,0,118
112.01,Garland County,Arkansas,7.7%,92.3%,80.9%,6.6%,1.8%,0.0%,0.3%,0.0%,2.6%,5699.0,441,5258,4610,376,104,0,19,0,149
112.02,Garland County,Arkansas,5.6%,94.4%,88.4%,4.6%,0.0%,0.0%,0.2%,0.0%,1.1%,3462.0,194,3268,3062,160,0,0,7,0,39
113,Garland County,Arkansas,15.0%,85.0%,57.5%,22.7%,0.0%,0.0%,0.0%,0.3%,4.4%,5103.0,768,4335,2934,1158,0,0,0,16,227
114,Garland County,Arkansas,19.6%,80.4%,57.0%,16.8%,0.0%,1.9%,0.0%,0.0%,4.6%,3131.0,613,2518,1786,527,0,61,0,0,144
115,Garland County,Arkansas,16.1%,83.9%,43.1%,38.6%,0.3%,0.0%,0.0%,0.3%,1.7%,2381.0,383,1998,1026,918,7,0,0,7,40
116.01,Garland County,Arkansas,11.4%,88.6%,73.9%,7.9%,0.0%,2.3%,0.0%,0.0%,4.6%,4930.0,560,4370,3643,389,0,112,0,0,226
116.02,Garland County,Arkansas,8.8%,91.2%,80.6%,4.4%,0.4%,0.7%,0.3%,0.0%,4.9%,5925.0,523,5402,4773,259,23,41,16,0,290
117.01,Garland County,Arkansas,8.0%,92.0%,60.5%,23.2%,0.0%,1.1%,0.0%,0.0%,7.3%,3308.0,264,3044,2000,766,0,37,0,0,241
117.02,Garland County,Arkansas,10.5%,89.5%,70.1%,17.4%,0.0%,0.0%,0.0%,0.0%,1.9%,1205.0,127,1078,845,210,0,0,0,0,23
118.01,Garland County,Arkansas,3.4%,96.6%,77.1%,4.1%,0.0%,10.2%,0.0%,0.0%,5.2%,1976.0,68,1908,1523,82,0,201,0,0,102
118.02,Garland County,Arkansas,9.8%,90.2%,78.6%,5.0%,0.8%,2.1%,0.0%,0.0%,3.8%,2211.0,216,1995,1737,110,17,46,0,0,85
119.01,Garland County,Arkansas,1.1%,98.9%,85.5%,4.9%,0.0%,2.0%,0.0%,0.0%,6.5%,3530.0,38,3492,3018,173,0,72,0,0,229
119.02,Garland County,Arkansas,0.6%,99.4%,94.9%,2.3%,1.2%,0.8%,0.0%,0.0%,0.2%,2484.0,14,2470,2358,57,30,19,0,0,6
120.01,Garland County,Arkansas,2.7%,97.3%,93.7%,1.3%,0.6%,0.0%,0.0%,0.0%,1.6%,4671.0,128,4543,4379,62,29,0,0,0,73
120.02,Garland County,Arkansas,2.9%,97.1%,88.5%,0.9%,0.0%,0.5%,0.0%,0.0%,7.1%,4006.0,118,3888,3547,36,0,20,0,0,285
4701,Grant County,Arkansas,3.8%,96.2%,91.0%,2.0%,0.2%,0.0%,0.0%,0.0%,3.0%,4664.0,179,4485,4242,94,11,0,0,0,138
4702,Grant County,Arkansas,1.7%,98.3%,94.0%,1.6%,0.0%,1.5%,0.0%,0.0%,1.2%,3386.0,57,3329,3184,53,0,51,0,0,41
4703,Grant County,Arkansas,3.7%,96.3%,90.7%,3.1%,0.1%,0.1%,0.0%,0.1%,2.2%,3979.0,146,3833,3610,125,3,2,0,4,89
4704.01,Grant County,Arkansas,2.4%,97.6%,89.4%,2.3%,0.0%,0.3%,0.9%,2.0%,2.8%,3834.0,91,3743,3426,87,0,13,34,76,107
4704.02,Grant County,Arkansas,0.8%,99.2%,93.2%,4.9%,0.3%,0.0%,0.0%,0.3%,0.5%,2248.0,17,2231,2096,110,6,0,0,7,12
4801,Greene County,Arkansas,1.4%,98.6%,87.3%,0.0%,0.0%,0.0%,0.0%,9.3%,2.0%,2985.0,41,2944,2607,0,0,0,0,277,60
4802,Greene County,Arkansas,1.4%,98.6%,95.9%,0.0%,0.1%,0.0%,0.0%,0.0%,2.6%,4407.0,62,4345,4226,2,4,0,0,0,113
4803,Greene County,Arkansas,0.0%,100.0%,97.8%,0.5%,0.0%,0.6%,0.0%,0.0%,1.1%,3175.0,0,3175,3106,15,0,18,0,0,36
4804.01,Greene County,Arkansas,0.7%,99.3%,96.7%,1.1%,0.3%,0.0%,0.0%,0.0%,1.2%,4614.0,30,4584,4461,53,14,0,0,0,56
4804.02,Greene County,Arkansas,6.9%,93.1%,78.4%,6.9%,0.0%,0.0%,6.2%,0.0%,1.6%,3062.0,210,2852,2401,212,0,0,190,0,49
4805.01,Greene County,Arkansas,4.7%,95.3%,70.0%,10.9%,0.0%,0.0%,0.6%,0.0%,13.8%,4235.0,198,4037,2966,462,0,0,24,0,585
4805.02,Greene County,Arkansas,5.1%,94.9%,88.5%,2.7%,0.2%,0.0%,0.0%,0.7%,2.8%,2974.0,151,2823,2633,79,7,0,0,22,82
4806.01,Greene County,Arkansas,0.2%,99.8%,98.8%,0.0%,0.0%,0.0%,0.0%,0.0%,0.9%,3313.0,8,3305,3274,0,0,0,0,0,31
4806.02,Greene County,Arkansas,7.9%,92.1%,87.7%,0.4%,0.1%,0.1%,0.0%,0.0%,3.8%,4951.0,392,4559,4340,22,4,5,0,0,188
4807,Greene County,Arkansas,12.4%,87.6%,82.0%,2.8%,0.6%,0.0%,0.0%,0.2%,2.0%,2195.0,272,1923,1800,61,14,0,0,4,44
4808.01,Greene County,Arkansas,2.0%,98.0%,92.8%,0.1%,0.0%,0.0%,0.0%,0.5%,4.6%,4778.0,96,4682,4435,4,0,0,0,25,218
4808.02,Greene County,Arkansas,4.0%,96.0%,89.0%,2.1%,0.0%,2.7%,0.0%,0.0%,2.2%,5493.0,218,5275,4891,116,0,147,0,0,121
4801.01,Hempstead County,Arkansas,15.6%,84.4%,50.9%,29.1%,0.0%,1.2%,0.0%,0.0%,3.2%,2582.0,403,2179,1314,751,0,31,0,0,83
4801.02,Hempstead County,Arkansas,0.6%,99.4%,69.2%,24.7%,0.4%,0.0%,0.0%,0.2%,4.8%,2469.0,16,2453,1709,611,11,0,0,4,118
4802,Hempstead County,Arkansas,0.0%,100.0%,71.3%,27.1%,0.0%,0.0%,0.0%,0.0%,1.6%,2092.0,0,2092,1492,566,0,0,0,0,34
4803.01,Hempstead County,Arkansas,17.7%,82.3%,12.8%,66.5%,0.0%,0.5%,0.0%,0.0%,2.5%,1738.0,307,1431,223,1156,0,9,0,0,43
4803.02,Hempstead County,Arkansas,13.1%,86.9%,48.2%,38.1%,0.6%,0.0%,0.0%,0.0%,0.0%,3427.0,448,2979,1651,1306,22,0,0,0,0
4804,Hempstead County,Arkansas,18.8%,81.2%,71.6%,3.5%,0.6%,1.6%,0.0%,0.5%,3.3%,3562.0,671,2891,2550,125,22,57,0,19,118
4805,Hempstead County,Arkansas,28.4%,71.6%,34.0%,34.9%,0.2%,0.2%,0.0%,0.0%,2.3%,3908.0,1110,2798,1330,1363,7,8,0,0,90
201.01,Hot Spring County,Arkansas,7.0%,93.0%,89.7%,0.4%,0.0%,0.0%,0.0%,0.0%,2.9%,3235.0,226,3009,2902,12,0,0,0,0,95
201.02,Hot Spring County,Arkansas,8.8%,91.2%,87.4%,0.8%,0.0%,0.0%,0.0%,0.2%,2.6%,4153.0,367,3786,3631,35,0,0,0,10,110
202,Hot Spring County,Arkansas,6.4%,93.6%,45.8%,46.3%,0.0%,0.0%,0.0%,0.0%,1.6%,2940.0,188,2752,1346,1360,0,0,0,0,46
203,Hot Spring County,Arkansas,2.6%,97.4%,75.5%,19.0%,0.0%,0.0%,0.0%,0.0%,2.8%,1932.0,51,1881,1458,368,0,0,0,0,55
204,Hot Spring County,Arkansas,1.0%,99.0%,73.3%,20.2%,0.3%,0.0%,0.0%,0.0%,5.1%,5759.0,59,5700,4223,1165,17,0,0,0,295
205,Hot Spring County,Arkansas,2.8%,97.2%,77.5%,15.1%,0.3%,0.0%,0.0%,0.0%,4.2%,5678.0,160,5518,4402,857,19,0,0,0,240
206,Hot Spring County,Arkansas,2.9%,97.1%,94.4%,0.0%,0.1%,0.2%,0.0%,0.0%,2.5%,3720.0,107,3613,3510,0,2,9,0,0,92
207.01,Hot Spring County,Arkansas,0.0%,100.0%,95.6%,0.0%,1.6%,0.0%,0.0%,0.2%,2.6%,2248.0,0,2248,2150,0,35,0,0,5,58
207.02,Hot Spring County,Arkansas,4.7%,95.3%,94.0%,0.0%,0.2%,0.0%,0.0%,0.0%,1.0%,3477.0,165,3312,3270,0,7,1,0,0,34
9501,Howard County,Arkansas,0.2%,99.8%,93.5%,2.3%,0.2%,0.0%,0.0%,0.0%,3.8%,3951.0,6,3945,3696,90,9,0,0,0,150
9502,Howard County,Arkansas,13.5%,86.5%,48.1%,34.5%,0.1%,0.1%,0.0%,0.0%,3.7%,4709.0,637,4072,2266,1625,5,3,0,0,173
9503,Howard County,Arkansas,22.7%,77.3%,50.1%,22.8%,0.5%,1.8%,0.0%,0.0%,2.2%,4041.0,916,3125,2023,921,20,72,0,0,89
4901.01,Independence County,Arkansas,1.9%,98.1%,90.6%,0.0%,1.2%,0.2%,0.0%,0.0%,6.0%,2299.0,43,2256,2084,0,28,5,0,0,139
4901.02,Independence County,Arkansas,0.8%,99.2%,97.1%,0.0%,0.0%,0.4%,0.0%,0.0%,1.8%,3638.0,29,3609,3531,0,0,14,0,0,64
4902,Independence County,Arkansas,11.8%,88.2%,83.8%,0.2%,0.4%,0.0%,0.0%,0.0%,3.8%,2497.0,294,2203,2093,5,9,0,0,0,96
4903,Independence County,Arkansas,10.9%,89.1%,74.6%,5.8%,0.0%,4.4%,0.0%,1.2%,3.1%,6376.0,697,5679,4758,368,0,279,2,77,195
4904,Independence County,Arkansas,3.3%,96.7%,89.2%,1.2%,0.0%,0.0%,0.0%,0.0%,6.4%,4426.0,144,4282,3946,53,1,0,0,0,282
4905,Independence County,Arkansas,14.9%,85.1%,77.5%,3.1%,0.0%,1.7%,0.0%,2.6%,0.2%,3329.0,497,2832,2580,102,0,56,0,87,7
4906,Independence County,Arkansas,42.6%,57.4%,46.4%,1.9%,0.0%,0.0%,0.0%,0.0%,9.2%,3015.0,1284,1731,1398,56,1,0,0,0,276
4907.01,Independence County,Arkansas,0.0%,100.0%,91.2%,0.0%,0.0%,0.0%,0.0%,0.0%,8.8%,3844.0,0,3844,3506,0,0,0,0,0,338
4907.02,Independence County,Arkansas,6.6%,93.4%,82.5%,0.0%,0.0%,0.0%,6.0%,0.0%,4.9%,3563.0,234,3329,2941,0,0,0,214,0,174
4908,Independence County,Arkansas,1.8%,98.2%,92.9%,0.1%,0.0%,0.0%,0.0%,0.0%,5.2%,5133.0,91,5042,4770,7,0,0,0,0,265
9601,Izard County,Arkansas,1.3%,98.7%,89.1%,0.3%,0.3%,0.2%,0.0%,0.4%,8.5%,3222.0,42,3180,2870,10,9,5,0,13,273
9602,Izard County,Arkansas,0.7%,99.3%,93.4%,0.2%,1.6%,1.0%,0.0%,0.0%,3.1%,4877.0,32,4845,4555,10,78,51,0,0,151
9603,Izard County,Arkansas,5.5%,94.5%,71.5%,6.7%,0.0%,0.3%,0.3%,0.0%,15.7%,3093.0,171,2922,2210,208,1,8,9,0,486
9604,Izard County,Arkansas,5.3%,94.7%,91.4%,0.0%,0.0%,0.0%,0.0%,1.0%,2.2%,2674.0,143,2531,2445,0,0,0,0,26,60
4801,Jackson County,Arkansas,1.0%,99.0%,94.4%,1.5%,0.1%,0.0%,0.0%,0.0%,3.0%,2946.0,29,2917,2782,45,2,0,0,0,88
4802,Jackson County,Arkansas,0.9%,99.1%,65.2%,26.8%,0.0%,0.1%,0.0%,0.0%,7.0%,3392.0,32,3360,2212,910,0,2,0,0,236
4803,Jackson County,Arkansas,8.0%,92.0%,65.3%,19.1%,0.0%,0.5%,0.0%,0.0%,7.1%,4333.0,347,3986,2830,827,0,22,0,0,307
4804.01,Jackson County,Arkansas,0.0%,100.0%,85.1%,5.1%,1.8%,0.0%,0.0%,0.0%,7.9%,1574.0,0,1574,1340,81,29,0,0,0,124
4804.02,Jackson County,Arkansas,2.8%,97.2%,68.8%,22.0%,1.5%,1.1%,0.0%,0.0%,3.9%,2749.0,77,2672,1890,605,41,30,0,0,106
4805,Jackson County,Arkansas,1.7%,98.3%,91.7%,0.0%,0.8%,0.0%,0.0%,0.0%,5.8%,1781.0,30,1751,1633,0,14,0,0,0,104
1.02,Jefferson County,Arkansas,5.1%,94.9%,41.4%,48.3%,1.5%,0.0%,1.0%,0.1%,2.6%,1562.0,79,1483,647,754,24,0,15,2,41
3.01,Jefferson County,Arkansas,3.4%,96.6%,76.1%,18.0%,0.0%,0.5%,0.0%,1.3%,0.8%,3030.0,102,2928,2305,544,0,15,0,39,25
3.02,Jefferson County,Arkansas,2.5%,97.5%,73.5%,13.6%,0.0%,1.5%,2.6%,0.0%,6.4%,5164.0,131,5033,3797,700,0,76,132,0,328
3.03,Jefferson County,Arkansas,2.6%,97.4%,51.4%,38.2%,0.0%,4.3%,0.0%,0.0%,3.4%,3357.0,88,3269,1726,1283,0,146,0,0,114
5.02,Jefferson County,Arkansas,2.3%,97.7%,9.8%,85.2%,0.0%,2.4%,0.0%,0.0%,0.4%,3066.0,70,2996,300,2611,0,73,0,0,12
9,Jefferson County,Arkansas,0.0%,100.0%,15.5%,83.4%,0.0%,0.0%,0.0%,0.0%,1.1%,2708.0,0,2708,420,2259,0,0,0,0,29
10,Jefferson County,Arkansas,1.5%,98.5%,15.3%,80.9%,0.0%,1.7%,0.0%,0.0%,0.5%,1181.0,18,1163,181,956,0,20,0,0,6
12,Jefferson County,Arkansas,0.3%,99.7%,12.9%,84.8%,0.0%,0.0%,0.0%,0.0%,2.0%,1569.0,5,1564,202,1330,0,0,0,0,32
13,Jefferson County,Arkansas,0.7%,99.3%,0.4%,89.9%,0.0%,0.0%,0.0%,0.0%,9.0%,1297.0,9,1288,5,1166,0,0,0,0,117
14.01,Jefferson County,Arkansas,4.6%,95.4%,8.9%,83.2%,0.0%,0.0%,0.0%,0.0%,3.3%,1739.0,80,1659,155,1447,0,0,0,0,57
14.02,Jefferson County,Arkansas,0.0%,100.0%,8.9%,90.3%,0.0%,0.0%,0.0%,0.0%,0.7%,2626.0,0,2626,235,2372,0,0,0,0,19
15.01,Jefferson County,Arkansas,0.0%,100.0%,6.4%,89.7%,0.0%,1.0%,0.0%,0.0%,2.8%,3442.0,0,3442,220,3088,1,35,0,0,98
15.02,Jefferson County,Arkansas,0.8%,99.2%,13.9%,84.1%,0.0%,0.0%,0.0%,0.7%,0.6%,3023.0,23,3000,421,2541,0,0,0,20,18
16,Jefferson County,Arkansas,0.4%,99.6%,3.9%,85.4%,0.0%,0.0%,0.0%,0.5%,9.8%,2330.0,9,2321,92,1990,0,0,0,11,228
17,Jefferson County,Arkansas,0.0%,100.0%,5.5%,93.1%,0.0%,0.0%,0.0%,0.0%,1.4%,2088.0,0,2088,115,1943,0,0,0,0,30
18,Jefferson County,Arkansas,0.0%,100.0%,18.1%,77.9%,0.0%,0.0%,4.0%,0.0%,0.0%,2819.0,0,2819,509,2197,0,0,113,0,0
19.01,Jefferson County,Arkansas,4.2%,95.8%,50.0%,44.9%,0.0%,0.0%,0.0%,0.0%,0.9%,972.0,41,931,486,436,0,0,0,0,9
19.03,Jefferson County,Arkansas,6.6%,93.4%,2.3%,88.4%,0.0%,0.0%,0.0%,0.0%,2.6%,2040.0,135,1905,47,1804,0,0,0,0,54
20,Jefferson County,Arkansas,3.8%,96.2%,50.1%,42.3%,0.0%,0.4%,0.0%,1.8%,1.6%,5477.0,209,5268,2745,2318,0,20,0,98,87
21.03,Jefferson County,Arkansas,6.0%,94.0%,49.1%,42.2%,0.1%,0.0%,0.5%,0.4%,1.8%,5054.0,301,4753,2479,2132,7,0,24,19,92
21.04,Jefferson County,Arkansas,1.4%,98.6%,73.1%,20.4%,0.0%,0.3%,0.0%,0.0%,4.9%,4420.0,60,4360,3231,901,1,12,0,0,215
23,Jefferson County,Arkansas,11.7%,88.3%,24.0%,63.4%,0.1%,0.0%,0.0%,0.0%,0.9%,1928.0,225,1703,462,1222,1,0,0,0,18
24,Jefferson County,Arkansas,1.2%,98.8%,86.7%,6.6%,0.0%,2.2%,0.0%,0.0%,3.3%,3891.0,46,3845,3374,256,0,87,0,0,128
25,Jefferson County,Arkansas,0.0%,100.0%,32.0%,67.2%,0.8%,0.0%,0.0%,0.0%,0.0%,997.0,0,997,319,670,8,0,0,0,0
9517,Johnson County,Arkansas,3.1%,96.9%,91.3%,0.3%,0.7%,0.0%,0.0%,0.0%,4.6%,4714.0,146,4568,4302,13,35,0,0,0,218
9518,Johnson County,Arkansas,15.9%,84.1%,77.8%,0.2%,0.0%,2.1%,0.0%,0.0%,4.0%,4406.0,699,3707,3427,8,0,94,0,1,177
9519,Johnson County,Arkansas,24.0%,76.0%,62.5%,5.2%,0.3%,3.9%,0.9%,0.9%,2.5%,3996.0,960,3036,2496,207,10,156,34,34,99
9520,Johnson County,Arkansas,17.7%,82.3%,65.8%,1.9%,0.0%,9.3%,0.0%,0.0%,5.3%,3836.0,678,3158,2526,71,0,356,0,0,205
9521,Johnson County,Arkansas,20.7%,79.3%,69.6%,1.1%,0.0%,4.9%,0.1%,0.0%,3.6%,3982.0,825,3157,2771,43,0,197,2,0,144
9522,Johnson County,Arkansas,4.6%,95.4%,91.1%,0.8%,0.0%,0.2%,0.0%,0.0%,3.3%,4998.0,231,4767,4555,38,0,8,0,0,166
4701.01,Lafayette County,Arkansas,0.5%,99.5%,36.5%,49.7%,0.7%,3.3%,0.0%,0.0%,9.4%,1776.0,8,1768,648,882,12,59,0,0,167
4701.02,Lafayette County,Arkansas,0.3%,99.7%,59.2%,37.4%,0.0%,0.5%,0.0%,0.2%,2.4%,2025.0,6,2019,1198,758,0,10,0,4,49
4702,Lafayette County,Arkansas,1.5%,98.5%,72.1%,24.3%,0.0%,0.0%,0.0%,0.0%,2.2%,2410.0,35,2375,1737,586,0,0,0,0,52
4701,Lawrence County,Arkansas,6.2%,93.8%,90.0%,1.4%,0.6%,0.0%,0.0%,0.3%,1.4%,1751.0,109,1642,1576,25,11,0,0,6,24
4702,Lawrence County,Arkansas,1.7%,98.3%,93.5%,0.2%,0.0%,0.1%,0.0%,0.0%,4.5%,4357.0,74,4283,4072,8,0,6,0,0,197
4703,Lawrence County,Arkansas,1.3%,98.7%,96.1%,1.3%,0.2%,0.1%,0.0%,0.0%,1.1%,1661.0,21,1640,1596,21,4,1,0,0,18
4704,Lawrence County,Arkansas,0.1%,99.9%,97.7%,0.0%,0.0%,0.0%,0.1%,1.3%,0.9%,1279.0,1,1278,1249,0,0,0,1,17,11
4705.01,Lawrence County,Arkansas,2.8%,97.2%,85.2%,1.3%,0.0%,0.0%,0.5%,0.0%,10.2%,2715.0,76,2639,2314,34,0,0,13,0,278
4705.02,Lawrence County,Arkansas,1.5%,98.5%,92.9%,1.6%,0.0%,0.2%,0.0%,0.0%,3.8%,4502.0,67,4435,4183,72,0,8,0,0,172
4701,Lee County,Arkansas,3.5%,96.5%,49.6%,46.2%,0.0%,0.0%,0.0%,0.0%,0.8%,2239.0,78,2161,1110,1034,0,0,0,0,17
4702,Lee County,Arkansas,6.5%,93.5%,62.2%,29.8%,0.0%,0.5%,0.0%,0.0%,1.0%,1657.0,108,1549,1030,494,0,9,0,0,16
4703,Lee County,Arkansas,0.1%,99.9%,16.1%,80.3%,0.0%,0.0%,0.0%,0.0%,3.5%,3577.0,4,3573,575,2874,0,0,0,0,124
4704,Lee County,Arkansas,5.7%,94.3%,53.6%,23.4%,0.0%,0.0%,0.0%,0.0%,17.3%,1038.0,59,979,556,243,0,0,0,0,180
9603,Lincoln County,Arkansas,6.6%,93.4%,76.2%,7.9%,0.0%,0.0%,0.0%,0.0%,9.3%,2424.0,161,2263,1847,191,0,0,0,0,225
9604,Lincoln County,Arkansas,4.8%,95.2%,87.3%,2.0%,0.0%,1.6%,0.0%,0.0%,4.2%,2930.0,142,2788,2557,60,0,47,0,0,124
9605,Lincoln County,Arkansas,4.1%,95.9%,72.9%,19.4%,0.5%,0.0%,0.0%,0.0%,3.2%,2219.0,90,2129,1617,431,10,0,0,0,71
9606,Lincoln County,Arkansas,4.6%,95.4%,37.0%,55.7%,0.5%,0.0%,0.0%,0.4%,1.9%,5393.0,246,5147,1998,3002,26,0,0,21,100
301.01,Little River County,Arkansas,2.3%,97.7%,58.7%,34.6%,1.7%,0.9%,0.0%,0.0%,1.8%,2056.0,48,2008,1206,712,35,19,0,0,36
301.03,Little River County,Arkansas,0.9%,99.1%,96.6%,0.2%,0.0%,0.0%,0.0%,0.4%,1.9%,1628.0,14,1614,1572,4,0,0,0,7,31
301.04,Little River County,Arkansas,5.9%,94.1%,55.2%,34.2%,0.3%,0.0%,0.0%,0.0%,4.4%,2543.0,151,2392,1403,870,8,0,0,0,111
302,Little River County,Arkansas,7.3%,92.7%,60.4%,27.2%,0.9%,0.0%,0.0%,0.0%,4.1%,2463.0,181,2282,1488,669,23,0,0,0,102
303.01,Little River County,Arkansas,1.9%,98.1%,92.7%,0.6%,3.6%,0.0%,0.0%,0.0%,1.2%,1252.0,24,1228,1161,7,45,0,0,0,15
303.02,Little River County,Arkansas,1.3%,98.7%,87.6%,3.9%,0.4%,0.0%,0.0%,0.1%,6.6%,2017.0,27,1990,1766,78,9,0,0,3,134
9501,Logan County,Arkansas,4.4%,95.6%,91.1%,0.0%,0.3%,1.3%,0.0%,0.3%,2.7%,4125.0,180,3945,3757,0,12,54,0,11,111
9502,Logan County,Arkansas,2.0%,98.0%,81.1%,1.9%,0.0%,1.8%,0.0%,0.0%,13.1%,3690.0,75,3615,2992,69,1,68,0,0,485
9503,Logan County,Arkansas,2.3%,97.7%,92.4%,1.0%,0.1%,3.0%,0.0%,0.0%,1.3%,3635.0,85,3550,3357,35,2,109,0,0,47
9504,Logan County,Arkansas,1.9%,98.1%,95.0%,0.1%,0.0%,1.7%,0.0%,0.0%,1.3%,3100.0,60,3040,2944,4,0,53,0,0,39
9505,Logan County,Arkansas,2.6%,97.4%,89.9%,5.3%,0.2%,0.0%,0.0%,0.2%,1.7%,3874.0,101,3773,3484,207,8,0,0,7,67
9506,Logan County,Arkansas,7.3%,92.7%,79.8%,1.7%,0.7%,0.0%,0.0%,0.0%,10.5%,2816.0,206,2610,2246,48,19,0,0,0,297
201.02,Lonoke County,Arkansas,6.6%,93.4%,83.3%,2.4%,0.0%,1.8%,0.0%,0.0%,5.9%,5690.0,373,5317,4742,136,0,105,0,0,334
201.03,Lonoke County,Arkansas,8.1%,91.9%,84.8%,2.3%,0.1%,1.8%,0.5%,0.0%,2.4%,8216.0,666,7550,6964,189,5,148,45,0,199
201.05,Lonoke County,Arkansas,4.3%,95.7%,87.1%,3.7%,0.0%,2.3%,0.0%,0.0%,2.6%,6414.0,279,6135,5586,236,0,148,0,0,165
201.06,Lonoke County,Arkansas,0.0%,100.0%,97.8%,0.0%,0.6%,0.0%,0.0%,0.0%,1.6%,2286.0,0,2286,2235,0,14,0,0,0,37
201.07,Lonoke County,Arkansas,0.0%,100.0%,91.9%,0.9%,0.0%,1.6%,0.0%,0.0%,5.6%,2744.0,0,2744,2522,24,0,45,0,0,153
201.08,Lonoke County,Arkansas,0.5%,99.5%,89.8%,0.9%,0.2%,0.8%,1.3%,0.0%,6.5%,5554.0,26,5528,4990,50,12,44,73,0,359
202.01,Lonoke County,Arkansas,0.8%,99.2%,95.8%,0.0%,0.0%,0.1%,0.0%,0.5%,2.7%,3961.0,32,3929,3796,0,0,5,0,20,108
202.02,Lonoke County,Arkansas,7.9%,92.1%,78.2%,7.8%,0.0%,0.0%,0.0%,0.0%,6.1%,3339.0,265,3074,2611,260,0,0,0,0,203
202.04,Lonoke County,Arkansas,7.9%,92.1%,80.0%,3.7%,0.0%,5.3%,0.0%,0.3%,2.8%,5072.0,402,4670,4060,186,0,269,0,15,140
202.05,Lonoke County,Arkansas,4.0%,96.0%,82.1%,5.2%,0.0%,0.4%,0.0%,0.0%,8.3%,4673.0,188,4485,3838,242,0,18,0,0,387
202.06,Lonoke County,Arkansas,10.0%,90.0%,74.7%,6.3%,0.0%,0.2%,0.0%,0.0%,8.8%,5287.0,529,4758,3949,335,0,9,0,0,465
203.01,Lonoke County,Arkansas,6.7%,93.3%,81.0%,7.5%,0.1%,0.0%,0.0%,2.1%,2.6%,4082.0,273,3809,3305,307,6,0,0,85,106
203.02,Lonoke County,Arkansas,5.0%,95.0%,90.0%,1.9%,0.0%,0.4%,0.0%,0.0%,2.6%,4170.0,207,3963,3755,81,0,18,0,0,109
204,Lonoke County,Arkansas,0.5%,99.5%,86.1%,8.9%,0.2%,0.0%,0.0%,0.0%,4.3%,2931.0,14,2917,2524,261,7,0,0,0,125
205,Lonoke County,Arkansas,5.4%,94.6%,77.4%,15.3%,0.0%,0.1%,0.0%,0.0%,1.8%,5064.0,274,4790,3918,773,0,7,0,0,92
206,Lonoke County,Arkansas,5.6%,94.4%,70.6%,22.7%,0.4%,0.0%,0.0%,0.0%,0.7%,1536.0,86,1450,1084,349,6,0,0,0,11
207,Lonoke County,Arkansas,4.4%,95.6%,69.4%,21.4%,0.3%,0.0%,0.0%,0.0%,4.5%,2640.0,116,2524,1831,565,8,0,0,0,120
208,Lonoke County,Arkansas,13.0%,87.0%,71.9%,10.6%,0.3%,0.0%,0.0%,0.0%,4.3%,1088.0,141,947,782,115,3,0,0,0,47
9601,Madison County,Arkansas,5.4%,94.6%,66.8%,0.0%,0.0%,0.1%,0.0%,0.1%,27.4%,4043.0,220,3823,2699,2,2,5,0,6,1109
9602,Madison County,Arkansas,9.3%,90.7%,71.5%,0.7%,0.9%,0.2%,2.4%,0.0%,14.9%,4409.0,410,3999,3153,31,41,11,105,0,658
9603,Madison County,Arkansas,7.0%,93.0%,73.6%,0.0%,0.0%,0.2%,0.0%,0.0%,19.2%,5423.0,377,5046,3991,0,0,12,0,0,1043
9604,Madison County,Arkansas,0.9%,99.1%,79.0%,0.0%,0.2%,0.4%,1.3%,0.6%,17.6%,3157.0,29,3128,2493,0,7,14,40,18,556
9601,Marion County,Arkansas,2.4%,97.6%,95.5%,0.0%,0.9%,0.0%,0.0%,0.0%,1.1%,4234.0,102,4132,4044,0,40,0,0,0,48
9602.01,Marion County,Arkansas,4.9%,95.1%,87.5%,0.5%,0.0%,0.6%,0.0%,0.0%,6.5%,3563.0,176,3387,3117,18,0,22,0,0,230
9602.02,Marion County,Arkansas,3.5%,96.5%,91.0%,0.3%,0.3%,0.9%,0.0%,0.0%,4.0%,3732.0,129,3603,3397,12,11,35,0,0,148
9603.01,Marion County,Arkansas,0.0%,100.0%,93.6%,0.0%,0.6%,0.0%,0.0%,0.0%,5.8%,2430.0,0,2430,2275,0,15,0,0,0,140
9603.02,Marion County,Arkansas,1.3%,98.7%,93.4%,0.1%,0.0%,2.1%,0.7%,0.4%,2.1%,3117.0,39,3078,2911,2,0,64,22,12,67
201,Miller County,Arkansas,2.9%,97.1%,39.7%,51.6%,0.2%,0.0%,0.0%,0.1%,5.4%,3592.0,104,3488,1427,1855,8,0,0,5,193
202,Miller County,Arkansas,6.2%,93.8%,46.8%,43.9%,0.0%,0.0%,0.0%,0.0%,3.0%,2617.0,163,2454,1226,1150,0,0,0,0,78
204,Miller County,Arkansas,5.1%,94.9%,54.8%,35.2%,1.7%,0.0%,0.0%,0.4%,2.8%,2977.0,151,2826,1632,1047,51,0,0,13,83
205,Miller County,Arkansas,5.5%,94.5%,40.1%,44.8%,0.2%,1.4%,0.0%,0.7%,7.3%,2533.0,139,2394,1015,1135,6,35,0,17,186
206,Miller County,Arkansas,0.0%,100.0%,11.2%,85.5%,0.0%,0.0%,0.0%,0.0%,3.3%,2122.0,0,2122,237,1815,0,0,0,0,70
207.01,Miller County,Arkansas,5.2%,94.8%,69.9%,21.6%,0.3%,1.8%,0.0%,0.4%,0.8%,3504.0,183,3321,2451,756,9,63,0,13,29
207.02,Miller County,Arkansas,0.6%,99.4%,47.3%,50.4%,0.0%,0.0%,0.0%,0.0%,1.7%,3453.0,21,3432,1633,1740,0,0,0,0,59
208.01,Miller County,Arkansas,2.9%,97.1%,71.2%,19.7%,0.4%,2.1%,0.0%,1.0%,2.8%,3014.0,86,2928,2145,595,11,63,0,31,83
208.02,Miller County,Arkansas,14.1%,85.9%,75.3%,3.7%,0.9%,0.0%,0.0%,0.0%,6.0%,2364.0,334,2030,1780,87,21,0,0,0,142
209.01,Miller County,Arkansas,1.3%,98.7%,85.9%,12.7%,0.0%,0.0%,0.0%,0.0%,0.2%,2316.0,30,2286,1989,293,0,0,0,0,4
209.02,Miller County,Arkansas,1.8%,98.2%,91.3%,2.8%,0.6%,2.3%,0.0%,0.0%,1.2%,6160.0,109,6051,5626,175,36,139,0,0,75
210.01,Miller County,Arkansas,0.0%,100.0%,89.1%,5.3%,3.0%,0.0%,0.0%,0.0%,2.7%,3463.0,0,3463,3086,182,103,0,0,0,92
210.02,Miller County,Arkansas,8.3%,91.7%,89.2%,0.5%,1.6%,0.0%,0.0%,0.0%,0.3%,4360.0,363,3997,3891,23,71,0,0,0,12
9800,Miller County,Arkansas,0.0%,100.0%,100.0%,0.0%,0.0%,0.0%,0.0%,0.0%,0.0%,113.0,0,113,113,0,0,0,0,0,0
101,Mississippi County,Arkansas,3.9%,96.1%,22.9%,68.6%,0.0%,0.0%,0.0%,4.1%,0.5%,1641.0,64,1577,375,1125,0,0,0,68,9
102,Mississippi County,Arkansas,10.5%,89.5%,30.5%,54.8%,0.0%,0.0%,0.0%,0.7%,3.5%,4393.0,460,3933,1339,2409,0,0,0,30,155
103,Mississippi County,Arkansas,3.7%,96.3%,11.4%,81.9%,0.0%,0.0%,0.0%,0.0%,3.1%,2503.0,92,2411,285,2049,0,0,0,0,77
106.01,Mississippi County,Arkansas,1.1%,98.9%,54.0%,43.9%,0.0%,0.0%,0.0%,0.0%,1.1%,4421.0,48,4373,2386,1940,0,0,0,0,47
106.02,Mississippi County,Arkansas,0.0%,100.0%,61.1%,34.4%,0.0%,0.0%,0.0%,0.0%,4.4%,1889.0,0,1889,1155,650,0,0,0,0,84
107,Mississippi County,Arkansas,2.7%,97.3%,91.9%,0.9%,0.1%,1.5%,0.0%,0.0%,2.9%,3903.0,105,3798,3588,35,5,58,0,0,112
108.01,Mississippi County,Arkansas,14.8%,85.2%,78.6%,0.6%,0.0%,0.0%,0.0%,0.0%,6.0%,2813.0,415,2398,2211,18,0,0,0,0,169
108.02,Mississippi County,Arkansas,0.0%,100.0%,96.7%,0.5%,0.0%,0.0%,0.0%,0.0%,2.8%,3566.0,0,3566,3448,17,0,0,0,0,101
109,Mississippi County,Arkansas,7.4%,92.6%,57.9%,30.4%,0.0%,0.0%,0.0%,0.1%,4.2%,2076.0,153,1923,1202,631,0,0,0,3,87
110,Mississippi County,Arkansas,4.1%,95.9%,16.5%,74.6%,0.0%,0.0%,0.0%,0.0%,4.8%,3430.0,140,3290,565,2559,0,0,0,0,166
111,Mississippi County,Arkansas,6.7%,93.3%,48.7%,37.4%,0.0%,1.2%,0.0%,0.0%,6.0%,3477.0,232,3245,1695,1302,0,40,0,0,208
112,Mississippi County,Arkansas,1.4%,98.6%,83.5%,11.0%,0.0%,0.3%,0.1%,0.0%,3.7%,2171.0,30,2141,1812,239,0,6,3,0,81
113,Mississippi County,Arkansas,5.0%,95.0%,58.2%,32.7%,0.0%,0.0%,0.0%,0.0%,4.1%,1665.0,84,1581,969,544,0,0,0,0,68
114,Mississippi County,Arkansas,2.1%,97.9%,76.2%,16.6%,0.0%,3.6%,0.0%,0.0%,1.6%,1801.0,38,1763,1372,299,0,64,0,0,28
9501,Monroe County,Arkansas,0.0%,100.0%,45.0%,52.3%,0.0%,1.8%,0.0%,0.0%,1.0%,2951.0,0,2951,1327,1543,0,52,0,0,29
9502,Monroe County,Arkansas,2.1%,97.9%,69.4%,23.6%,0.0%,0.0%,0.0%,0.3%,4.7%,2258.0,47,2211,1566,532,0,0,0,6,107
9503,Monroe County,Arkansas,9.6%,90.4%,45.6%,41.5%,0.0%,1.0%,0.0%,0.0%,2.3%,1472.0,142,1330,671,611,0,14,0,0,34
9530,Montgomery County,Arkansas,1.2%,98.8%,93.6%,1.0%,2.1%,0.0%,0.0%,0.0%,2.1%,3180.0,37,3143,2977,32,67,0,0,0,67
9531,Montgomery County,Arkansas,8.7%,91.3%,87.8%,0.4%,0.7%,0.3%,0.0%,0.3%,1.9%,1963.0,170,1793,1724,8,13,5,0,6,37
9532,Montgomery County,Arkansas,5.9%,94.1%,87.2%,0.9%,0.8%,2.2%,0.0%,0.0%,2.9%,3428.0,203,3225,2988,32,28,77,0,0,100
901,Nevada County,Arkansas,0.8%,99.2%,60.5%,35.4%,0.1%,0.0%,0.0%,0.4%,2.8%,2276.0,18,2258,1378,805,2,0,0,10,63
902,Nevada County,Arkansas,7.9%,92.1%,61.7%,28.7%,0.0%,0.0%,0.2%,0.0%,1.5%,4334.0,344,3990,2676,1243,0,0,7,0,64
903,Nevada County,Arkansas,1.1%,98.9%,68.2%,30.6%,0.0%,0.0%,0.0%,0.0%,0.1%,1618.0,17,1601,1104,495,0,0,0,0,2
1801,Newton County,Arkansas,1.0%,99.0%,93.7%,0.3%,0.1%,0.2%,0.2%,0.5%,4.1%,3687.0,38,3649,3453,11,4,6,7,17,151
1802,Newton County,Arkansas,2.4%,97.6%,91.4%,0.0%,1.8%,0.0%,0.0%,0.0%,4.3%,3488.0,85,3403,3189,0,63,0,0,0,151
9501.01,Ouachita County,Arkansas,7.9%,92.1%,62.4%,23.1%,0.9%,0.0%,0.0%,0.0%,5.7%,2391.0,190,2201,1492,552,21,0,0,0,136
9501.02,Ouachita County,Arkansas,1.5%,98.5%,64.1%,33.0%,0.0%,0.0%,0.0%,0.0%,1.4%,2817.0,42,2775,1805,931,0,0,0,0,39
9502,Ouachita County,Arkansas,0.4%,99.6%,55.2%,40.3%,0.0%,1.8%,0.0%,0.0%,2.4%,2399.0,9,2390,1324,966,0,43,0,0,57
9503.01,Ouachita County,Arkansas,0.0%,100.0%,89.7%,9.8%,0.5%,0.0%,0.0%,0.0%,0.0%,1632.0,0,1632,1464,160,8,0,0,0,0
9503.02,Ouachita County,Arkansas,0.0%,100.0%,60.5%,38.3%,0.0%,0.0%,0.0%,0.0%,1.2%,2949.0,0,2949,1785,1130,0,0,0,0,34
9504,Ouachita County,Arkansas,0.4%,99.6%,37.2%,61.9%,0.0%,0.0%,0.0%,0.0%,0.5%,3478.0,13,3465,1295,2153,0,0,0,0,17
9505,Ouachita County,Arkansas,1.3%,98.7%,56.4%,40.5%,0.4%,0.0%,0.0%,0.0%,1.3%,3345.0,45,3300,1888,1356,12,0,0,0,44
9506,Ouachita County,Arkansas,8.0%,92.0%,31.8%,57.4%,0.0%,0.3%,0.0%,0.0%,2.5%,3306.0,263,3043,1051,1898,0,10,0,0,84
9527,Perry County,Arkansas,0.3%,99.7%,93.9%,2.7%,0.1%,0.1%,0.0%,0.0%,2.9%,5047.0,14,5033,4738,138,5,5,0,0,147
9528,Perry County,Arkansas,7.3%,92.7%,85.2%,0.9%,0.3%,1.1%,0.0%,0.0%,5.1%,3230.0,236,2994,2751,30,11,36,0,0,166
9529,Perry County,Arkansas,4.6%,95.4%,88.3%,0.6%,0.2%,0.0%,0.0%,0.0%,6.3%,1796.0,82,1714,1586,11,4,0,0,0,113
4801,Phillips County,Arkansas,7.7%,92.3%,38.3%,42.7%,0.0%,6.0%,0.0%,0.8%,4.6%,2502.0,192,2310,958,1068,0,149,0,20,115
4802.01,Phillips County,Arkansas,1.8%,98.2%,50.2%,44.4%,0.1%,0.0%,0.0%,0.0%,3.5%,2054.0,37,2017,1031,912,3,0,0,0,71
4802.02,Phillips County,Arkansas,1.2%,98.8%,62.1%,30.7%,0.2%,0.0%,0.0%,0.0%,5.8%,1974.0,24,1950,1225,607,3,0,0,0,115
4803,Phillips County,Arkansas,0.0%,100.0%,22.8%,76.5%,0.0%,0.0%,0.0%,0.0%,0.7%,4944.0,0,4944,1129,3782,0,0,0,0,33
4804,Phillips County,Arkansas,0.0%,100.0%,21.3%,76.7%,0.0%,0.0%,0.0%,0.6%,1.5%,1388.0,0,1388,295,1064,0,0,0,8,21
4805,Phillips County,Arkansas,2.4%,97.6%,13.7%,83.0%,0.0%,0.0%,0.0%,0.0%,1.0%,1802.0,43,1759,246,1495,0,0,0,0,18
4806,Phillips County,Arkansas,0.7%,99.3%,32.3%,66.2%,0.0%,0.0%,0.0%,0.0%,0.7%,1246.0,9,1237,403,825,0,0,0,0,9
9533,Pike County,Arkansas,17.8%,82.2%,77.7%,2.1%,0.0%,0.0%,0.0%,0.0%,2.5%,3510.0,624,2886,2726,73,0,0,0,0,87
9534,Pike County,Arkansas,1.3%,98.7%,94.9%,0.0%,0.0%,0.8%,0.0%,0.0%,3.1%,2391.0,30,2361,2268,0,0,18,0,0,75
9535,Pike County,Arkansas,3.4%,96.6%,83.1%,7.5%,0.0%,0.0%,0.0%,0.1%,5.8%,4281.0,147,4134,3559,319,1,0,0,5,250
4901,Poinsett County,Arkansas,5.2%,94.8%,79.6%,6.3%,0.9%,0.0%,0.1%,0.0%,7.8%,3798.0,197,3601,3023,241,35,0,4,0,298
4902,Poinsett County,Arkansas,0.4%,99.6%,94.7%,0.0%,0.0%,0.0%,0.0%,0.0%,4.9%,1322.0,5,1317,1252,0,0,0,0,0,65
4903,Poinsett County,Arkansas,5.5%,94.5%,78.6%,11.0%,0.0%,0.0%,0.0%,0.0%,4.9%,3067.0,170,2897,2411,336,0,0,0,0,150
4904,Poinsett County,Arkansas,1.6%,98.4%,86.9%,5.6%,0.0%,0.0%,0.0%,0.2%,5.8%,4520.0,72,4448,3927,254,0,0,0,7,260
4905.01,Poinsett County,Arkansas,0.8%,99.2%,95.6%,2.0%,0.0%,0.0%,0.1%,0.0%,1.5%,2972.0,25,2947,2840,58,0,0,3,0,46
4905.02,Poinsett County,Arkansas,5.5%,94.5%,86.9%,4.4%,0.0%,0.0%,0.0%,0.0%,3.2%,3519.0,195,3324,3057,156,0,0,0,0,111
4906,Poinsett County,Arkansas,2.0%,98.0%,86.5%,1.1%,0.0%,0.2%,0.0%,0.0%,10.2%,1418.0,29,1389,1226,16,0,3,0,0,144
4907,Poinsett County,Arkansas,6.9%,93.1%,70.9%,12.7%,4.9%,0.1%,0.0%,0.3%,4.2%,2124.0,147,1977,1505,270,104,2,0,6,90
9501,Polk County,Arkansas,7.0%,93.0%,87.2%,0.0%,1.9%,0.0%,0.0%,0.0%,3.9%,3653.0,254,3399,3187,0,71,0,0,0,141
9502.01,Polk County,Arkansas,4.3%,95.7%,93.2%,0.0%,0.0%,0.0%,0.0%,0.0%,2.6%,1992.0,85,1907,1856,0,0,0,0,0,51
9502.02,Polk County,Arkansas,0.8%,99.2%,95.8%,0.0%,0.9%,0.0%,0.0%,0.0%,2.4%,3036.0,25,3011,2910,0,28,0,0,0,73
9503,Polk County,Arkansas,2.0%,98.0%,89.0%,0.3%,0.5%,0.0%,0.0%,0.0%,8.3%,2916.0,57,2859,2595,8,14,0,0,0,242
9504,Polk County,Arkansas,2.6%,97.4%,90.2%,0.3%,2.7%,0.0%,0.0%,0.0%,4.2%,3075.0,81,2994,2773,10,82,0,0,0,129
9505,Polk County,Arkansas,2.7%,97.3%,83.1%,0.0%,2.2%,0.0%,2.0%,2.5%,7.4%,2122.0,58,2064,1763,0,47,0,43,53,158
9506,Polk County,Arkansas,30.0%,70.0%,66.6%,0.0%,0.0%,0.0%,0.0%,0.7%,2.7%,2554.0,765,1789,1700,0,0,0,0,19,70
9507,Pope County,Arkansas,0.4%,99.6%,95.1%,0.3%,0.2%,0.0%,0.0%,0.0%,3.9%,4037.0,18,4019,3838,14,8,0,0,0,159
9508,Pope County,Arkansas,7.0%,93.0%,90.3%,0.1%,0.0%,0.6%,0.0%,0.0%,1.9%,5045.0,355,4690,4558,6,1,30,0,0,95
9509.01,Pope County,Arkansas,1.9%,98.1%,95.1%,0.0%,1.4%,0.0%,0.0%,0.0%,1.6%,2903.0,56,2847,2760,0,42,0,0,0,45
9509.02,Pope County,Arkansas,6.6%,93.4%,86.3%,1.7%,0.2%,0.0%,0.0%,0.0%,5.2%,4073.0,267,3806,3517,69,9,0,0,0,211
9510,Pope County,Arkansas,2.8%,97.2%,92.5%,0.3%,0.6%,0.0%,0.0%,0.7%,3.1%,4053.0,114,3939,3751,11,25,0,0,28,124
9511,Pope County,Arkansas,0.2%,99.8%,95.1%,1.3%,0.0%,0.0%,0.0%,0.0%,3.4%,3619.0,6,3613,3443,47,0,0,0,0,123
9512.01,Pope County,Arkansas,3.8%,96.2%,89.2%,0.6%,0.0%,0.3%,0.0%,0.0%,6.0%,3548.0,135,3413,3164,23,0,12,0,0,214
9512.02,Pope County,Arkansas,12.0%,88.0%,82.4%,3.7%,0.0%,0.2%,0.0%,0.3%,1.5%,5325.0,638,4687,4386,196,0,11,0,14,80
9513.01,Pope County,Arkansas,24.2%,75.8%,63.0%,5.4%,0.0%,1.3%,0.0%,0.0%,6.2%,1248.0,302,946,786,67,0,16,0,0,77
9513.02,Pope County,Arkansas,28.3%,71.7%,54.4%,6.1%,0.3%,0.0%,0.0%,1.3%,9.5%,3268.0,926,2342,1779,199,10,0,0,43,311
9513.03,Pope County,Arkansas,1.6%,98.4%,91.2%,2.7%,0.2%,0.6%,0.0%,0.0%,3.6%,2966.0,48,2918,2704,81,6,19,0,0,108
9514,Pope County,Arkansas,14.9%,85.1%,67.5%,9.0%,0.6%,4.3%,0.0%,0.0%,3.6%,5021.0,750,4271,3390,452,30,216,0,0,183
9515.01,Pope County,Arkansas,8.3%,91.7%,82.9%,1.5%,0.1%,0.0%,0.0%,0.0%,7.1%,3623.0,302,3321,3004,56,4,0,0,0,257
9515.03,Pope County,Arkansas,6.7%,93.3%,81.5%,2.3%,0.0%,5.1%,0.3%,0.0%,4.1%,2838.0,189,2649,2314,64,0,145,9,0,117
9515.04,Pope County,Arkansas,14.6%,85.4%,73.9%,2.1%,0.0%,0.6%,0.0%,1.2%,7.5%,4946.0,720,4226,3656,104,0,32,0,61,373
9516.01,Pope County,Arkansas,30.8%,69.2%,62.1%,0.5%,0.0%,1.9%,0.5%,0.0%,4.3%,6304.0,1943,4361,3912,30,0,119,29,0,271
9516.02,Pope County,Arkansas,1.4%,98.6%,91.0%,0.0%,0.0%,1.4%,0.0%,0.0%,6.2%,1013.0,14,999,922,0,0,14,0,0,63
4601,Prairie County,Arkansas,3.3%,96.7%,86.8%,6.0%,0.0%,0.0%,0.0%,0.0%,3.9%,3473.0,116,3357,3015,207,0,0,0,0,135
4602,Prairie County,Arkansas,1.9%,98.1%,83.1%,11.6%,0.1%,0.0%,0.0%,0.4%,2.8%,3056.0,57,2999,2540,356,4,0,0,12,87
4603,Prairie County,Arkansas,0.4%,99.6%,79.1%,18.0%,0.0%,0.0%,0.0%,0.0%,2.6%,1633.0,6,1627,1291,294,0,0,0,0,42
5,Pulaski County,Arkansas,2.5%,97.5%,7.1%,85.4%,0.0%,0.0%,0.0%,0.0%,5.0%,1625.0,41,1584,115,1388,0,0,0,0,81
11,Pulaski County,Arkansas,0.0%,100.0%,3.4%,91.1%,0.1%,4.8%,0.0%,0.0%,0.6%,1954.0,0,1954,67,1781,2,93,0,0,11
12,Pulaski County,Arkansas,3.0%,97.0%,25.5%,67.9%,0.0%,0.0%,0.0%,0.0%,3.6%,1787.0,54,1733,456,1213,0,0,0,0,64
13,Pulaski County,Arkansas,2.7%,97.3%,12.7%,83.6%,0.0%,0.0%,0.0%,0.0%,1.0%,2120.0,57,2063,269,1773,0,0,0,0,21
15.01,Pulaski County,Arkansas,4.0%,96.0%,87.8%,3.5%,0.1%,1.2%,0.0%,0.7%,2.6%,3380.0,135,3245,2969,119,4,40,0,25,88
15.02,Pulaski County,Arkansas,2.5%,97.5%,78.3%,12.7%,0.0%,1.7%,1.7%,1.1%,1.9%,3846.0,97,3749,3011,488,1,65,66,44,74
16,Pulaski County,Arkansas,0.7%,99.3%,83.7%,7.9%,1.6%,1.7%,0.0%,0.0%,4.5%,5986.0,39,5947,5012,470,96,101,0,0,268
18,Pulaski County,Arkansas,3.3%,96.7%,13.2%,76.2%,0.0%,0.0%,0.0%,0.0%,7.3%,4454.0,146,4308,588,3395,0,0,0,0,325
19,Pulaski County,Arkansas,4.0%,96.0%,21.1%,71.0%,0.3%,0.9%,0.0%,0.0%,2.6%,3668.0,146,3522,775,2606,12,33,0,0,96
20.01,Pulaski County,Arkansas,40.2%,59.8%,6.6%,52.7%,0.0%,0.0%,0.0%,0.0%,0.5%,6543.0,2632,3911,429,3450,0,0,0,0,32
20.02,Pulaski County,Arkansas,17.9%,82.1%,8.7%,68.7%,0.0%,0.0%,0.0%,0.0%,4.7%,3905.0,700,3205,339,2681,0,0,0,0,185
21.02,Pulaski County,Arkansas,11.7%,88.3%,28.7%,54.0%,0.5%,0.9%,0.3%,0.0%,3.8%,4253.0,499,3754,1222,2296,22,40,13,1,160
21.03,Pulaski County,Arkansas,1.7%,98.3%,59.7%,29.4%,0.0%,7.0%,0.0%,0.0%,2.1%,3363.0,58,3305,2007,990,1,236,0,0,71
21.04,Pulaski County,Arkansas,0.0%,100.0%,78.7%,14.2%,0.5%,2.3%,0.0%,0.0%,4.3%,5289.0,0,5289,4161,750,27,123,0,0,228
22.03,Pulaski County,Arkansas,2.6%,97.4%,60.6%,30.1%,0.0%,0.0%,0.0%,0.8%,5.9%,4267.0,109,4158,2587,1285,0,0,0,36,250
22.06,Pulaski County,Arkansas,3.0%,97.0%,55.3%,37.3%,0.0%,2.3%,0.0%,0.0%,2.2%,3948.0,118,3830,2184,1471,0,89,0,0,86
22.08,Pulaski County,Arkansas,7.5%,92.5%,48.6%,31.9%,1.5%,5.7%,0.5%,0.0%,4.3%,2088.0,157,1931,1014,666,31,120,10,0,90
22.09,Pulaski County,Arkansas,11.2%,88.8%,44.6%,37.9%,0.0%,0.7%,0.0%,0.0%,5.6%,3174.0,356,2818,1415,1204,0,22,0,0,177
22.10,Pulaski County,Arkansas,0.9%,99.1%,80.3%,15.5%,0.0%,0.0%,0.0%,0.0%,3.3%,1975.0,18,1957,1586,306,0,0,0,0,65
22.11,Pulaski County,Arkansas,8.4%,91.6%,48.4%,33.7%,0.0%,1.2%,0.0%,0.0%,8.2%,6512.0,550,5962,3151,2196,0,80,0,0,535
24.03,Pulaski County,Arkansas,8.1%,91.9%,22.2%,66.3%,0.0%,1.2%,0.0%,0.0%,2.3%,3554.0,287,3267,788,2357,0,41,0,0,81
24.05,Pulaski County,Arkansas,27.9%,72.1%,15.4%,56.7%,0.0%,0.0%,0.0%,0.0%,0.0%,6114.0,1705,4409,944,3465,0,0,0,0,0
24.06,Pulaski County,Arkansas,27.1%,72.9%,22.9%,48.3%,0.0%,0.0%,0.0%,0.0%,1.7%,3052.0,826,2226,700,1475,0,0,0,0,51
24.07,Pulaski County,Arkansas,20.4%,79.6%,56.6%,10.9%,0.6%,10.6%,0.0%,0.0%,0.8%,2113.0,432,1681,1197,230,13,224,0,0,17
24.09,Pulaski County,Arkansas,3.9%,96.1%,21.2%,66.1%,0.0%,3.1%,0.0%,0.0%,5.6%,3399.0,133,3266,719,2248,0,107,0,0,192
24.10,Pulaski County,Arkansas,0.1%,99.9%,20.6%,76.6%,0.0%,1.2%,0.0%,0.0%,1.4%,3372.0,5,3367,696,2584,0,39,0,0,48
25,Pulaski County,Arkansas,2.2%,97.8%,52.4%,34.5%,0.0%,4.3%,0.5%,0.0%,6.1%,1259.0,28,1231,660,434,0,54,6,0,77
26,Pulaski County,Arkansas,0.0%,100.0%,13.0%,87.0%,0.0%,0.0%,0.0%,0.0%,0.0%,988.0,0,988,128,860,0,0,0,0,0
27,Pulaski County,Arkansas,10.2%,89.8%,17.8%,66.7%,1.9%,0.0%,0.0%,0.0%,3.4%,5960.0,608,5352,1058,3978,116,0,0,0,200
28,Pulaski County,Arkansas,1.9%,98.1%,0.0%,96.3%,0.0%,0.0%,0.0%,0.0%,1.8%,1820.0,35,1785,0,1753,0,0,0,0,32
29,Pulaski County,Arkansas,14.4%,85.6%,6.8%,77.1%,0.0%,0.0%,0.0%,0.0%,1.7%,1241.0,179,1062,84,957,0,0,0,0,21
30.01,Pulaski County,Arkansas,4.5%,95.5%,42.3%,51.0%,0.2%,1.8%,0.0%,0.0%,0.2%,2596.0,117,2479,1099,1324,4,47,0,0,5
30.02,Pulaski County,Arkansas,4.0%,96.0%,30.6%,64.3%,0.0%,0.0%,0.0%,0.0%,1.1%,2828.0,113,2715,864,1819,0,0,0,0,32
31,Pulaski County,Arkansas,0.7%,99.3%,10.5%,87.8%,1.0%,0.0%,0.0%,0.0%,0.0%,1007.0,7,1000,106,884,10,0,0,0,0
32.02,Pulaski County,Arkansas,11.6%,88.4%,33.0%,52.7%,0.2%,0.0%,0.0%,0.0%,2.5%,6619.0,767,5852,2187,3486,13,0,0,0,166
32.07,Pulaski County,Arkansas,9.5%,90.5%,40.9%,37.3%,0.0%,0.7%,0.0%,0.0%,11.6%,2357.0,225,2132,964,879,0,16,0,0,273
32.08,Pulaski County,Arkansas,10.7%,89.3%,32.7%,47.5%,0.0%,0.0%,0.0%,7.5%,1.6%,5009.0,538,4471,1638,2378,0,0,0,375,80
33.03,Pulaski County,Arkansas,4.5%,95.5%,80.3%,6.1%,0.4%,0.6%,0.0%,0.0%,8.2%,4969.0,225,4744,3989,302,18,30,0,0,405
33.05,Pulaski County,Arkansas,24.9%,75.1%,43.9%,26.6%,0.0%,0.9%,0.0%,0.0%,3.7%,4267.0,1064,3203,1873,1135,0,39,0,0,156
33.06,Pulaski County,Arkansas,4.0%,96.0%,54.4%,32.2%,0.5%,3.9%,0.0%,0.5%,4.5%,3126.0,125,3001,1700,1006,16,122,0,17,140
33.07,Pulaski County,Arkansas,4.3%,95.7%,62.1%,30.3%,0.0%,0.0%,0.0%,0.0%,3.3%,1705.0,73,1632,1058,517,0,0,0,0,57
33.08,Pulaski County,Arkansas,1.0%,99.0%,87.0%,8.2%,0.0%,0.7%,0.0%,1.1%,1.9%,4044.0,42,4002,3520,331,0,30,0,44,77
34.03,Pulaski County,Arkansas,1.1%,98.9%,90.1%,1.6%,0.0%,1.9%,0.0%,0.0%,5.3%,2623.0,28,2595,2364,42,0,51,0,0,138
34.04,Pulaski County,Arkansas,1.2%,98.8%,81.8%,6.8%,0.2%,5.8%,0.0%,0.0%,4.1%,4486.0,54,4432,3669,306,10,261,0,0,186
34.05,Pulaski County,Arkansas,4.0%,96.0%,69.8%,18.7%,0.2%,4.2%,0.0%,0.0%,3.1%,1315.0,53,1262,918,246,2,55,0,0,41
34.06,Pulaski County,Arkansas,2.1%,97.9%,71.0%,20.7%,0.8%,0.7%,0.0%,0.1%,4.6%,4610.0,98,4512,3274,954,38,30,0,3,213
36.04,Pulaski County,Arkansas,1.7%,98.3%,46.2%,40.6%,0.4%,2.3%,0.0%,0.0%,8.8%,6394.0,110,6284,2954,2594,25,146,0,0,565
36.05,Pulaski County,Arkansas,9.2%,90.8%,37.4%,49.9%,0.0%,1.0%,0.0%,0.4%,2.2%,5855.0,537,5318,2187,2921,0,58,0,24,128
36.06,Pulaski County,Arkansas,28.2%,71.8%,29.4%,42.0%,0.0%,0.0%,0.0%,0.0%,0.4%,3484.0,983,2501,1024,1464,0,0,0,0,13
36.07,Pulaski County,Arkansas,7.3%,92.7%,32.2%,50.2%,0.3%,2.9%,0.0%,1.0%,6.1%,4168.0,304,3864,1341,2092,11,122,0,43,255
36.08,Pulaski County,Arkansas,5.0%,95.0%,29.7%,61.4%,0.0%,0.6%,0.0%,0.0%,3.2%,5759.0,290,5469,1711,3536,0,36,0,0,186
36.09,Pulaski County,Arkansas,8.1%,91.9%,45.3%,37.6%,0.0%,1.0%,0.0%,0.0%,8.0%,4553.0,367,4186,2063,1710,0,47,0,0,366
37.03,Pulaski County,Arkansas,3.0%,97.0%,75.9%,17.5%,0.0%,0.2%,0.0%,0.3%,3.1%,6159.0,186,5973,4673,1080,0,12,0,17,191
37.04,Pulaski County,Arkansas,5.5%,94.5%,57.8%,33.4%,0.4%,1.6%,0.0%,0.0%,1.3%,3675.0,203,3472,2123,1226,16,60,0,0,47
37.07,Pulaski County,Arkansas,0.7%,99.3%,62.6%,31.9%,0.0%,0.8%,0.0%,1.3%,2.7%,3857.0,26,3831,2415,1231,0,31,0,50,104
37.11,Pulaski County,Arkansas,1.1%,98.9%,71.5%,26.0%,0.1%,1.2%,0.0%,0.0%,0.1%,5753.0,66,5687,4115,1493,5,67,0,0,7
37.12,Pulaski County,Arkansas,2.3%,97.7%,69.8%,22.6%,0.0%,0.5%,0.0%,0.0%,4.9%,4404.0,100,4304,3073,996,0,20,0,0,215
37.13,Pulaski County,Arkansas,5.6%,94.4%,55.4%,30.3%,0.0%,1.2%,0.0%,0.0%,7.5%,4211.0,236,3975,2332,1277,0,51,0,0,315
37.14,Pulaski County,Arkansas,6.8%,93.2%,56.3%,28.5%,0.0%,1.5%,0.0%,0.1%,6.8%,4822.0,326,4496,2716,1375,0,73,0,3,329
38,Pulaski County,Arkansas,2.0%,98.0%,28.0%,55.6%,0.5%,2.2%,0.0%,0.0%,11.7%,4979.0,101,4878,1396,2767,23,110,0,0,582
39,Pulaski County,Arkansas,1.1%,98.9%,40.6%,53.6%,0.2%,0.0%,0.0%,2.6%,1.9%,4732.0,54,4678,1920,2534,9,0,0,124,91
40.01,Pulaski County,Arkansas,0.0%,100.0%,17.1%,82.5%,0.1%,0.0%,0.0%,0.0%,0.3%,2959.0,0,2959,507,2441,2,0,0,0,9
40.04,Pulaski County,Arkansas,2.6%,97.4%,72.1%,19.3%,0.0%,0.1%,0.0%,0.0%,5.8%,4001.0,105,3896,2886,773,0,5,0,0,232
40.05,Pulaski County,Arkansas,5.9%,94.1%,39.6%,46.3%,0.3%,1.0%,0.2%,0.0%,6.7%,3955.0,233,3722,1566,1832,13,39,8,0,264
40.06,Pulaski County,Arkansas,8.8%,91.2%,63.3%,24.7%,0.2%,0.0%,0.0%,0.7%,2.3%,2975.0,263,2712,1883,734,6,0,0,20,69
40.07,Pulaski County,Arkansas,9.6%,90.4%,19.4%,64.8%,0.9%,0.0%,0.0%,0.0%,5.3%,2124.0,204,1920,412,1376,19,0,0,0,113
41.03,Pulaski County,Arkansas,13.9%,86.1%,15.3%,65.7%,0.6%,0.7%,0.0%,1.1%,2.7%,3757.0,523,3234,574,2469,22,28,0,41,100
41.04,Pulaski County,Arkansas,5.6%,94.4%,34.4%,54.7%,0.1%,0.3%,0.0%,3.1%,1.7%,3157.0,177,2980,1087,1728,3,10,0,98,54
41.05,Pulaski County,Arkansas,34.5%,65.5%,10.6%,53.5%,0.3%,0.0%,0.0%,0.4%,0.8%,6702.0,2311,4391,708,3583,22,0,0,24,54
41.06,Pulaski County,Arkansas,25.0%,75.0%,6.5%,67.4%,0.0%,0.0%,0.0%,0.0%,1.1%,5446.0,1363,4083,355,3669,0,0,0,0,59
41.07,Pulaski County,Arkansas,52.7%,47.3%,10.1%,36.0%,0.0%,0.0%,0.0%,0.0%,1.3%,4383.0,2308,2075,441,1576,0,0,0,0,58
41.08,Pulaski County,Arkansas,37.9%,62.1%,7.4%,54.1%,0.0%,0.0%,0.0%,0.0%,0.6%,6501.0,2463,4038,481,3519,0,0,0,0,38
42.01,Pulaski County,Arkansas,0.4%,99.6%,83.6%,8.2%,0.3%,0.4%,0.0%,0.0%,7.2%,3097.0,12,3085,2588,253,9,12,0,0,223
42.02,Pulaski County,Arkansas,10.0%,90.0%,83.1%,3.7%,0.1%,1.9%,0.0%,0.0%,1.2%,4298.0,430,3868,3571,158,5,82,0,0,52
42.05,Pulaski County,Arkansas,6.2%,93.8%,57.7%,17.4%,0.0%,12.4%,0.0%,0.0%,6.3%,4868.0,302,4566,2808,849,0,604,0,0,305
42.13,Pulaski County,Arkansas,0.3%,99.7%,81.9%,8.8%,0.0%,6.6%,0.0%,0.0%,2.4%,5280.0,17,5263,4323,466,0,346,0,0,128
42.14,Pulaski County,Arkansas,4.2%,95.8%,67.6%,16.4%,0.0%,5.9%,0.0%,0.0%,5.9%,3757.0,158,3599,2539,617,0,221,0,0,222
42.15,Pulaski County,Arkansas,8.7%,91.3%,66.3%,18.0%,0.4%,6.4%,0.0%,0.0%,0.2%,4894.0,425,4469,3244,880,20,314,0,0,11
42.18,Pulaski County,Arkansas,4.7%,95.3%,65.0%,19.4%,0.1%,6.7%,0.0%,0.0%,4.0%,3364.0,159,3205,2185,654,5,226,0,0,135
42.19,Pulaski County,Arkansas,0.0%,100.0%,74.7%,10.8%,0.0%,9.5%,0.6%,0.0%,4.3%,5401.0,0,5401,4034,585,0,515,35,0,232
42.20,Pulaski County,Arkansas,5.9%,94.1%,32.9%,53.6%,0.1%,0.0%,0.0%,0.2%,7.3%,6581.0,386,6195,2164,3529,7,0,0,12,483
42.22,Pulaski County,Arkansas,5.6%,94.4%,54.2%,29.3%,0.0%,7.4%,0.0%,1.0%,2.6%,2230.0,124,2106,1208,654,0,164,0,22,58
42.23,Pulaski County,Arkansas,0.0%,100.0%,79.5%,5.7%,0.4%,9.4%,0.0%,0.0%,5.0%,3584.0,0,3584,2851,203,13,337,0,0,180
42.24,Pulaski County,Arkansas,1.5%,98.5%,78.6%,8.7%,0.0%,9.3%,0.0%,0.0%,1.9%,5938.0,90,5848,4667,516,0,552,0,0,113
42.25,Pulaski County,Arkansas,1.0%,99.0%,55.7%,26.7%,0.0%,14.8%,0.0%,1.1%,0.8%,3245.0,31,3214,1806,867,0,479,0,37,25
42.26,Pulaski County,Arkansas,3.6%,96.4%,26.9%,64.2%,0.6%,0.3%,0.0%,0.0%,4.4%,3233.0,115,3118,869,2076,21,9,0,0,143
42.27,Pulaski County,Arkansas,5.1%,94.9%,82.4%,1.2%,0.0%,3.0%,0.0%,4.4%,4.0%,1298.0,66,1232,1069,15,0,39,0,57,52
42.28,Pulaski County,Arkansas,0.5%,99.5%,69.6%,24.3%,0.0%,5.7%,0.0%,0.0%,0.0%,2771.0,13,2758,1928,672,0,158,0,0,0
42.29,Pulaski County,Arkansas,2.9%,97.1%,75.5%,6.8%,0.9%,10.5%,0.0%,1.3%,2.2%,4274.0,122,4152,3227,289,37,450,0,55,94
43.02,Pulaski County,Arkansas,3.1%,96.9%,72.6%,21.9%,0.6%,0.0%,0.0%,0.0%,1.7%,4935.0,155,4780,3583,1083,31,0,0,0,83
43.06,Pulaski County,Arkansas,3.4%,96.6%,62.0%,27.6%,0.5%,2.0%,0.0%,0.1%,4.4%,6508.0,221,6287,4038,1794,30,131,0,8,286
43.07,Pulaski County,Arkansas,6.6%,93.4%,28.3%,53.7%,0.0%,2.4%,0.0%,0.4%,8.6%,5076.0,334,4742,1438,2726,0,121,0,21,436
43.08,Pulaski County,Arkansas,5.3%,94.7%,57.9%,22.2%,0.0%,6.5%,0.0%,0.0%,8.3%,3159.0,166,2993,1828,700,0,204,0,0,261
43.09,Pulaski County,Arkansas,2.2%,97.8%,74.7%,19.1%,0.0%,3.4%,0.0%,0.0%,0.6%,3389.0,74,3315,2533,647,0,114,0,0,21
43.10,Pulaski County,Arkansas,7.9%,92.1%,68.7%,17.8%,1.0%,1.2%,0.0%,0.0%,3.4%,4053.0,321,3732,2784,722,40,50,0,0,136
43.11,Pulaski County,Arkansas,3.7%,96.3%,75.3%,14.6%,0.0%,1.2%,0.0%,0.0%,5.3%,4159.0,152,4007,3132,606,0,48,0,0,221
44,Pulaski County,Arkansas,6.0%,94.0%,76.5%,13.0%,0.0%,1.2%,0.0%,0.0%,3.3%,2002.0,120,1882,1531,260,0,24,0,0,67
45,Pulaski County,Arkansas,1.7%,98.3%,11.3%,82.2%,0.4%,1.8%,0.0%,0.0%,2.5%,2118.0,37,2081,240,1740,9,38,0,0,54
46,Pulaski County,Arkansas,5.8%,94.2%,39.2%,54.4%,0.0%,0.4%,0.0%,0.0%,0.3%,1839.0,106,1733,720,1001,0,7,0,0,5
47,Pulaski County,Arkansas,11.4%,88.6%,38.8%,46.8%,0.1%,0.3%,0.0%,0.0%,2.7%,3640.0,415,3225,1412,1702,4,10,0,0,97
48.01,Pulaski County,Arkansas,2.6%,97.4%,74.7%,20.9%,0.4%,0.8%,0.0%,0.0%,0.5%,2359.0,61,2298,1763,494,10,19,0,0,12
49.01,Pulaski County,Arkansas,2.6%,97.4%,87.1%,5.9%,0.0%,0.6%,0.0%,0.0%,3.7%,2537.0,67,2470,2210,150,0,16,0,0,94
49.02,Pulaski County,Arkansas,0.1%,99.9%,94.7%,1.3%,0.0%,1.1%,0.0%,0.0%,2.8%,3526.0,3,3523,3340,46,0,40,0,0,97
9801,Pulaski County,Arkansas,-,-,-,-,-,-,-,-,-,0.0,0,0,0,0,0,0,0,0,0
9802,Pulaski County,Arkansas,11.4%,88.6%,54.4%,23.5%,0.0%,5.1%,1.5%,0.0%,4.0%,472.0,54,418,257,111,0,24,7,0,19
9803,Pulaski County,Arkansas,14.8%,85.2%,57.8%,14.3%,0.0%,1.8%,0.1%,0.0%,11.2%,3155.0,468,2687,1824,450,0,58,3,0,352
9804,Pulaski County,Arkansas,0.0%,100.0%,13.1%,86.9%,0.0%,0.0%,0.0%,0.0%,0.0%,574.0,0,574,75,499,0,0,0,0,0
9601,Randolph County,Arkansas,4.9%,95.1%,91.3%,0.0%,0.3%,0.0%,0.1%,0.5%,2.7%,4300.0,212,4088,3928,2,13,1,6,20,118
9602.01,Randolph County,Arkansas,2.5%,97.5%,93.7%,0.0%,0.3%,0.1%,0.0%,0.0%,3.4%,2094.0,52,2042,1962,0,6,3,0,0,71
9602.02,Randolph County,Arkansas,0.3%,99.7%,96.5%,2.1%,0.1%,0.2%,0.0%,0.0%,0.9%,3990.0,11,3979,3849,84,5,6,0,0,35
9603.01,Randolph County,Arkansas,2.4%,97.6%,87.3%,1.2%,0.3%,0.8%,2.7%,0.0%,5.4%,4375.0,103,4272,3819,52,14,35,116,0,236
9603.02,Randolph County,Arkansas,2.1%,97.9%,80.6%,1.9%,0.0%,0.7%,8.7%,0.0%,6.1%,3974.0,83,3891,3202,74,0,29,344,0,242
9601,St. Francis County,Arkansas,6.9%,93.1%,45.4%,42.5%,0.0%,0.0%,0.0%,0.0%,5.2%,2040.0,140,1900,926,867,0,0,0,0,107
9602.01,St. Francis County,Arkansas,1.8%,98.2%,76.8%,17.0%,0.2%,0.3%,0.0%,0.0%,4.0%,1941.0,35,1906,1490,330,3,5,0,0,78
9602.02,St. Francis County,Arkansas,1.5%,98.5%,61.0%,33.6%,0.0%,0.0%,0.0%,1.2%,2.6%,2730.0,41,2689,1666,917,0,0,0,34,72
9603,St. Francis County,Arkansas,0.7%,99.3%,63.8%,33.4%,0.0%,0.0%,0.0%,0.0%,2.0%,2416.0,18,2398,1542,807,0,0,0,0,49
9604,St. Francis County,Arkansas,0.0%,100.0%,7.9%,91.5%,0.0%,0.0%,0.0%,0.0%,0.7%,4348.0,0,4348,342,3977,0,0,0,0,29
9605,St. Francis County,Arkansas,5.8%,94.2%,40.9%,52.5%,0.0%,0.0%,0.0%,0.0%,0.7%,2992.0,175,2817,1225,1572,0,0,0,0,20
9606,St. Francis County,Arkansas,5.6%,94.4%,28.6%,63.7%,0.8%,0.2%,1.1%,0.0%,0.0%,6273.0,351,5922,1793,3996,53,14,66,0,0
101.01,Saline County,Arkansas,6.3%,93.7%,86.2%,6.5%,0.1%,0.1%,0.0%,0.0%,0.9%,3762.0,237,3525,3242,243,5,2,0,0,33
101.04,Saline County,Arkansas,1.9%,98.1%,65.9%,25.2%,0.3%,0.4%,0.0%,0.0%,6.2%,4293.0,80,4213,2829,1083,15,18,0,0,268
101.05,Saline County,Arkansas,3.7%,96.3%,89.8%,3.5%,0.0%,0.0%,0.0%,0.0%,3.0%,5289.0,196,5093,4748,186,0,0,0,0,159
101.06,Saline County,Arkansas,2.1%,97.9%,75.8%,11.6%,0.0%,3.7%,0.0%,0.0%,6.7%,3230.0,68,3162,2449,375,0,121,0,0,217
101.07,Saline County,Arkansas,4.3%,95.7%,77.1%,10.1%,0.5%,2.6%,0.0%,0.2%,5.2%,6082.0,260,5822,4689,613,31,161,0,13,315
103.01,Saline County,Arkansas,7.1%,92.9%,77.9%,9.4%,0.0%,0.6%,0.0%,0.0%,5.0%,4927.0,349,4578,3840,463,0,31,0,0,244
103.02,Saline County,Arkansas,9.7%,90.3%,80.5%,1.7%,0.0%,4.2%,0.0%,0.0%,3.8%,4113.0,401,3712,3310,71,0,174,0,0,157
103.03,Saline County,Arkansas,3.2%,96.8%,89.2%,1.0%,0.2%,3.9%,0.0%,0.0%,2.6%,4364.0,139,4225,3891,43,8,170,0,0,113
104.05,Saline County,Arkansas,4.4%,95.6%,76.7%,13.4%,0.0%,2.7%,0.0%,2.5%,0.3%,4927.0,218,4709,3779,660,0,135,0,122,13
104.06,Saline County,Arkansas,9.4%,90.6%,83.5%,2.5%,1.1%,0.0%,0.0%,0.0%,3.5%,5378.0,507,4871,4491,132,61,0,0,0,187
104.07,Saline County,Arkansas,8.3%,91.7%,87.4%,0.5%,0.1%,0.0%,0.0%,0.0%,3.7%,4844.0,403,4441,4232,25,6,0,0,0,178
104.08,Saline County,Arkansas,4.8%,95.2%,67.4%,21.0%,0.0%,0.5%,0.0%,0.0%,6.4%,7523.0,362,7161,5070,1579,0,34,0,0,478
104.09,Saline County,Arkansas,13.9%,86.1%,65.3%,15.4%,0.0%,0.0%,0.0%,0.0%,5.4%,2869.0,400,2469,1874,441,0,0,0,0,154
104.10,Saline County,Arkansas,17.0%,83.0%,51.6%,27.4%,0.7%,0.0%,0.0%,2.8%,0.6%,2635.0,447,2188,1359,721,19,0,0,74,15
104.11,Saline County,Arkansas,2.5%,97.5%,75.1%,12.3%,0.2%,2.8%,0.0%,1.8%,5.3%,6139.0,155,5984,4612,755,11,169,0,111,326
105.07,Saline County,Arkansas,4.6%,95.4%,93.3%,0.0%,0.6%,0.0%,0.0%,0.2%,1.4%,4256.0,196,4060,3969,0,25,0,0,8,58
105.08,Saline County,Arkansas,0.7%,99.3%,91.9%,0.0%,0.0%,0.8%,0.0%,0.0%,6.5%,4653.0,34,4619,4277,0,0,38,0,0,304
105.09,Saline County,Arkansas,8.9%,91.1%,80.5%,5.8%,0.0%,0.0%,0.0%,1.5%,3.3%,5953.0,529,5424,4790,344,0,0,0,92,198
105.11,Saline County,Arkansas,5.4%,94.6%,84.6%,6.2%,0.0%,0.0%,0.0%,0.0%,3.8%,6902.0,370,6532,5839,431,0,0,0,0,262
105.12,Saline County,Arkansas,0.8%,99.2%,94.7%,0.6%,0.0%,0.6%,0.0%,2.1%,1.2%,3272.0,25,3247,3099,21,0,18,0,70,39
105.13,Saline County,Arkansas,1.9%,98.1%,95.3%,0.2%,0.0%,0.6%,0.0%,0.3%,1.7%,3057.0,59,2998,2914,5,0,18,0,8,53
105.14,Saline County,Arkansas,10.2%,89.8%,78.8%,5.5%,0.0%,0.2%,0.0%,1.6%,3.5%,3283.0,336,2947,2588,182,1,7,0,53,116
105.15,Saline County,Arkansas,2.0%,98.0%,90.0%,1.8%,0.0%,0.6%,0.0%,1.0%,4.6%,2508.0,50,2458,2257,46,0,14,0,26,115
105.16,Saline County,Arkansas,1.4%,98.6%,98.2%,0.3%,0.0%,0.0%,0.0%,0.0%,0.0%,1820.0,26,1794,1788,6,0,0,0,0,0
105.17,Saline County,Arkansas,0.0%,100.0%,97.7%,0.0%,0.2%,1.6%,0.0%,0.5%,0.0%,3156.0,0,3156,3083,0,7,51,0,15,0
105.18,Saline County,Arkansas,29.7%,70.3%,63.9%,1.3%,0.8%,1.9%,0.0%,0.0%,2.4%,3648.0,1084,2564,2331,47,31,69,0,0,86
105.19,Saline County,Arkansas,10.4%,89.6%,70.0%,15.3%,0.2%,0.7%,0.0%,0.5%,2.9%,5010.0,520,4490,3507,768,8,36,0,25,146
105.20,Saline County,Arkansas,41.2%,58.8%,43.5%,13.5%,0.0%,0.0%,0.0%,0.0%,1.8%,1909.0,786,1123,831,258,0,0,0,0,34
106.01,Saline County,Arkansas,10.9%,89.1%,65.0%,15.8%,0.2%,0.8%,0.0%,0.0%,7.3%,3416.0,373,3043,2222,539,6,27,0,0,249
106.02,Saline County,Arkansas,6.6%,93.4%,74.5%,13.4%,0.0%,0.0%,0.0%,0.0%,5.4%,2506.0,166,2340,1868,336,0,0,0,0,136
9501,Scott County,Arkansas,0.5%,99.5%,89.5%,0.0%,0.3%,2.0%,0.0%,0.0%,7.6%,3853.0,20,3833,3450,0,11,78,0,0,294
9502,Scott County,Arkansas,18.7%,81.3%,76.4%,0.0%,0.0%,0.0%,0.1%,0.0%,4.7%,3899.0,730,3169,2980,0,0,0,5,0,184
9503,Scott County,Arkansas,0.9%,99.1%,86.1%,7.1%,0.6%,2.7%,0.0%,0.0%,2.6%,2087.0,18,2069,1797,148,12,57,0,0,55
9701,Searcy County,Arkansas,2.3%,97.7%,90.0%,0.0%,0.3%,0.0%,0.0%,0.0%,7.5%,2207.0,50,2157,1986,0,6,0,0,0,165
9702,Searcy County,Arkansas,2.3%,97.7%,84.4%,0.2%,0.6%,0.0%,0.0%,0.0%,12.5%,3587.0,82,3505,3028,6,22,0,0,0,449
9703,Searcy County,Arkansas,1.9%,98.1%,92.8%,0.0%,3.1%,0.8%,0.0%,0.0%,1.3%,2067.0,40,2027,1918,0,65,17,0,0,27
1,Sebastian County,Arkansas,43.7%,56.3%,24.9%,11.0%,0.7%,15.7%,0.0%,0.0%,4.0%,6758.0,2955,3803,1682,744,47,1058,0,0,272
2,Sebastian County,Arkansas,42.0%,58.0%,30.7%,7.5%,1.2%,10.4%,0.0%,0.0%,8.2%,5740.0,2409,3331,1760,431,70,597,0,0,473
3,Sebastian County,Arkansas,46.1%,53.9%,27.2%,10.8%,0.7%,1.2%,0.0%,0.7%,13.2%,2416.0,1114,1302,658,261,17,30,0,16,320
4,Sebastian County,Arkansas,36.4%,63.6%,28.0%,19.2%,0.0%,3.2%,0.0%,0.3%,12.9%,3066.0,1117,1949,860,588,0,97,0,9,395
5.01,Sebastian County,Arkansas,49.8%,50.2%,35.8%,6.4%,0.3%,5.2%,0.0%,0.0%,2.5%,5482.0,2729,2753,1960,352,15,287,0,0,139
5.02,Sebastian County,Arkansas,35.5%,64.5%,35.5%,18.5%,1.9%,6.3%,0.0%,1.2%,1.0%,2573.0,914,1659,914,475,49,162,0,32,27
6,Sebastian County,Arkansas,5.4%,94.6%,80.6%,5.0%,0.1%,0.5%,0.0%,0.0%,8.3%,5086.0,273,4813,4099,256,7,27,0,0,424
7,Sebastian County,Arkansas,24.2%,75.8%,56.5%,8.0%,0.8%,3.1%,0.0%,0.0%,7.4%,4620.0,1119,3501,2609,370,39,141,0,0,342
8,Sebastian County,Arkansas,22.4%,77.6%,57.1%,9.0%,0.3%,1.5%,0.0%,0.0%,9.7%,4201.0,941,3260,2398,378,13,62,0,0,409
10.01,Sebastian County,Arkansas,13.9%,86.1%,69.8%,4.9%,0.4%,2.6%,3.8%,0.0%,4.5%,4096.0,570,3526,2860,201,17,107,157,0,184
10.02,Sebastian County,Arkansas,6.2%,93.8%,82.1%,4.1%,0.9%,0.0%,0.0%,0.0%,6.6%,2551.0,159,2392,2095,104,24,0,0,0,169
11.01,Sebastian County,Arkansas,10.4%,89.6%,64.7%,12.6%,2.3%,3.7%,0.0%,0.0%,6.3%,4299.0,447,3852,2780,543,101,158,0,0,270
11.02,Sebastian County,Arkansas,13.9%,86.1%,54.9%,17.8%,0.6%,2.5%,0.0%,0.0%,10.2%,3493.0,485,3008,1918,622,21,89,0,0,358
12.01,Sebastian County,Arkansas,10.8%,89.2%,78.5%,5.9%,0.9%,1.6%,0.0%,0.0%,2.3%,4095.0,441,3654,3215,243,37,65,0,0,94
12.02,Sebastian County,Arkansas,2.7%,97.3%,54.4%,19.1%,0.4%,5.4%,0.0%,0.0%,18.0%,2737.0,75,2662,1488,523,11,147,0,0,493
13.01,Sebastian County,Arkansas,1.5%,98.5%,83.1%,4.3%,0.4%,3.2%,0.0%,3.0%,4.4%,2527.0,37,2490,2100,108,11,82,0,77,112
13.05,Sebastian County,Arkansas,6.9%,93.1%,83.4%,0.3%,0.1%,4.4%,0.0%,0.0%,4.8%,4735.0,328,4407,3950,14,7,207,0,0,229
13.06,Sebastian County,Arkansas,7.3%,92.7%,67.8%,4.3%,0.0%,7.8%,0.0%,1.2%,11.7%,4873.0,355,4518,3303,209,0,378,0,59,569
13.07,Sebastian County,Arkansas,4.4%,95.6%,76.0%,4.7%,0.2%,8.4%,0.0%,0.0%,6.2%,3410.0,151,3259,2590,161,8,287,0,0,213
13.08,Sebastian County,Arkansas,12.6%,87.4%,73.7%,2.5%,0.0%,7.9%,0.0%,0.0%,3.3%,3994.0,504,3490,2942,99,0,317,0,0,132
13.09,Sebastian County,Arkansas,6.3%,93.7%,52.7%,8.4%,1.2%,25.0%,0.0%,0.2%,6.2%,1658.0,104,1554,874,139,20,414,0,4,103
13.10,Sebastian County,Arkansas,11.9%,88.1%,73.4%,1.9%,1.1%,3.0%,0.0%,0.0%,8.7%,4921.0,586,4335,3611,94,56,147,0,0,427
13.11,Sebastian County,Arkansas,1.8%,98.2%,87.0%,2.0%,1.1%,3.7%,0.0%,0.0%,4.4%,3964.0,72,3892,3448,80,42,146,0,0,176
13.12,Sebastian County,Arkansas,11.1%,88.9%,74.2%,0.3%,2.8%,5.0%,0.0%,0.0%,6.6%,3993.0,445,3548,2961,12,112,201,0,0,262
101.01,Sebastian County,Arkansas,3.8%,96.2%,90.1%,0.3%,0.2%,0.1%,0.0%,0.0%,5.5%,5780.0,219,5561,5207,20,10,8,0,0,316
101.02,Sebastian County,Arkansas,7.6%,92.4%,85.1%,1.7%,0.3%,0.1%,0.0%,0.3%,4.9%,5840.0,446,5394,4971,102,15,3,0,15,288
102.01,Sebastian County,Arkansas,2.8%,97.2%,87.8%,0.2%,1.0%,0.2%,0.0%,0.0%,8.0%,5138.0,144,4994,4510,9,53,9,0,0,413
102.02,Sebastian County,Arkansas,10.0%,90.0%,84.8%,0.2%,0.6%,0.0%,0.0%,0.0%,4.4%,3940.0,393,3547,3343,6,23,0,0,0,175
103.01,Sebastian County,Arkansas,4.3%,95.7%,83.6%,2.7%,0.3%,1.2%,0.0%,0.0%,7.9%,6024.0,258,5766,5037,163,17,73,0,0,476
103.03,Sebastian County,Arkansas,4.0%,96.0%,86.0%,1.2%,0.9%,2.9%,0.0%,0.1%,4.9%,2857.0,115,2742,2456,34,26,83,0,4,139
103.04,Sebastian County,Arkansas,3.3%,96.7%,89.6%,0.3%,0.4%,0.0%,0.0%,0.0%,6.3%,3581.0,118,3463,3210,12,15,1,0,0,225
801,Sevier County,Arkansas,19.7%,80.3%,73.4%,3.9%,1.1%,0.0%,0.0%,0.0%,2.0%,3334.0,656,2678,2446,130,36,0,0,0,66
802,Sevier County,Arkansas,29.7%,70.3%,58.7%,1.3%,3.4%,1.2%,0.0%,1.0%,4.7%,3867.0,1150,2717,2269,50,130,45,0,40,183
803,Sevier County,Arkansas,62.1%,37.9%,26.1%,5.6%,1.0%,0.0%,3.5%,0.2%,1.4%,5807.0,3604,2203,1517,328,58,0,205,14,81
804,Sevier County,Arkansas,4.6%,95.4%,80.3%,8.2%,1.3%,0.0%,0.0%,1.2%,4.5%,2789.0,128,2661,2239,229,35,0,0,33,125
4701,Sharp County,Arkansas,0.2%,99.8%,92.1%,0.1%,0.8%,0.3%,0.2%,0.0%,6.5%,1984.0,4,1980,1828,1,15,5,3,0,128
4702.01,Sharp County,Arkansas,2.7%,97.3%,87.2%,0.7%,0.0%,0.9%,0.0%,0.0%,8.6%,2745.0,74,2671,2393,19,0,24,0,0,235
4702.02,Sharp County,Arkansas,2.7%,97.3%,90.9%,0.3%,0.0%,0.7%,0.0%,0.0%,5.4%,3053.0,82,2971,2775,8,1,21,0,0,166
4703,Sharp County,Arkansas,1.7%,98.3%,91.4%,0.7%,0.0%,0.7%,0.0%,0.0%,5.5%,3757.0,63,3694,3435,28,0,26,0,0,205
4704.01,Sharp County,Arkansas,0.8%,99.2%,95.6%,1.3%,0.0%,0.0%,0.0%,0.0%,2.3%,3152.0,24,3128,3014,42,0,0,0,0,72
4704.02,Sharp County,Arkansas,5.6%,94.4%,90.1%,0.3%,0.2%,0.8%,0.0%,0.0%,3.0%,2906.0,162,2744,2619,9,5,23,0,0,88
9501,Stone County,Arkansas,0.1%,99.9%,90.9%,0.0%,0.6%,0.2%,0.0%,0.0%,8.2%,4741.0,4,4737,4309,0,30,8,0,0,390
9502.01,Stone County,Arkansas,0.0%,100.0%,89.0%,0.0%,0.8%,0.0%,0.0%,0.0%,10.2%,1300.0,0,1300,1157,0,10,0,0,0,133
9502.03,Stone County,Arkansas,8.9%,91.1%,83.7%,0.0%,1.0%,1.3%,0.0%,0.0%,5.0%,2720.0,243,2477,2277,0,28,36,0,0,136
9502.04,Stone County,Arkansas,0.5%,99.5%,94.8%,0.4%,0.7%,0.0%,0.0%,0.0%,3.6%,3713.0,19,3694,3519,13,27,0,0,0,135
9501,Union County,Arkansas,1.9%,98.1%,47.4%,49.4%,0.0%,0.1%,0.0%,0.2%,0.9%,2853.0,54,2799,1353,1408,0,4,0,7,27
9502,Union County,Arkansas,4.2%,95.8%,81.0%,12.2%,0.1%,1.0%,0.0%,0.0%,1.5%,3489.0,146,3343,2826,425,3,35,0,0,54
9503,Union County,Arkansas,0.8%,99.2%,69.8%,24.8%,0.0%,0.0%,0.0%,0.0%,4.6%,2733.0,23,2710,1907,677,0,0,0,0,126
9504.01,Union County,Arkansas,4.6%,95.4%,77.1%,14.5%,0.0%,0.0%,0.0%,0.0%,3.8%,1840.0,84,1756,1419,267,0,0,0,0,70
9504.02,Union County,Arkansas,5.2%,94.8%,71.3%,18.9%,0.3%,0.0%,0.0%,0.0%,4.3%,3758.0,194,3564,2680,712,10,0,0,0,162
9505.01,Union County,Arkansas,6.8%,93.2%,86.3%,4.8%,0.3%,0.0%,0.0%,0.0%,1.8%,3273.0,221,3052,2826,158,9,0,0,0,59
9505.02,Union County,Arkansas,0.0%,100.0%,87.8%,11.9%,0.0%,0.0%,0.0%,0.0%,0.3%,2614.0,0,2614,2295,312,0,0,0,0,7
9506,Union County,Arkansas,3.2%,96.8%,45.1%,41.9%,0.0%,4.9%,0.0%,0.0%,4.9%,3427.0,109,3318,1546,1435,0,168,0,0,169
9507,Union County,Arkansas,1.0%,99.0%,57.2%,38.3%,0.0%,2.4%,0.0%,0.0%,1.1%,4718.0,47,4671,2698,1807,0,112,0,0,54
9508,Union County,Arkansas,11.6%,88.4%,60.8%,26.7%,0.0%,0.0%,0.0%,0.0%,1.0%,3150.0,364,2786,1914,842,0,0,0,0,30
9509,Union County,Arkansas,0.2%,99.8%,22.3%,75.5%,0.0%,0.0%,0.0%,0.0%,2.1%,2298.0,4,2294,512,1734,0,0,0,0,48
9510,Union County,Arkansas,12.0%,88.0%,21.6%,61.3%,0.5%,0.0%,0.0%,0.0%,4.6%,4215.0,505,3710,911,2585,19,0,0,0,195
4601,Van Buren County,Arkansas,0.1%,99.9%,99.4%,0.2%,0.0%,0.0%,0.0%,0.0%,0.2%,4022.0,6,4016,3999,7,0,0,0,0,10
4602,Van Buren County,Arkansas,10.7%,89.3%,88.4%,0.6%,0.2%,0.0%,0.0%,0.0%,0.1%,3192.0,342,2850,2822,19,5,0,0,0,4
4603.01,Van Buren County,Arkansas,9.8%,90.2%,87.3%,1.1%,0.1%,0.3%,0.0%,0.0%,1.4%,1742.0,170,1572,1521,20,2,5,0,0,24
4603.03,Van Buren County,Arkansas,0.0%,100.0%,90.4%,0.0%,0.0%,3.9%,0.0%,0.0%,5.7%,1494.0,0,1494,1351,0,0,58,0,0,85
4603.04,Van Buren County,Arkansas,0.6%,99.4%,94.5%,0.6%,0.7%,0.0%,0.5%,0.0%,3.1%,1892.0,11,1881,1788,12,13,0,10,0,58
4604,Van Buren County,Arkansas,0.1%,99.9%,88.2%,1.2%,2.8%,0.0%,0.0%,0.0%,7.7%,3594.0,4,3590,3169,43,102,0,0,0,276
101.01,Washington County,Arkansas,17.3%,82.7%,64.2%,3.4%,0.3%,3.6%,1.7%,0.7%,8.8%,4446.0,771,3675,2854,150,15,159,75,29,393
101.07,Washington County,Arkansas,2.5%,97.5%,84.0%,1.6%,0.0%,2.6%,0.0%,0.9%,8.4%,6629.0,166,6463,5569,103,0,171,0,60,560
101.08,Washington County,Arkansas,2.3%,97.7%,89.4%,0.3%,0.3%,4.0%,0.0%,0.1%,3.7%,5812.0,131,5681,5195,20,16,231,0,5,214
101.09,Washington County,Arkansas,5.6%,94.4%,84.8%,0.1%,1.4%,0.2%,0.0%,0.1%,7.8%,3223.0,179,3044,2734,3,44,7,0,3,253
101.10,Washington County,Arkansas,5.8%,94.2%,82.6%,4.8%,0.0%,3.3%,1.9%,0.0%,1.6%,4829.0,281,4548,3988,232,0,159,90,0,79
101.11,Washington County,Arkansas,1.1%,98.9%,70.2%,0.0%,0.5%,1.6%,0.0%,0.3%,26.3%,2051.0,23,2028,1440,0,11,32,0,6,539
101.12,Washington County,Arkansas,3.3%,96.7%,87.8%,0.0%,1.5%,0.0%,0.0%,0.0%,7.4%,2593.0,85,2508,2276,0,40,0,0,0,192
101.13,Washington County,Arkansas,10.2%,89.8%,76.4%,2.7%,0.2%,3.8%,0.0%,0.0%,6.7%,7841.0,800,7041,5992,208,18,299,0,0,524
101.14,Washington County,Arkansas,6.9%,93.1%,84.8%,1.4%,0.0%,3.1%,0.0%,0.2%,3.7%,3141.0,217,2924,2662,44,0,96,0,5,117
101.15,Washington County,Arkansas,8.9%,91.1%,80.9%,1.7%,0.1%,2.1%,0.0%,0.0%,6.3%,3993.0,357,3636,3230,69,3,84,0,0,250
102.01,Washington County,Arkansas,52.4%,47.6%,24.9%,1.4%,0.0%,0.2%,15.3%,0.0%,5.9%,3804.0,1992,1812,946,53,0,6,583,0,224
102.02,Washington County,Arkansas,52.7%,47.3%,10.5%,3.7%,1.3%,0.0%,22.2%,0.0%,9.6%,3615.0,1906,1709,379,133,46,0,804,0,347
103.03,Washington County,Arkansas,45.8%,54.2%,31.3%,4.0%,0.0%,6.1%,3.9%,0.0%,9.0%,6606.0,3024,3582,2066,264,0,400,258,0,594
103.04,Washington County,Arkansas,35.0%,65.0%,30.0%,12.0%,0.1%,0.3%,19.3%,0.0%,3.3%,5316.0,1859,3457,1597,640,6,15,1026,0,173
103.05,Washington County,Arkansas,57.2%,42.8%,25.9%,3.4%,0.6%,4.0%,4.9%,0.4%,3.5%,5582.0,3192,2390,1448,188,36,225,273,22,198
103.06,Washington County,Arkansas,62.1%,37.9%,12.9%,4.6%,0.3%,3.4%,4.4%,0.0%,12.4%,4620.0,2868,1752,596,212,13,155,202,0,574
103.07,Washington County,Arkansas,47.8%,52.2%,9.6%,1.3%,0.0%,0.0%,38.3%,1.0%,1.9%,4951.0,2368,2583,475,64,0,0,1898,51,95
104.01,Washington County,Arkansas,49.4%,50.6%,38.9%,0.4%,0.2%,0.0%,6.1%,0.0%,4.9%,6361.0,3144,3217,2477,28,12,0,387,0,313
104.02,Washington County,Arkansas,40.1%,59.9%,38.2%,0.0%,1.2%,0.0%,9.0%,2.9%,8.6%,5652.0,2266,3386,2159,0,67,0,511,164,485
104.04,Washington County,Arkansas,77.1%,22.9%,16.1%,0.2%,0.0%,2.2%,0.0%,0.0%,4.4%,2768.0,2135,633,445,6,0,60,0,0,122
104.05,Washington County,Arkansas,25.8%,74.2%,47.1%,2.7%,0.5%,5.3%,0.0%,2.7%,15.8%,5778.0,1491,4287,2722,158,28,309,0,158,912
105.01,Washington County,Arkansas,12.2%,87.8%,75.6%,1.2%,0.5%,1.4%,1.8%,0.0%,7.3%,8003.0,977,7026,6052,93,42,111,143,0,585
105.08,Washington County,Arkansas,5.9%,94.1%,82.4%,4.4%,0.5%,2.3%,0.0%,0.0%,4.5%,6999.0,410,6589,5770,308,35,164,0,0,312
105.10,Washington County,Arkansas,39.3%,60.7%,43.6%,0.1%,0.6%,2.5%,0.7%,0.6%,12.7%,4806.0,1888,2918,2095,4,30,118,32,27,612
105.11,Washington County,Arkansas,13.7%,86.3%,64.8%,4.3%,0.0%,1.5%,2.0%,0.0%,13.9%,5787.0,790,4997,3748,246,0,85,116,0,802
105.12,Washington County,Arkansas,29.7%,70.3%,54.6%,3.0%,0.3%,6.9%,0.6%,0.0%,5.0%,5053.0,1499,3554,2760,153,13,347,30,0,251
105.13,Washington County,Arkansas,9.0%,91.0%,67.1%,0.0%,1.4%,5.2%,0.0%,0.0%,17.2%,3242.0,292,2950,2177,0,45,168,1,0,559
105.14,Washington County,Arkansas,5.2%,94.8%,63.9%,0.3%,0.2%,0.6%,0.0%,0.0%,29.9%,3916.0,203,3713,2503,10,6,22,0,0,1172
105.15,Washington County,Arkansas,11.6%,88.4%,75.5%,0.4%,0.1%,0.0%,0.0%,0.0%,12.4%,6937.0,802,6135,5240,25,8,0,0,0,862
105.16,Washington County,Arkansas,4.5%,95.5%,71.7%,6.8%,2.5%,0.0%,0.0%,0.0%,14.5%,4414.0,200,4214,3165,301,109,0,0,0,639
105.17,Washington County,Arkansas,5.2%,94.8%,73.2%,1.2%,0.0%,1.9%,0.0%,0.0%,18.3%,5505.0,289,5216,4031,68,2,105,2,0,1008
105.18,Washington County,Arkansas,10.7%,89.3%,66.6%,0.5%,0.0%,4.4%,3.2%,0.0%,14.5%,4196.0,450,3746,2796,20,0,184,135,1,610
105.19,Washington County,Arkansas,13.2%,86.8%,71.5%,0.3%,0.0%,1.1%,0.0%,0.0%,13.9%,4827.0,635,4192,3452,13,0,55,0,0,672
105.20,Washington County,Arkansas,15.4%,84.6%,70.0%,3.6%,0.6%,3.5%,0.0%,0.0%,6.9%,3931.0,604,3327,2750,143,22,139,0,0,273
105.21,Washington County,Arkansas,19.7%,80.3%,73.7%,0.4%,0.9%,1.4%,0.0%,0.0%,3.8%,3537.0,697,2840,2607,15,32,51,0,0,135
106.01,Washington County,Arkansas,15.4%,84.6%,62.5%,8.0%,0.0%,8.4%,0.0%,0.0%,5.6%,3009.0,464,2545,1881,242,0,252,0,0,170
106.02,Washington County,Arkansas,9.3%,90.7%,65.5%,5.4%,0.6%,4.7%,0.0%,1.9%,12.7%,3834.0,357,3477,2510,206,23,179,0,71,488
107.03,Washington County,Arkansas,14.2%,85.8%,48.4%,18.8%,0.0%,1.1%,0.0%,0.4%,17.1%,3369.0,479,2890,1629,635,0,36,0,13,577
107.04,Washington County,Arkansas,3.4%,96.6%,64.8%,5.5%,1.3%,9.4%,0.2%,0.1%,15.4%,4533.0,153,4380,2939,248,57,425,10,3,698
107.05,Washington County,Arkansas,11.6%,88.4%,68.7%,8.8%,0.0%,0.0%,0.0%,1.5%,9.5%,3770.0,436,3334,2591,331,0,0,0,55,357
107.06,Washington County,Arkansas,1.8%,98.2%,78.2%,4.9%,0.0%,0.7%,0.0%,0.0%,14.2%,2164.0,40,2124,1693,107,0,16,0,0,308
110.02,Washington County,Arkansas,5.5%,94.5%,76.0%,0.0%,0.6%,0.4%,0.0%,0.6%,17.0%,5750.0,314,5436,4369,0,33,22,0,34,978
110.03,Washington County,Arkansas,4.2%,95.8%,87.1%,0.8%,0.4%,0.1%,0.0%,0.0%,7.4%,4693.0,198,4495,4087,37,20,6,0,0,345
110.04,Washington County,Arkansas,10.0%,90.0%,75.3%,0.0%,1.7%,2.9%,0.9%,1.0%,8.1%,4308.0,429,3879,3246,0,74,126,39,45,349
110.05,Washington County,Arkansas,5.8%,94.2%,78.9%,1.0%,1.6%,2.2%,0.0%,0.0%,10.5%,4011.0,231,3780,3165,40,63,89,0,1,422
110.06,Washington County,Arkansas,1.1%,98.9%,84.3%,4.1%,0.6%,1.0%,0.0%,0.7%,8.3%,6304.0,69,6235,5316,256,36,63,0,42,522
111.03,Washington County,Arkansas,2.2%,97.8%,82.4%,0.3%,0.3%,1.6%,0.0%,0.4%,12.8%,4559.0,102,4457,3756,13,14,72,0,18,584
111.04,Washington County,Arkansas,10.2%,89.8%,55.4%,10.2%,1.5%,1.1%,0.0%,0.0%,21.6%,4030.0,412,3618,2232,411,62,43,0,0,870
111.05,Washington County,Arkansas,17.7%,82.3%,61.5%,8.5%,0.4%,0.9%,0.9%,0.0%,10.1%,5064.0,896,4168,3114,432,19,48,45,0,510
111.06,Washington County,Arkansas,15.5%,84.5%,72.4%,0.1%,0.4%,0.5%,0.0%,1.5%,9.5%,3893.0,602,3291,2820,5,17,21,0,57,371
111.07,Washington County,Arkansas,3.8%,96.2%,77.6%,2.5%,0.8%,0.7%,0.0%,0.0%,14.5%,5313.0,202,5111,4122,135,45,38,0,0,771
112,Washington County,Arkansas,54.8%,45.2%,29.2%,3.0%,0.0%,0.9%,6.7%,0.0%,5.4%,2462.0,1350,1112,718,74,0,22,165,0,133
113.01,Washington County,Arkansas,3.6%,96.4%,73.2%,9.3%,1.6%,6.0%,0.0%,0.1%,6.3%,6893.0,248,6645,5043,642,108,413,0,6,433
113.02,Washington County,Arkansas,7.7%,92.3%,75.0%,3.9%,0.2%,2.5%,0.3%,1.6%,8.9%,3140.0,241,2899,2354,123,6,78,9,51,278
701,White County,Arkansas,6.1%,93.9%,86.0%,0.1%,0.1%,0.4%,0.0%,0.8%,6.5%,3320.0,202,3118,2856,4,3,14,0,26,215
702,White County,Arkansas,3.3%,96.7%,89.8%,0.0%,0.0%,2.1%,0.0%,0.0%,4.8%,5641.0,185,5456,5065,0,1,121,0,0,269
703,White County,Arkansas,3.1%,96.9%,94.1%,0.0%,0.0%,0.0%,0.0%,0.1%,2.7%,5012.0,157,4855,4714,0,1,0,0,6,134
704.01,White County,Arkansas,3.7%,96.3%,92.2%,1.6%,0.0%,0.0%,0.0%,0.0%,2.6%,5479.0,200,5279,5052,87,0,0,0,0,140
704.02,White County,Arkansas,5.4%,94.6%,73.6%,17.5%,0.0%,0.8%,0.0%,0.0%,2.8%,4258.0,231,4027,3133,744,0,32,0,0,118
705.01,White County,Arkansas,2.4%,97.6%,92.0%,0.2%,0.0%,0.0%,0.0%,0.0%,5.4%,3372.0,82,3290,3102,7,0,0,0,0,181
705.02,White County,Arkansas,4.0%,96.0%,87.6%,0.9%,0.0%,0.0%,0.0%,0.0%,7.6%,2686.0,108,2578,2352,23,0,0,0,0,203
706,White County,Arkansas,4.1%,95.9%,90.4%,0.4%,0.4%,0.0%,0.0%,0.0%,4.7%,3580.0,147,3433,3236,14,14,0,0,0,169
707,White County,Arkansas,9.8%,90.2%,77.7%,5.6%,0.0%,2.8%,0.0%,0.8%,3.3%,3776.0,371,3405,2934,213,0,105,0,30,123
708.01,White County,Arkansas,5.5%,94.5%,83.3%,8.3%,0.2%,0.2%,0.0%,0.0%,2.5%,3532.0,194,3338,2943,294,8,6,0,0,87
708.02,White County,Arkansas,12.9%,87.1%,66.3%,13.4%,0.1%,3.9%,0.0%,0.0%,3.4%,2668.0,345,2323,1768,358,2,104,0,0,91
709.01,White County,Arkansas,2.1%,97.9%,80.8%,7.7%,0.0%,1.3%,0.0%,0.0%,8.0%,4688.0,97,4591,3787,363,0,63,0,2,376
709.02,White County,Arkansas,3.9%,96.1%,88.9%,4.7%,0.0%,0.0%,0.0%,1.2%,1.5%,4607.0,178,4429,4094,215,0,0,0,53,67
710.01,White County,Arkansas,3.0%,97.0%,89.7%,2.4%,0.5%,0.0%,0.0%,0.0%,4.4%,3098.0,93,3005,2779,75,14,0,0,0,137
710.02,White County,Arkansas,3.1%,96.9%,88.5%,0.0%,0.0%,0.0%,0.0%,1.7%,6.7%,3850.0,118,3732,3409,0,0,0,0,64,259
711.01,White County,Arkansas,8.6%,91.4%,65.4%,18.7%,0.6%,0.0%,0.0%,0.0%,6.6%,3789.0,326,3463,2479,710,23,0,0,0,251
711.02,White County,Arkansas,9.3%,90.7%,81.7%,1.7%,0.0%,0.3%,0.0%,0.0%,6.9%,3117.0,291,2826,2547,53,0,10,0,0,216
712.01,White County,Arkansas,3.5%,96.5%,93.1%,0.3%,0.0%,1.3%,0.0%,0.6%,1.3%,5367.0,189,5178,4995,14,0,71,0,30,68
712.02,White County,Arkansas,3.2%,96.8%,87.4%,2.7%,0.0%,0.0%,0.0%,0.0%,6.7%,5555.0,179,5376,4855,149,0,0,0,0,372
4901,Woodruff County,Arkansas,0.4%,99.6%,74.1%,22.5%,0.0%,0.0%,0.1%,0.0%,2.9%,3883.0,14,3869,2879,873,0,0,3,0,114
4902,Woodruff County,Arkansas,1.0%,99.0%,61.6%,35.0%,0.0%,0.0%,0.8%,0.0%,1.5%,2274.0,22,2252,1400,797,1,0,19,0,35
9523.01,Yell County,Arkansas,33.6%,66.4%,56.0%,6.7%,0.8%,0.2%,0.0%,0.0%,2.6%,2709.0,911,1798,1518,182,22,5,0,0,71
9523.02,Yell County,Arkansas,39.6%,60.4%,56.7%,1.9%,0.0%,0.1%,0.0%,0.0%,1.7%,3007.0,1191,1816,1706,58,0,2,0,0,50
9524.01,Yell County,Arkansas,8.9%,91.1%,79.6%,2.1%,0.1%,5.4%,0.0%,0.2%,3.6%,2608.0,233,2375,2077,56,3,141,0,4,94
9524.02,Yell County,Arkansas,11.7%,88.3%,84.2%,0.0%,0.2%,2.1%,0.0%,0.0%,1.8%,5192.0,607,4585,4370,0,8,111,0,0,96
9525,Yell County,Arkansas,25.9%,74.1%,71.3%,1.2%,0.6%,0.0%,0.0%,0.3%,0.7%,4231.0,1096,3135,3018,49,25,0,0,14,29
9526,Yell County,Arkansas,7.2%,92.8%,90.5%,0.2%,0.0%,0.1%,0.0%,0.0%,2.0%,2448.0,176,2272,2216,4,0,2,0,0,50
