,School Name,Grades,District Name,Math: % Met Readiness Benchmark,English: % Met Readiness Benchmark,Reading: % Met Readiness Benchmark,Science: % Met Readiness Benchmark,% Met Readiness Benchmark in all Four Subjects, School Enrollment ,School % FRL,School % White,School % Hispanic,School % Black,School % Other Races,School Overall % Minority,Region,Number of Students in Grade 11, Number of Students in grade 11 that took the ACT, % Students in grade 11 that took the ACT in 2015-16, Average ACT Math Score , Average ACT English Score , Average ACT Reading Score , Average ACT Science Score ,Is Open Enrollment Charter,County,School LEA,DLEA,Year
1,ACADEMIC CENTER FOR EXCELLENCE,5-12,CABOT SCHOOL DISTRICT,11%,41%,32%,14%,6%,382,45%,84%,6%,3%,7%,16%,3,88,73,83%,16.7,16.8,18.2,17.6,0,LONOKE,4304703,4304000,2021
2,ACORN HIGH SCHOOL,7-12,OUACHITA RIVER SCHOOL DISTRICT,13%,47%,31%,18%,11%,279,66%,93%,3%,1%,4%,7%,4,45,45,100%,16.4,17,18.3,18.8,0,POLK,5706002,5706000,2021
3,AGEE LIERLY LIFE PREPARATION SERVICES SCHOOL,9-12,FAYETTEVILLE SCHOOL DISTRICT,3%,29%,10%,3%,0%,263,61%,41%,20%,19%,20%,59%,1,83,31,37%,15.5,14.9,16.5,16.5,0,WASHINGTON,7203029,7203000,2021
4,ALMA HIGH SCHOOL,9-12,ALMA SCHOOL DISTRICT,26%,49%,35%,29%,14%,1020,50%,84%,5%,2%,10%,16%,1,238,208,87%,18.4,17.4,19.2,19.2,0,CRAWFORD,1701002,1701000,2021
5,ALPENA HIGH SCHOOL,7-12,ALPENA SCHOOL DISTRICT,20%,53%,37%,37%,17%,227,57%,94%,4%,1%,1%,6%,1,36,30,83%,18.1,18.9,19.7,19.6,0,BOONE,501002,501000,2021
6,ARKADELPHIA HIGH SCHOOL,9-12,ARKADELPHIA SCHOOL DISTRICT,12%,45%,28%,22%,7%,579,47%,53%,9%,34%,4%,47%,4,150,129,86%,16.7,17.7,18.1,18.4,0,CLARK,1002010,1002000,2021
7,ARKANSAS ARTS ACADEMY HIGH SCHOOL,7-12,ARKANSAS ARTS ACADEMY,14%,44%,40%,28%,14%,618,28%,73%,18%,2%,7%,27%,1,105,93,89%,17.5,17.8,19.7,19.1,1,BENTON,440703,440700,2021
8,ARKANSAS CONNECTIONS ACADEMY HIGH,K-12,ARKANSAS CONNECTIONS ACADEMY,12%,48%,36%,19%,9%,3390,38%,69%,7%,14%,10%,31%,1,378,119,31%,16.3,18.1,19.3,19.2,1,BENTON,444703,444700,2021
9,ARKANSAS CONSOLIDATED HIGH SCHOOL-ALEXANDER,5-12,DIVISION OF YOUTH SERVICES SCHOOL SYSTEM,7%,7%,7%,7%,7%,61,100%,46%,3%,46%,5%,54%,3,16,15,94%,14.6,11.9,14.1,14.5,0,PULASKI,6094001,6094000,2021
10,ARKANSAS CONSOLIDATED HIGH SCHOOL-DERMOTT,9-12,DIVISION OF YOUTH SERVICES SCHOOL SYSTEM,N<10,N<10,N<10,N<10,N<10,4,100%,50%,0%,50%,0%,50%,3,1,N<10,N/A,N<10,N<10,N<10,N<10,0,PULASKI,6094002,6094000,2021
11,ARKANSAS CONSOLIDATED HIGH SCHOOL-HARRISBURG,7-12,DIVISION OF YOUTH SERVICES SCHOOL SYSTEM,N<10,N<10,N<10,N<10,N<10,18,100%,50%,0%,44%,6%,50%,3,5,N<10,N/A,N<10,N<10,N<10,N<10,0,PULASKI,6094006,6094000,2021
12,ARKANSAS CONSOLIDATED HIGH SCHOOL-MANSFIELD,7-12,DIVISION OF YOUTH SERVICES SCHOOL SYSTEM,N<10,N<10,N<10,N<10,N<10,23,100%,48%,9%,39%,4%,52%,3,2,N<10,N/A,N<10,N<10,N<10,N<10,0,PULASKI,6094005,6094000,2021
13,ARKANSAS HIGH SCHOOL,9-12,TEXARKANA SCHOOL DISTRICT,10%,36%,18%,13%,5%,1123,59%,32%,6%,56%,7%,68%,4,235,168,71%,15.9,16.1,16.3,17.1,0,MILLER,4605026,4605000,2021
14,ARKANSAS SCHOOL FOR THE BLIND HIGH SCHOOL,7-12,ARKANSAS SCHOOL FOR THE BLIND,0%,40%,30%,0%,0%,45,38%,64%,2%,22%,11%,36%,3,13,10,77%,15.3,14.7,19.5,17.3,0,PULASKI,6091002,6091000,2021
15,ARKANSAS VIRTUAL ACADEMY HIGH SCHOOL,9-12,ARKANSAS VIRTUAL ACADEMY,16%,54%,38%,25%,12%,1444,64%,71%,6%,17%,5%,29%,3,417,97,23%,17,18.4,19.6,18.7,1,PULASKI,6043703,6043700,2021
16,ARMOREL HIGH SCHOOL,7-12,ARMOREL SCHOOL DISTRICT,20%,60%,45%,25%,15%,197,42%,84%,4%,9%,3%,16%,2,24,20,83%,17.9,19.3,20,19.7,0,MISSISSIPPI,4701002,4701000,2021
17,ASHDOWN HIGH SCHOOL,9-12,ASHDOWN SCHOOL DISTRICT,17%,37%,20%,21%,13%,395,63%,62%,5%,27%,6%,38%,4,102,90,88%,17.2,16.5,17.4,17.7,0,LITTLE RIVER,4101004,4101000,2021
18,ATKINS HIGH SCHOOL,9-12,ATKINS SCHOOL DISTRICT,17%,47%,28%,11%,6%,296,68%,92%,2%,2%,4%,8%,1,76,47,62%,17.8,17.5,18.5,18.2,0,POPE,5801002,5801000,2021
19,AUGUSTA HIGH SCHOOL,6-12,AUGUSTA SCHOOL DISTRICT,10%,50%,20%,15%,10%,168,85%,37%,2%,55%,7%,63%,2,20,20,100%,16.3,17.9,17.7,18.3,0,WOODRUFF,7401003,7401000,2021
20,BALD KNOB HIGH SCHOOL,9-12,BALD KNOB SCHOOL DISTRICT,20%,49%,42%,26%,14%,368,53%,88%,7%,1%,4%,12%,2,78,55,71%,18.5,19,19.7,19.3,0,WHITE,7301003,7301000,2021
21,BARTON HIGH SCHOOL,7-12,BARTON SCHOOL DISTRICT,5%,23%,5%,11%,2%,323,85%,55%,2%,40%,3%,45%,5,51,44,86%,15.9,15,15.2,17.1,0,PHILLIPS,5401003,5401000,2021
22,BAUXITE HIGH SCHOOL,9-12,BAUXITE SCHOOL DISTRICT,11%,44%,28%,20%,7%,466,29%,89%,7%,3%,1%,11%,3,110,108,98%,16.8,17.1,17.8,18.3,0,SALINE,6301002,6301000,2021
23,BAY HIGH SCHOOL,7-12,BAY SCHOOL DISTRICT,7%,36%,21%,14%,7%,259,59%,93%,2%,3%,3%,7%,2,44,44,100%,16,16,17,17.5,0,CRAIGHEAD,1601002,1601000,2021
24,BEARDEN HIGH SCHOOL,7-12,BEARDEN SCHOOL DISTRICT,3%,38%,31%,6%,0%,211,74%,53%,5%,36%,6%,47%,4,33,32,97%,15.7,17.2,17.8,17,0,OUACHITA,5201002,5201000,2021
25,BEEBE HIGH SCHOOL,9-12,BEEBE SCHOOL DISTRICT,28%,51%,36%,25%,14%,1040,41%,85%,6%,5%,3%,15%,2,253,211,83%,18.7,18.4,19,19.2,0,WHITE,7302010,7302000,2021
26,BELLE POINT ALTERNATIVE CENTER,6-12,FORT SMITH SCHOOL DISTRICT,N<10,N<10,N<10,N<10,N<10,52,90%,42%,19%,21%,17%,58%,1,14,N<10,N/A,N<10,N<10,N<10,N<10,0,SEBASTIAN,6601005,6601000,2021
27,BENTON HIGH SCHOOL,10-12,BENTON SCHOOL DISTRICT,37%,58%,44%,35%,24%,1244,33%,74%,12%,8%,6%,26%,3,429,393,92%,19.9,19.8,20.4,20.3,0,SALINE,6302012,6302000,2021
28,BENTONVILLE HIGH SCHOOL,9-12,BENTONVILLE SCHOOL DISTRICT,44%,75%,58%,48%,34%,3159,16%,75%,11%,2%,12%,25%,1,796,718,90%,21.2,22.7,22.7,22,0,BENTON,401003,401000,2021
29,BENTONVILLE WEST HIGH SCHOOL,9-12,BENTONVILLE SCHOOL DISTRICT,34%,67%,48%,36%,24%,2279,27%,69%,16%,4%,11%,31%,1,557,495,89%,19.8,20.4,21,20.6,0,BENTON,401019,401000,2021
30,BERGMAN HIGH SCHOOL,9-12,BERGMAN SCHOOL DISTRICT,24%,61%,36%,37%,14%,309,53%,94%,4%,0%,2%,6%,1,74,59,80%,18.7,20.2,20.5,20.8,0,BOONE,502007,502000,2021
31,BERRYVILLE HIGH SCHOOL,9-12,BERRYVILLE SCHOOL DISTRICT,20%,57%,34%,29%,14%,545,66%,64%,30%,0%,6%,36%,1,142,118,83%,17.8,19,19.3,19.6,0,CARROLL,801002,801000,2021
32,BIGELOW HIGH SCHOOL,7-12,EAST END SCHOOL DISTRICT,8%,27%,15%,8%,8%,311,50%,82%,9%,5%,4%,18%,1,45,26,58%,17.2,15.6,16.2,17.1,0,PERRY,5301002,5301000,2021
33,BISMARCK HIGH SCHOOL,9-12,BISMARCK SCHOOL DISTRICT,25%,66%,30%,30%,9%,295,53%,91%,5%,2%,2%,9%,3,68,53,78%,18.5,19.1,18.8,19.7,0,HOT SPRING,3001003,3001000,2021
34,BLEVINS HIGH SCHOOL,7-12,BLEVINS SCHOOL DISTRICT,7%,30%,26%,7%,4%,195,80%,64%,13%,18%,6%,36%,4,30,27,90%,16,16.1,16.9,16.6,0,HEMPSTEAD,2901002,2901000,2021
35,BOONEVILLE HIGH SCHOOL,10-12,BOONEVILLE SCHOOL DISTRICT,19%,46%,31%,21%,13%,252,67%,87%,8%,1%,5%,13%,1,91,80,88%,17.7,17.8,18.5,18.8,0,LOGAN,4201002,4201000,2021
36,BRADFORD HIGH SCHOOL,7-12,BRADFORD SCHOOL DISTRICT,4%,39%,30%,17%,4%,208,80%,97%,0%,2%,0%,3%,2,31,23,74%,15.8,16.9,18.1,17.4,0,WHITE,7303015,7303000,2021
37,BRADLEY HIGH SCHOOL,7-12,EMERSON-TAYLOR-BRADLEY SCHOOL DISTRICT,35%,65%,41%,29%,24%,137,57%,63%,4%,34%,0%,37%,4,17,17,100%,18.8,18.9,19.3,19.2,0,COLUMBIA,1408007,1408000,2021
38,BRINKLEY HIGH SCHOOL,7-12,BRINKLEY SCHOOL DISTRICT,8%,15%,12%,4%,0%,179,75%,31%,2%,65%,2%,69%,5,35,26,74%,15.2,12.7,14.4,14.8,0,MONROE,4801003,4801000,2021
39,BROOKLAND HIGH SCHOOL,10-12,BROOKLAND SCHOOL DISTRICT,16%,43%,36%,28%,11%,569,30%,91%,4%,4%,2%,9%,2,198,172,87%,18.1,17.5,19.2,19.7,0,CRAIGHEAD,1603007,1603000,2021
40,BRUNO-PYATT K-12 SCHOOL,K-12,OZARK MOUNTAIN SCHOOL DISTRICT,8%,42%,42%,8%,8%,157,80%,94%,3%,0%,3%,6%,1,15,12,80%,16.8,17.6,20.4,19.3,0,SEARCY,6505017,6505000,2021
41,BRYANT HIGH SCHOOL,10-12,BRYANT SCHOOL DISTRICT,26%,54%,37%,29%,19%,2063,36%,62%,15%,20%,4%,38%,3,701,609,87%,18.5,18.9,20,19.5,0,SALINE,6303022,6303000,2021
42,BUFFALO ISLAND CENTRAL HIGH SCHOOL,7-12,BUFFALO ISLAND CENTRAL SCHOOL DISTRICT,5%,44%,27%,20%,2%,341,56%,78%,21%,0%,1%,22%,2,53,41,77%,16.2,17.6,18.6,18.2,0,CRAIGHEAD,1605065,1605000,2021
43,CABOT HIGH SCHOOL,10-12,CABOT SCHOOL DISTRICT,26%,53%,38%,33%,20%,2138,29%,83%,8%,3%,7%,17%,3,698,636,91%,18.9,18.8,19.8,20.1,0,LONOKE,4304005,4304000,2021
44,CADDO HILLS HIGH SCHOOL,7-12,CADDO HILLS SCHOOL DISTRICT,9%,36%,18%,12%,9%,259,71%,79%,17%,0%,4%,21%,4,42,33,79%,16.8,16.1,16.8,17.7,0,MONTGOMERY,4901003,4901000,2021
45,CALICO ROCK HIGH SCHOOL,7-12,CALICO ROCK SCHOOL DISTRICT,11%,37%,30%,22%,11%,180,62%,97%,2%,0%,1%,3%,2,28,27,96%,17.2,17.1,19.4,18.7,0,IZARD,3301002,3301000,2021
46,CAMDEN FAIRVIEW HIGH SCHOOL,9-12,CAMDEN FAIRVIEW SCHOOL DISTRICT,3%,26%,15%,13%,3%,689,71%,29%,3%,63%,5%,71%,4,155,145,94%,15.3,14.5,16,16.3,0,OUACHITA,5204023,5204000,2021
47,CARLISLE HIGH SCHOOL,7-12,CARLISLE SCHOOL DISTRICT,8%,37%,22%,14%,6%,288,63%,81%,5%,10%,4%,19%,3,51,49,96%,16.4,15.8,17,18,0,LONOKE,4303013,4303000,2021
48,CAVE CITY HIGH CAREER & COLLEGIATE PREPARATORY SCH,9-12,CAVE CITY SCHOOL DISTRICT,24%,50%,26%,22%,12%,409,76%,95%,3%,1%,1%,5%,2,107,82,77%,18.2,18.4,18.7,19.4,0,SHARP,6802703,6802000,2021
49,CEDAR RIDGE HIGH SCHOOL,6-12,CEDAR RIDGE SCHOOL DISTRICT,13%,30%,23%,15%,10%,365,67%,92%,7%,1%,1%,8%,2,48,40,83%,16.8,16,17.8,17.5,0,INDEPENDENCE,3212027,3212000,2021
50,CEDARVILLE HIGH SCHOOL,9-12,CEDARVILLE SCHOOL DISTRICT,15%,46%,27%,17%,6%,253,68%,82%,4%,0%,14%,18%,1,58,48,83%,17.1,16.5,17.6,17.5,0,CRAWFORD,1702009,1702000,2021
51,CENTERPOINT ACADEMY OF AGRICULTURE & SKILLED TRADE,11-12,CENTERPOINT SCHOOL DISTRICT,0%,13%,19%,0%,0%,28,57%,96%,4%,0%,0%,4%,4,18,16,89%,14.1,12.6,13.9,14.4,0,PIKE,5502703,5502000,2021
52,CENTRAL HIGH SCHOOL,7-12,HELENA/ WEST HELENA SCHOOL DISTRICT,4%,18%,11%,6%,0%,524,96%,3%,1%,96%,1%,97%,5,94,73,78%,14.8,13.7,15.4,16.3,0,PHILLIPS,5403019,5403000,2021
53,CENTRAL HIGH SCHOOL,9-12,LITTLE ROCK SCHOOL DISTRICT,31%,54%,42%,36%,26%,2506,49%,30%,7%,53%,10%,70%,3,530,414,78%,19.3,19.3,20.1,20,0,PULASKI,6001001,6001000,2021
54,CHARLESTON HIGH SCHOOL,7-12,CHARLESTON SCHOOL DISTRICT,31%,69%,33%,31%,18%,449,44%,90%,4%,1%,5%,10%,1,70,45,64%,19.9,20.8,19.6,20.8,0,FRANKLIN,2402007,2402000,2021
55,CLARENDON HIGH SCHOOL,7-12,CLARENDON SCHOOL DISTRICT,6%,32%,12%,6%,0%,194,91%,28%,6%,57%,9%,72%,5,37,34,92%,16,15.6,16.5,15.9,0,MONROE,4802010,4802000,2021
56,CLARKSVILLE HIGH SCHOOL,10-12,CLARKSVILLE SCHOOL DISTRICT,11%,48%,27%,20%,7%,565,63%,52%,35%,1%,11%,48%,1,185,146,79%,17,17.6,18.8,18.7,0,JOHNSON,3601005,3601000,2021
57,CLINTON HIGH SCHOOL,9-12,CLINTON SCHOOL DISTRICT,29%,52%,31%,30%,15%,404,62%,94%,3%,0%,3%,6%,1,109,91,83%,18.4,18,19.4,20.1,0,VAN BUREN,7102006,7102000,2021
58,CONCORD HIGH SCHOOL,7-12,CONCORD SCHOOL DISTRICT,13%,27%,20%,13%,7%,188,65%,97%,3%,0%,1%,3%,2,24,15,63%,17.7,16.1,18.5,18.6,0,CLEBURNE,1201002,1201000,2021
59,CONWAY HIGH SCHOOL,10-12,CONWAY SCHOOL DISTRICT,29%,52%,35%,31%,20%,2133,36%,55%,11%,28%,6%,45%,3,735,635,86%,18.9,19.3,19.7,19.9,0,FAULKNER,2301006,2301000,2021
60,CORNING HIGH SCHOOL,9-12,CORNING SCHOOL DISTRICT,4%,50%,25%,19%,4%,249,72%,96%,3%,1%,0%,4%,2,76,48,63%,16.1,17.9,18.4,18.4,0,CLAY,1101004,1101000,2021
61,COSSATOT RIVER HIGH SCHOOL,7-12,COSSATOT RIVER SCHOOL DISTRICT,8%,45%,19%,9%,2%,388,72%,62%,30%,0%,9%,38%,4,60,53,88%,16.7,16.3,17.8,17.8,0,POLK,5707023,5707000,2021
62,COTTER HIGH SCHOOL,7-12,COTTER SCHOOL DISTRICT,16%,41%,27%,18%,11%,361,66%,96%,2%,0%,2%,4%,1,51,44,86%,16.8,17.5,18.1,18.1,0,BAXTER,302007,302000,2021
63,COUNTY LINE HIGH SCHOOL,7-12,COUNTY LINE SCHOOL DISTRICT,30%,46%,30%,33%,27%,243,69%,90%,1%,2%,8%,10%,1,39,33,85%,18.9,17.9,19,20.2,0,FRANKLIN,2403012,2403000,2021
64,CREATIVE ACTION TEAM SCHOOL,K-12,HOPE SCHOOL DISTRICT,0%,0%,0%,0%,0%,33,88%,15%,9%,76%,0%,85%,4,10,10,100%,12.5,9.5,11.1,11.7,0,HEMPSTEAD,2903015,2903000,2021
65,CROSS COUNTY HIGH A NEW TECH SCHOOL,7-12,CROSS COUNTY SCHOOL DISTRICT,10%,46%,28%,28%,5%,300,73%,88%,3%,8%,0%,12%,2,44,39,89%,16.8,16.6,18.9,19.1,0,CROSS,1901703,1901000,2021
66,CROSSETT HIGH SCHOOL,9-12,CROSSETT SCHOOL DISTRICT,7%,30%,21%,13%,5%,473,54%,59%,5%,33%,3%,41%,5,104,92,88%,16,15.6,17,17.9,0,ASHLEY,201006,201000,2021
67,CUTTER-MORNING STAR HIGH SCHOOL,7-12,CUTTER-MORNING STAR SCHOOL DISTRICT,8%,29%,20%,10%,4%,331,66%,76%,11%,3%,10%,24%,3,62,49,79%,16.5,15.4,16.9,17.4,0,GARLAND,2601002,2601000,2021
68,DANVILLE HIGH SCHOOL,9-12,DANVILLE SCHOOL DISTRICT,13%,38%,20%,18%,2%,239,71%,43%,51%,2%,5%,57%,1,59,45,76%,17.3,16.8,18.6,18.9,0,YELL,7503006,7503000,2021
69,DARDANELLE HIGH SCHOOL,9-12,DARDANELLE SCHOOL DISTRICT,37%,81%,51%,50%,30%,617,71%,55%,39%,2%,4%,45%,1,132,70,53%,20.5,22.3,22.2,22,0,YELL,7504011,7504000,2021
70,DECATUR HIGH SCHOOL,9-12,DECATUR SCHOOL DISTRICT,3%,30%,13%,13%,3%,159,72%,49%,39%,3%,9%,51%,1,39,30,77%,15.2,13.7,15.2,14.7,0,BENTON,402009,402000,2021
71,DEER K-12 SCHOOL,K-12,DEER-MT. JUDEA SCHOOL DISTRICT,21%,71%,29%,36%,7%,198,68%,91%,3%,1%,6%,9%,1,19,14,74%,16.9,19.3,19.1,20.6,0,NEWTON,5106003,5106000,2021
72,DEQUEEN HIGH SCHOOL,10-12,DEQUEEN SCHOOL DISTRICT,14%,42%,24%,20%,8%,457,77%,29%,63%,2%,7%,71%,4,152,144,95%,17.5,16.4,18,18.3,0,SEVIER,6701003,6701000,2021
73,DERMOTT HIGH SCHOOL,7-12,DERMOTT SCHOOL DISTRICT,4%,16%,20%,0%,0%,159,94%,3%,2%,95%,1%,97%,5,30,25,83%,14.2,14.2,15.4,15.7,0,CHICOT,901003,901000,2021
74,DES ARC HIGH SCHOOL,7-12,DES ARC SCHOOL DISTRICT,25%,63%,31%,28%,13%,251,62%,89%,3%,8%,1%,11%,5,31,32,103%,18.2,18.7,18.8,19.1,0,PRAIRIE,5901002,5901000,2021
75,DEWITT HIGH SCHOOL,9-12,DEWITT SCHOOL DISTRICT,24%,53%,22%,26%,11%,359,55%,81%,4%,13%,3%,19%,5,86,74,86%,18.1,18,18.3,19.3,0,ARKANSAS,101004,101000,2021
76,DIERKS HIGH SCHOOL,7-12,DIERKS SCHOOL DISTRICT,42%,61%,39%,33%,24%,232,65%,90%,8%,0%,2%,10%,4,34,33,97%,19.5,19.8,20.2,20.7,0,HOWARD,3102002,3102000,2021
77,DON TYSON SCHOOL OF INNOVATION,K-12,SPRINGDALE SCHOOL DISTRICT,21%,60%,42%,31%,17%,2368,58%,43%,45%,2%,9%,57%,1,278,242,87%,18,19.5,20,19.9,0,WASHINGTON,7207703,7207000,2021
78,DOVER HIGH SCHOOL,9-12,DOVER SCHOOL DISTRICT,18%,57%,39%,31%,13%,375,49%,93%,4%,0%,3%,7%,1,83,72,87%,17.3,18.7,19.8,19.5,0,POPE,5802006,5802000,2021
79,DREW CENTRAL HIGH SCHOOL,9-12,DREW CENTRAL SCHOOL DISTRICT,7%,38%,22%,8%,1%,312,65%,64%,6%,26%,4%,36%,5,82,74,90%,16.3,16.2,16.8,17.3,0,DREW,2202005,2202000,2021
80,DUMAS HIGH SCHOOL,10-12,DUMAS SCHOOL DISTRICT,0%,21%,4%,6%,0%,204,74%,14%,19%,64%,2%,86%,5,53,48,91%,15.2,14.2,14.5,15.5,0,DESHA,2104021,2104000,2021
81,EARLE HIGH SCHOOL,7-12,EARLE SCHOOL DISTRICT,4%,8%,4%,4%,0%,203,94%,0%,0%,97%,2%,100%,2,30,26,87%,15.5,12.7,13.7,15.8,0,CRITTENDEN,1802007,1802000,2021
82,EAST POINSETT COUNTY HIGH SCHOOL,7-12,EAST POINSETT CO. SCHOOL DISTRICT,9%,44%,28%,13%,2%,281,73%,75%,6%,13%,6%,25%,2,44,46,105%,17,16.8,18.7,18.3,0,POINSETT,5608037,5608000,2021
83,EL DORADO HIGH SCHOOL,9-12,EL DORADO SCHOOL DISTRICT,14%,36%,26%,18%,10%,1307,58%,39%,11%,45%,5%,61%,4,339,296,87%,17,15.9,17.4,17.5,0,UNION,7001012,7001000,2021
84,ELKINS HIGH SCHOOL,9-12,ELKINS SCHOOL DISTRICT,10%,35%,20%,21%,7%,381,43%,85%,5%,2%,8%,15%,1,108,99,92%,16.6,16.1,17.6,18.2,0,WASHINGTON,7201002,7201000,2021
85,EMERSON HIGH SCHOOL,7-12,EMERSON-TAYLOR-BRADLEY SCHOOL DISTRICT,31%,63%,56%,31%,19%,146,51%,66%,3%,24%,6%,34%,4,17,16,94%,18.8,19.4,23.2,19.8,0,COLUMBIA,1408002,1408000,2021
86,ENGLAND HIGH SCHOOL,7-12,ENGLAND SCHOOL DISTRICT,7%,40%,19%,19%,2%,292,74%,50%,10%,35%,5%,50%,3,55,43,78%,16.2,16.2,16.6,17.9,0,LONOKE,4302018,4302000,2021
87,ESTEM HIGH SCHOOL,10-12,ESTEM PUBLIC CHARTER SCHOOL,22%,45%,32%,25%,18%,496,56%,23%,9%,61%,7%,77%,3,170,163,96%,18,18,18.9,19.1,1,PULASKI,6047703,6047700,2021
88,EUREKA SPRINGS HIGH SCHOOL,9-12,EUREKA SPRINGS SCHOOL DISTRICT,19%,53%,45%,30%,9%,202,38%,87%,6%,2%,4%,13%,1,56,53,95%,18.2,18.1,20.3,20.2,0,CARROLL,802007,802000,2021
89,FARMINGTON HIGH SCHOOL,10-12,FARMINGTON SCHOOL DISTRICT,20%,53%,40%,28%,13%,626,25%,78%,11%,3%,8%,22%,1,214,184,86%,17.8,18.5,20.8,20.1,0,WASHINGTON,7202012,7202000,2021
90,FAYETTEVILLE HIGH SCHOOL,9-12,FAYETTEVILLE SCHOOL DISTRICT,42%,71%,57%,45%,33%,2538,30%,66%,13%,9%,12%,34%,1,622,531,85%,20.6,22.1,22.4,21.8,0,WASHINGTON,7203020,7203000,2021
91,FAYETTEVILLE VIRTUAL ACADEMY A DISTRICT CONVERSION,K-12,FAYETTEVILLE SCHOOL DISTRICT,22%,61%,39%,26%,13%,396,32%,71%,9%,10%,9%,29%,1,32,23,72%,17.9,20.4,21.4,20.5,0,WASHINGTON,7203703,7203000,2021
92,FLIPPIN HIGH SCHOOL,9-12,FLIPPIN SCHOOL DISTRICT,17%,46%,40%,23%,12%,266,69%,92%,4%,0%,4%,8%,1,76,65,86%,17,17.6,19.3,19.2,0,MARION,4501002,4501000,2021
93,FORDYCE HIGH SCHOOL,7-12,FORDYCE SCHOOL DISTRICT,11%,32%,19%,11%,7%,376,61%,33%,5%,61%,1%,67%,4,64,54,84%,16.4,15.9,16.5,16.9,0,DALLAS,2002007,2002000,2021
94,FOREMAN HIGH SCHOOL,7-12,FOREMAN SCHOOL DISTRICT,12%,41%,18%,12%,6%,239,68%,77%,6%,9%,8%,23%,4,41,34,83%,16.6,16.5,16.9,16.3,0,LITTLE RIVER,4102010,4102000,2021
95,FORREST CITY HIGH SCHOOL,9-12,FORREST CITY SCHOOL DISTRICT,3%,13%,8%,2%,2%,615,73%,5%,1%,93%,1%,95%,2,165,128,78%,14.8,12.6,13.8,14.5,0,ST FRANCIS,6201011,6201000,2021
96,FOUKE HIGH SCHOOL,9-12,FOUKE SCHOOL DISTRICT,10%,50%,30%,23%,8%,310,55%,95%,2%,0%,2%,5%,4,64,60,94%,16.7,18.4,19.3,19.2,0,MILLER,4603010,4603000,2021
97,FOUNTAIN LAKE CHARTER HIGH SCHOOL,9-12,FOUNTAIN LAKE SCHOOL DISTRICT,23%,56%,43%,31%,19%,412,43%,86%,7%,1%,6%,14%,3,120,96,80%,18.5,18.9,19.6,19.5,0,GARLAND,2602703,2602000,2021
98,FRIENDSHIP ASPIRE ACADEMY SOUTHEAST PINE BLUFF HIG,6-12,FRIENDSHIP ASPIRE ACADEMY SOUTHEAST PINE BLUFF,0%,0%,5%,0%,0%,34,97%,3%,0%,97%,0%,97%,3,14,19,136%,13.6,10.5,12.2,13.3,1,JEFFERSON,3545703,3545700,2021
99,FUTURE SCHOOL OF FORT SMITH,9-12,FUTURE SCHOOL OF FORT SMITH,6%,32%,19%,9%,0%,251,73%,53%,22%,13%,13%,47%,1,66,47,71%,15.4,14.8,16,16.4,1,SEBASTIAN,6640703,6640700,2021
100,GENOA CENTRAL HIGH SCHOOL,9-12,GENOA CENTRAL SCHOOL DISTRICT,21%,56%,40%,26%,15%,394,35%,97%,1%,0%,2%,3%,4,97,82,85%,18.2,18.7,19.7,19.3,0,MILLER,4602006,4602000,2021
101,GLEN ROSE HIGH SCHOOL,9-12,GLEN ROSE SCHOOL DISTRICT,19%,44%,36%,24%,14%,321,49%,90%,3%,1%,6%,10%,3,73,62,85%,18,16.9,18.2,18.9,0,HOT SPRING,3002009,3002000,2021
102,GOSNELL HIGH SCHOOL,7-12,GOSNELL SCHOOL DISTRICT,25%,61%,34%,19%,16%,607,74%,62%,9%,24%,5%,38%,2,91,64,70%,18.7,19,19,19.4,0,MISSISSIPPI,4708031,4708000,2021
103,GRADUATE ARKANSAS CHARTER HIGH,9-12,GRADUATE ARKANSAS  CHARTER,N<10,N<10,N<10,N<10,N<10,141,82%,25%,13%,58%,4%,75%,3,37,N<10,N/A,N<10,N<10,N<10,N<10,1,PULASKI,6052703,6052700,2021
104,GRAVETTE HIGH SCHOOL,9-12,GRAVETTE SCHOOL DISTRICT,22%,54%,35%,29%,18%,595,37%,84%,8%,0%,8%,16%,1,137,125,91%,18.6,18.6,19.5,19.7,0,BENTON,404022,404000,2021
105,GREEN FOREST HIGH SCHOOL,9-12,GREEN FOREST SCHOOL DISTRICT,12%,26%,17%,14%,7%,433,78%,39%,48%,0%,13%,61%,1,89,77,87%,16.3,14.2,16.5,16.9,0,CARROLL,803012,803000,2021
106,GREENBRIER HIGH SCHOOL,10-12,GREENBRIER SCHOOL DISTRICT,37%,63%,44%,38%,23%,790,37%,91%,3%,1%,4%,9%,3,247,237,96%,20,20.1,20.3,20.5,0,FAULKNER,2303017,2303000,2021
107,GREENE COUNTY TECH HIGH SCHOOL,10-12,GREENE COUNTY TECH SCHOOL DISTRICT,22%,41%,27%,25%,12%,804,41%,92%,4%,2%,2%,8%,2,283,259,92%,17.9,16.9,18.6,18.8,0,GREENE,2807008,2807000,2021
108,GREENLAND HIGH SCHOOL,9-12,GREENLAND SCHOOL DISTRICT,10%,61%,31%,18%,4%,232,69%,85%,9%,0%,6%,15%,1,78,51,65%,16.8,18.4,19.2,18.6,0,WASHINGTON,7204028,7204000,2021
109,GREENWOOD HIGH SCHOOL,10-12,GREENWOOD SCHOOL DISTRICT,37%,62%,45%,39%,27%,874,23%,86%,6%,1%,7%,14%,1,266,245,92%,20,20.5,20.5,20.9,0,SEBASTIAN,6602043,6602000,2021
110,GURDON HIGH SCHOOL,9-12,GURDON SCHOOL DISTRICT,4%,22%,26%,30%,4%,208,68%,49%,22%,25%,4%,51%,4,47,27,57%,15.5,15.4,17.9,18.3,0,CLARK,1003018,1003000,2021
111,GUY-PERKINS HIGH SCHOOL,7-12,GUY-PERKINS SCHOOL DISTRICT,7%,24%,17%,14%,7%,149,65%,79%,1%,16%,4%,21%,3,32,29,91%,16.8,15.1,16.6,17.5,0,FAULKNER,2304022,2304000,2021
112,HAAS HALL ACADEMY,7-12,HAAS HALL ACADEMY,71%,90%,75%,77%,62%,455,12%,69%,10%,2%,19%,31%,1,64,52,81%,25.7,27.4,26.4,26.3,1,WASHINGTON,7240703,7240700,2021
113,HAAS HALL ACADEMY AT THE LANE,7-12,HAAS HALL ACADEMY,72%,82%,74%,69%,62%,287,11%,60%,20%,3%,18%,40%,1,41,39,95%,24.5,26.6,27,25.1,1,WASHINGTON,7240709,7240700,2021
114,HAAS HALL ACADEMY JONES CENTER,7-12,HAAS HALL ACADEMY,53%,69%,59%,50%,44%,182,18%,54%,28%,4%,14%,46%,1,34,32,94%,21.8,21.9,22.2,21.4,1,WASHINGTON,7240706,7240700,2021
115,HAAS HALL BENTONVILLE,7-12,HAAS HALL ACADEMY,80%,91%,78%,78%,69%,407,5%,57%,9%,2%,32%,43%,1,51,45,88%,25.4,26.5,27.4,25.4,1,WASHINGTON,7240712,7240700,2021
116,HACKETT HIGH SCHOOL,7-12,HACKETT SCHOOL DISTRICT,9%,56%,22%,16%,6%,359,64%,86%,4%,1%,9%,14%,1,61,32,52%,16.8,17.6,18.9,18.3,0,SEBASTIAN,6603048,6603000,2021
117,HAMBURG HIGH SCHOOL,9-12,HAMBURG SCHOOL DISTRICT,14%,31%,16%,13%,7%,479,57%,60%,20%,19%,1%,40%,5,105,104,99%,16.8,16,17,17.1,0,ASHLEY,203018,203000,2021
118,HAMPTON HIGH SCHOOL,7-12,HAMPTON SCHOOL DISTRICT,3%,27%,27%,10%,3%,239,67%,71%,5%,23%,2%,29%,4,34,30,88%,15.3,15.3,16.9,18.1,0,CALHOUN,701002,701000,2021
119,HAR-BER HIGH SCHOOL,10-12,SPRINGDALE SCHOOL DISTRICT,30%,62%,45%,32%,22%,2280,51%,44%,41%,2%,13%,56%,1,758,508,67%,19.2,20,20.3,20.1,0,WASHINGTON,7207062,7207000,2021
120,HARMONY GROVE HIGH SCHOOL,7-12,HARMONY GROVE SCHOOL DISTRICT (OUACHITA),7%,42%,20%,9%,4%,378,49%,74%,4%,19%,3%,26%,4,59,55,93%,16.5,16.8,17.1,17.3,0,OUACHITA,5205029,5205000,2021
121,HARMONY GROVE HIGH SCHOOL,10-12,HARMONY GROVE SCHOOL DISTRICT (SALINE),17%,44%,23%,19%,13%,295,31%,93%,3%,2%,2%,7%,3,98,88,90%,17.2,16.7,17.6,18,0,SALINE,6304030,6304000,2021
122,HARRISON HIGH SCHOOL CONVERSION CHARTER,9-12,HARRISON SCHOOL DISTRICT,33%,63%,37%,32%,19%,848,39%,93%,3%,0%,3%,7%,1,209,202,97%,19.6,19.6,20.2,19.7,0,BOONE,503703,503000,2021
123,HAZEN HIGH SCHOOL,7-12,HAZEN SCHOOL DISTRICT,12%,33%,26%,12%,7%,262,66%,77%,2%,18%,3%,23%,5,47,43,91%,16.6,15.3,16.4,16.4,0,PRAIRIE,5903012,5903000,2021
124,HEBER SPRINGS HIGH SCHOOL,9-12,HEBER SPRINGS SCHOOL DISTRICT,27%,76%,44%,39%,17%,445,42%,92%,6%,0%,2%,8%,2,97,75,77%,19.2,20.5,20.4,20.7,0,CLEBURNE,1202006,1202000,2021
125,HECTOR HIGH SCHOOL,7-12,HECTOR SCHOOL DISTRICT,14%,45%,31%,10%,10%,305,72%,93%,4%,0%,2%,7%,1,44,29,66%,17.8,18.6,20,19.2,0,POPE,5803010,5803000,2021
126,HERMITAGE HIGH SCHOOL,7-12,HERMITAGE SCHOOL DISTRICT,9%,19%,6%,0%,0%,210,69%,57%,32%,10%,0%,43%,5,35,32,91%,16,13.5,14.2,15.6,0,BRADLEY,601007,601000,2021
127,HIGHLAND HIGH SCHOOL,9-12,HIGHLAND SCHOOL DISTRICT,17%,42%,25%,20%,12%,503,71%,94%,4%,1%,2%,6%,2,129,105,81%,17.5,16.8,17.8,17.9,0,SHARP,6804010,6804000,2021
128,HILLCREST HIGH SCHOOL,7-12,HILLCREST SCHOOL DISTRICT,8%,46%,21%,21%,4%,173,57%,97%,3%,0%,1%,3%,2,27,24,89%,16.3,16.7,16.7,17.3,0,LAWRENCE,3809023,3809000,2021
129,HOPE HIGH SCHOOL,9-12,HOPE SCHOOL DISTRICT,7%,30%,22%,12%,5%,630,73%,20%,36%,43%,1%,80%,4,130,106,82%,15.4,15.1,17,16.8,0,HEMPSTEAD,2903012,2903000,2021
130,HORATIO HIGH SCHOOL,7-12,HORATIO SCHOOL DISTRICT,3%,32%,22%,11%,0%,312,76%,69%,26%,1%,4%,31%,4,41,37,90%,16,15.3,17.7,17.3,0,SEVIER,6703013,6703000,2021
131,HOT SPRINGS WORLD CLASS HIGH SCHOOL,10-12,HOT SPRINGS SCHOOL DISTRICT,9%,39%,22%,13%,4%,733,73%,37%,20%,34%,10%,63%,3,253,180,71%,16.2,15.9,17.2,17.3,0,GARLAND,2603703,2603000,2021
132,HOXIE HIGH SCHOOL,7-12,HOXIE SCHOOL DISTRICT,5%,48%,25%,7%,3%,379,67%,92%,2%,1%,4%,8%,2,72,61,85%,16.2,17.2,17.5,17,0,LAWRENCE,3804010,3804000,2021
133,HUNTSVILLE HIGH SCHOOL,9-12,HUNTSVILLE SCHOOL DISTRICT,14%,36%,17%,18%,10%,620,49%,80%,10%,1%,9%,20%,1,132,110,83%,16.3,16,16.8,17.4,0,MADISON,4401003,4401000,2021
134,IZARD COUNTY CONSOLIDATED HIGH SCHOOL,9-12,IZARD COUNTY CONSOLIDATED SCHOOL DISTRICT,23%,36%,23%,21%,13%,206,77%,95%,2%,1%,1%,5%,2,47,39,83%,17.3,16.1,17,17.6,0,IZARD,3306015,3306000,2021
135,JACKSONVILLE HIGH SCHOOL,9-12,JACKSONVILLE NORTH PULASKI SCHOOL DISTRICT,6%,23%,18%,8%,5%,1072,57%,29%,6%,61%,4%,71%,3,268,199,74%,15.6,14.1,16,16.1,0,PULASKI,6004009,6004000,2021
136,JACKSONVILLE LIGHTHOUSE COLLEGE PREPARATORY ACADEM,7-12,JACKSONVILLE LIGHTHOUSE CHARTER,8%,39%,19%,12%,4%,239,49%,15%,9%,73%,3%,85%,3,32,26,81%,15.1,15.1,16.1,16.7,1,PULASKI,6050703,6050700,2021
137,JASPER HIGH SCHOOL,7-12,JASPER SCHOOL DISTRICT,9%,35%,18%,6%,3%,204,69%,98%,0%,2%,0%,2%,1,38,34,89%,16.1,15.1,16.1,16.4,0,NEWTON,5102006,5102000,2021
138,JESSIEVILLE HIGH SCHOOL,9-12,JESSIEVILLE SCHOOL DISTRICT,22%,57%,30%,26%,13%,283,66%,83%,5%,3%,10%,17%,3,67,54,81%,18.1,18.2,19.2,19.3,0,GARLAND,2604030,2604000,2021
139,JOE T. ROBINSON HIGH SCHOOL,9-12,PULASKI COUNTY SPECIAL SCHOOL DISTRICT,19%,50%,39%,27%,14%,710,41%,53%,9%,35%,4%,47%,3,185,175,95%,17.6,18.9,19.6,19.2,0,PULASKI,6003127,6003000,2021
140,JUNCTION CITY HIGH SCHOOL,7-12,JUNCTION CITY SCHOOL DISTRICT,2%,27%,8%,4%,2%,309,65%,58%,3%,38%,1%,42%,4,46,48,104%,15.5,14.8,16,15.4,0,UNION,7003028,7003000,2021
141,KINGSTON HIGH SCHOOL,7-12,JASPER SCHOOL DISTRICT,0%,13%,13%,7%,0%,119,62%,92%,2%,0%,7%,8%,1,19,15,79%,14.5,14.6,16.1,16.5,0,NEWTON,5102008,5102000,2021
142,KIPP BLYTHEVILLE COLLEGIATE HIGH SCHOOL,7-12,KIPP DELTA PUBLIC SCHOOLS,13%,50%,13%,19%,6%,123,85%,8%,6%,80%,7%,92%,5,18,16,89%,16.5,17.4,16.8,16.9,1,PHILLIPS,5440706,5440700,2021
143,KIPP:DELTA COLLEGIATE HIGH SCHOOL,9-12,KIPP DELTA PUBLIC SCHOOLS,4%,25%,7%,4%,0%,191,88%,3%,1%,96%,1%,97%,5,36,28,78%,15.4,14.4,14.7,16.5,1,PHILLIPS,5440703,5440700,2021
144,KIRBY HIGH SCHOOL,7-12,KIRBY SCHOOL DISTRICT,13%,26%,17%,22%,9%,183,58%,82%,13%,0%,5%,18%,4,23,23,100%,16.4,15.2,16.3,16.3,0,PIKE,5503011,5503000,2021
145,LAFAYETTE COUNTY HIGH SCHOOL,7-12,LAFAYETTE COUNTY SCHOOL DISTRICT,3%,17%,13%,7%,3%,242,84%,34%,3%,60%,3%,66%,4,33,30,91%,15.3,13.7,15.8,16.7,0,LAFAYETTE,3704013,3704000,2021
146,LAKE HAMILTON HIGH SCHOOL,10-12,LAKE HAMILTON SCHOOL DISTRICT,20%,54%,36%,28%,12%,951,47%,77%,13%,3%,7%,23%,3,337,269,80%,18,18.3,19.2,19.2,0,GARLAND,2605034,2605000,2021
147,LAKESIDE HIGH SCHOOL,9-12,LAKESIDE SCHOOL DISTRICT (CHICOT),0%,13%,8%,7%,0%,249,78%,10%,17%,72%,1%,90%,5,66,62,94%,14.7,13,14.5,15.8,0,CHICOT,903018,903000,2021
148,LAKESIDE HIGH SCHOOL,9-12,LAKESIDE SCHOOL DISTRICT (GARLAND),22%,58%,38%,25%,16%,1054,34%,73%,12%,8%,7%,27%,3,236,208,88%,18,19.3,19.7,19.4,0,GARLAND,2606044,2606000,2021
149,LAMAR HIGH SCHOOL,9-12,LAMAR SCHOOL DISTRICT,6%,39%,30%,17%,5%,364,66%,87%,6%,1%,5%,13%,1,85,64,75%,17,16.5,17.8,18.7,0,JOHNSON,3604019,3604000,2021
150,LAVACA HIGH SCHOOL,9-12,LAVACA SCHOOL DISTRICT,30%,50%,33%,28%,20%,256,45%,81%,8%,1%,10%,19%,1,58,54,93%,18.2,17.8,19,18.8,0,SEBASTIAN,6605057,6605000,2021
151,LEAD HILL HIGH SCHOOL,7-12,LEAD HILL SCHOOL DISTRICT,25%,75%,69%,19%,19%,198,72%,91%,2%,1%,7%,9%,1,32,16,50%,18.8,21.2,22.6,20.5,0,BOONE,506032,506000,2021
152,LEE HIGH SCHOOL,7-12,LEE COUNTY SCHOOL DISTRICT,5%,9%,9%,5%,5%,271,87%,7%,2%,90%,0%,93%,5,30,22,73%,14.8,12.5,12.5,14.7,0,LEE,3904011,3904000,2021
153,LINCOLN HIGH SCHOOL,9-12,LINCOLN SCHOOL DISTRICT,15%,49%,39%,26%,8%,357,60%,77%,11%,1%,11%,23%,1,86,61,71%,16.7,17.5,19.3,19.3,0,WASHINGTON,7205706,7205000,2021
154,LISA ACADEMY NORTH HIGH SCHOOL,9-12,LISA ACADEMY,22%,43%,22%,18%,14%,282,57%,26%,24%,40%,9%,74%,3,72,63,88%,18.5,18.3,18.1,18.6,1,PULASKI,6041706,6041700,2021
155,LISA ACADEMY WEST HIGH SCHOOL,9-12,LISA ACADEMY,16%,35%,19%,13%,5%,451,63%,16%,33%,43%,7%,84%,3,121,105,87%,17.2,15.9,16.7,17.6,1,PULASKI,6041703,6041700,2021
156,LITTLE ROCK HALL STEAM MAGNET HIGH SCHOOL,9-12,LITTLE ROCK SCHOOL DISTRICT,0%,14%,8%,2%,0%,259,86%,7%,16%,75%,2%,93%,3,74,66,89%,14.1,13.2,15,15.5,0,PULASKI,6001083,6001000,2021
157,LITTLE ROCK SOUTHWEST HIGH SCHOOL,9-12,LITTLE ROCK SCHOOL DISTRICT,1%,9%,5%,2%,0%,2154,86%,5%,27%,66%,1%,95%,3,445,291,65%,14.4,12.3,13.3,14.5,0,PULASKI,6001082,6001000,2021
158,LITTLE ROCK WEST HIGH SCHOOL OF INNOVATION,9-12,LITTLE ROCK SCHOOL DISTRICT,10%,28%,18%,16%,6%,234,42%,35%,4%,53%,8%,65%,3,66,51,77%,16.4,14.7,16.7,16.7,0,PULASKI,6001081,6001000,2021
159,LONOKE HIGH SCHOOL,9-12,LONOKE SCHOOL DISTRICT,16%,47%,37%,27%,11%,479,64%,62%,9%,25%,4%,38%,3,112,73,65%,17.8,17.6,19.9,19.4,0,LONOKE,4301029,4301000,2021
160,MAGAZINE HIGH SCHOOL,7-12,MAGAZINE SCHOOL DISTRICT,3%,35%,24%,14%,0%,224,81%,91%,4%,0%,4%,9%,1,37,29,78%,16.8,16.2,17.6,18.3,0,LOGAN,4202008,4202000,2021
161,MAGNET COVE HIGH SCHOOL,7-12,MAGNET COVE SCHOOL DISTRICT,14%,57%,27%,27%,5%,327,38%,91%,3%,1%,4%,9%,3,51,37,73%,17.5,18.5,18.3,18.9,0,HOT SPRING,3003014,3003000,2021
162,MAGNOLIA HIGH SCHOOL,9-12,MAGNOLIA SCHOOL DISTRICT,14%,35%,20%,19%,9%,808,65%,38%,6%,51%,5%,62%,4,195,165,85%,16.5,16.1,16.3,17.2,0,COLUMBIA,1402009,1402000,2021
163,MALVERN HIGH SCHOOL,9-12,MALVERN SCHOOL DISTRICT,10%,36%,22%,14%,6%,594,72%,52%,10%,28%,10%,48%,3,126,83,66%,16.7,16.1,17.8,18,0,HOT SPRING,3004023,3004000,2021
164,MAMMOTH SPRING HIGH SCHOOL,7-12,MAMMOTH SPRING SCHOOL DISTRICT,16%,32%,32%,11%,5%,231,72%,97%,1%,0%,2%,3%,2,26,19,73%,17.2,16.1,18.4,17.6,0,FULTON,2501002,2501000,2021
165,MANILA HIGH SCHOOL,7-12,MANILA SCHOOL DISTRICT,13%,43%,28%,21%,10%,488,58%,94%,5%,0%,1%,6%,2,75,61,81%,17.1,16.8,18.1,18.1,0,MISSISSIPPI,4712044,4712000,2021
166,MANSFIELD HIGH SCHOOL,9-12,MANSFIELD SCHOOL DISTRICT,24%,35%,28%,20%,8%,246,63%,83%,6%,2%,9%,17%,1,73,51,70%,17.7,16.7,19.2,18.3,0,SEBASTIAN,6606062,6606000,2021
167,MARION HIGH SCHOOL,10-12,MARION SCHOOL DISTRICT,12%,35%,25%,13%,8%,850,71%,37%,7%,52%,4%,63%,2,293,241,82%,16.6,16.3,17.2,17.1,0,CRITTENDEN,1804015,1804000,2021
168,MARKED TREE HIGH SCHOOL,7-12,MARKED TREE SCHOOL DISTRICT,0%,3%,14%,6%,0%,236,81%,58%,3%,39%,0%,42%,2,45,35,78%,15.2,12,15.4,15.4,0,POINSETT,5604017,5604000,2021
169,MARMADUKE HIGH SCHOOL,7-12,MARMADUKE SCHOOL DISTRICT,7%,28%,26%,14%,7%,333,59%,95%,3%,0%,2%,5%,2,60,43,72%,16.3,15.7,17.1,18.5,0,GREENE,2803017,2803000,2021
170,MARSHALL HIGH SCHOOL,7-12,SEARCY COUNTY SCHOOL DISTRICT,8%,46%,35%,15%,4%,367,69%,93%,3%,0%,4%,7%,1,60,52,87%,16.5,17.8,18,17.3,0,SEARCY,6502006,6502000,2021
171,MARVELL-ELAINE HIGH SCHOOL,6-12,MARVELL-ELAINE SCHOOL DISTRICT,0%,8%,0%,0%,0%,165,96%,9%,4%,86%,1%,91%,5,32,25,78%,13.5,11.5,12.9,14.7,0,PHILLIPS,5404032,5404000,2021
172,MAUMELLE CHARTER HIGH SCHOOL,6-12,ACADEMICS PLUS PUBLIC CHARTER SCHOOLS,32%,60%,40%,33%,23%,641,17%,73%,5%,13%,9%,27%,3,63,60,95%,19.3,20.6,20.6,20.4,1,PULASKI,6040703,6040700,2021
173,MAUMELLE HIGH SCHOOL,9-12,PULASKI COUNTY SPECIAL SCHOOL DISTRICT,14%,40%,24%,17%,9%,875,32%,41%,7%,48%,5%,59%,3,204,176,86%,16.6,16.7,17.6,18.1,0,PULASKI,6003151,6003000,2021
174,MAYFLOWER HIGH SCHOOL,9-12,MAYFLOWER SCHOOL DISTRICT,9%,42%,19%,16%,6%,333,53%,77%,4%,11%,8%,23%,3,78,69,88%,17,16.7,16.6,17.8,0,FAULKNER,2305026,2305000,2021
175,MAYNARD HIGH SCHOOL,7-12,MAYNARD SCHOOL DISTRICT,3%,41%,12%,9%,3%,235,70%,97%,3%,0%,0%,3%,2,39,34,87%,15.5,15.6,16.7,18.1,0,RANDOLPH,6102006,6102000,2021
176,MCCRORY HIGH SCHOOL,7-12,MCCRORY SCHOOL DISTRICT,19%,51%,38%,35%,16%,264,51%,85%,2%,13%,1%,15%,2,42,37,88%,18.1,18.4,19.8,19.2,0,WOODRUFF,7403013,7403000,2021
177,MCGEHEE HIGH SCHOOL,9-12,MCGEHEE SCHOOL DISTRICT,10%,31%,15%,12%,8%,341,69%,43%,8%,45%,4%,57%,5,77,61,79%,16.5,17,16.7,17.6,0,DESHA,2105028,2105000,2021
178,MELBOURNE HIGH SCHOOL,7-12,MELBOURNE SCHOOL DISTRICT,41%,74%,47%,45%,29%,404,50%,95%,2%,1%,1%,5%,2,69,49,71%,20.4,21.8,21.8,22.2,0,IZARD,3302006,3302000,2021
179,MENA HIGH SCHOOL,9-12,MENA SCHOOL DISTRICT,20%,33%,20%,17%,9%,494,58%,85%,7%,1%,6%,15%,4,141,118,84%,17.7,16,17.7,18,0,POLK,5703012,5703000,2021
180,MIDLAND HIGH SCHOOL,7-12,MIDLAND SCHOOL DISTRICT,0%,21%,31%,3%,0%,230,65%,91%,4%,3%,2%,9%,2,33,29,88%,15.5,14.1,18.3,17.1,0,INDEPENDENCE,3211035,3211000,2021
181,MILLS UNIVERSITY STUDIES HIGH SCHOOL,9-12,PULASKI COUNTY SPECIAL SCHOOL DISTRICT,3%,21%,11%,3%,1%,568,58%,18%,19%,60%,3%,82%,3,117,108,92%,14.7,13.4,14.8,15.7,0,PULASKI,6003125,6003000,2021
182,MINER ACADEMY,6-12,BAUXITE SCHOOL DISTRICT,N<10,N<10,N<10,N<10,N<10,45,47%,87%,7%,2%,4%,13%,3,6,N<10,#VALUE!,N<10,N<10,N<10,N<10,0,SALINE,6301703,6301000,2021
183,MINERAL SPRINGS HIGH SCHOOL,7-12,MINERAL SPRINGS SCHOOL DISTRICT,5%,14%,19%,5%,5%,157,87%,18%,12%,67%,3%,82%,4,24,21,88%,14.5,13,14.7,15.2,0,HOWARD,3104006,3104000,2021
184,MONTICELLO HIGH SCHOOL,9-12,MONTICELLO SCHOOL DISTRICT,16%,42%,34%,26%,12%,513,47%,59%,5%,35%,2%,41%,5,118,106,90%,17,16.7,19,18.9,0,DREW,2203012,2203000,2021
185,MORRILTON SENIOR HIGH SCHOOL,9-12,SOUTH CONWAY COUNTY SCHOOL DISTRICT,11%,39%,18%,17%,7%,711,68%,71%,8%,15%,5%,29%,6,165,140,85%,16.8,16.6,17.6,18.3,0,CONWAY,1507036,1507000,2021
186,MOUNT IDA HIGH SCHOOL,7-12,MOUNT IDA SCHOOL DISTRICT,18%,36%,27%,23%,14%,194,62%,92%,3%,1%,5%,8%,4,26,22,85%,17.7,16.8,17.2,18.3,0,MONTGOMERY,4902007,4902000,2021
187,MOUNTAIN HOME CAREER ACADEMIES,8-12,MOUNTAIN HOME SCHOOL DISTRICT,23%,55%,38%,29%,14%,1593,45%,89%,5%,0%,5%,11%,1,311,249,80%,18.2,18.7,19.6,19.9,0,BAXTER,303703,303000,2021
188,MOUNTAIN PINE HIGH SCHOOL,7-12,MOUNTAIN PINE SCHOOL DISTRICT,14%,43%,50%,29%,14%,305,80%,79%,5%,7%,10%,21%,3,57,14,25%,16.5,17.5,20.1,20.4,0,GARLAND,2607047,2607000,2021
189,MOUNTAIN VIEW HIGH SCHOOL,9-12,MOUNTAIN VIEW SCHOOL DISTRICT,11%,51%,40%,32%,10%,355,63%,95%,3%,1%,2%,5%,2,81,73,90%,17.1,18.4,19.7,19.5,0,STONE,6901007,6901000,2021
190,MOUNTAINBURG HIGH SCHOOL,9-12,MOUNTAINBURG SCHOOL DISTRICT,5%,33%,28%,14%,5%,201,68%,90%,3%,0%,6%,10%,1,54,43,80%,16,15.8,18.6,17.7,0,CRAWFORD,1703013,1703000,2021
191,MT. JUDEA K-12 SCHOOL,K-12,DEER-MT. JUDEA SCHOOL DISTRICT,N<10,N<10,N<10,N<10,N<10,169,79%,95%,1%,1%,3%,5%,1,18,N<10,N/A,N<10,N<10,N<10,N<10,0,NEWTON,5106004,5106000,2021
192,MT. VERNON-ENOLA HIGH SCHOOL,7-12,MT. VERNON-ENOLA SCHOOL DISTRICT,30%,44%,33%,33%,7%,265,55%,96%,1%,2%,2%,4%,3,31,27,87%,18.5,17.6,19.1,19.2,0,FAULKNER,2306030,2306000,2021
193,MULBERRY HIGH SCHOOL,9-12,MULBERRY/PLEASANT VIEW BI-COUNTY SCHOOLS,8%,45%,18%,13%,5%,126,56%,94%,1%,1%,5%,6%,1,41,38,93%,15.6,16,17.2,18,0,CRAWFORD,1704017,1704000,2021
194,MURFREESBORO HIGH SCHOOL,7-12,SOUTH PIKE COUNTY SCHOOL DISTRICT,4%,54%,29%,25%,0%,318,67%,84%,6%,6%,4%,16%,4,30,24,80%,16.2,17.3,18.2,18.9,0,PIKE,5504015,5504000,2021
195,NASHVILLE HIGH SCHOOL,10-12,NASHVILLE SCHOOL DISTRICT,13%,40%,22%,15%,7%,444,73%,49%,28%,19%,4%,51%,4,153,140,92%,16.6,16.9,17.3,17.7,0,HOWARD,3105011,3105000,2021
196,NEMO VISTA HIGH SCHOOL,9-12,NEMO VISTA SCHOOL DISTRICT,31%,58%,54%,46%,23%,118,61%,87%,3%,1%,8%,13%,6,33,26,79%,19.8,19.3,19.9,20.2,0,CONWAY,1503017,1503000,2021
197,NETTLETON HIGH SCHOOL,9-12,NETTLETON SCHOOL DISTRICT,8%,38%,21%,14%,7%,1005,69%,36%,10%,48%,6%,64%,2,220,193,88%,16.1,16.9,17.5,17.6,0,CRAIGHEAD,1611042,1611000,2021
198,NEVADA HIGH  SCHOOL,7-12,NEVADA SCHOOL DISTRICT,8%,31%,15%,4%,0%,173,75%,58%,2%,32%,7%,42%,4,26,26,100%,15.7,15.8,16.5,17.7,0,NEVADA,5008014,5008000,2021
199,NEWPORT HIGH SCHOOL,6-12,NEWPORT SCHOOL DISTRICT,4%,21%,13%,5%,2%,594,76%,51%,8%,35%,6%,49%,2,99,82,83%,15.3,14.3,15.8,16.4,0,JACKSON,3403013,3403000,2021
200,NORFORK HIGH SCHOOL,7-12,NORFORK SCHOOL DISTRICT,14%,40%,23%,14%,9%,221,74%,98%,1%,0%,1%,2%,1,45,35,78%,17.3,16.9,18.1,18.3,0,BAXTER,304022,304000,2021
201,NORTH LITTLE ROCK CENTER OF EXCELLENCE,9-12,NORTH LITTLE ROCK SCHOOL DISTRICT,6%,29%,16%,8%,2%,326,74%,21%,16%,59%,5%,79%,3,71,51,72%,15.9,15.1,16.2,16.3,0,PULASKI,6002703,6002000,2021
202,NORTH LITTLE ROCK HIGH SCHOOL,9-12,NORTH LITTLE ROCK SCHOOL DISTRICT,13%,33%,23%,16%,8%,2032,70%,28%,10%,56%,5%,72%,3,472,333,71%,16.6,16.1,17.2,17.2,0,PULASKI,6002082,6002000,2021
203,NORTHSIDE HIGH SCHOOL,9-12,FORT SMITH SCHOOL DISTRICT,13%,38%,26%,17%,9%,2497,77%,25%,50%,14%,12%,75%,1,597,384,64%,16.9,16.5,17.9,18,0,SEBASTIAN,6601024,6601000,2021
204,NORTHWEST ARKANSAS CLASSICAL ACADEMY HIGH,7-12,RESPONSIVE ED SOLUTIONS NORTHWEST ARKANSAS CLASSIC,55%,80%,65%,45%,30%,183,9%,70%,13%,2%,14%,30%,1,24,20,83%,21.8,22.6,22.6,23.1,1,BENTON,442703,442700,2021
205,OARK HIGH SCHOOL,7-12,JASPER SCHOOL DISTRICT,N<10,N<10,N<10,N<10,N<10,67,88%,99%,1%,0%,0%,1%,1,10,N<10,N/A,N<10,N<10,N<10,N<10,0,NEWTON,5102024,5102000,2021
206,ODEN SCHOOLS,P-12,OUACHITA RIVER SCHOOL DISTRICT,0%,62%,31%,8%,0%,172,74%,88%,5%,0%,7%,12%,4,16,13,81%,17.2,16.8,18.3,17.6,0,POLK,5706009,5706000,2021
207,OMAHA HIGH SCHOOL,7-12,OMAHA SCHOOL DISTRICT,30%,74%,70%,48%,26%,186,71%,92%,4%,0%,4%,8%,1,30,23,77%,20.2,22,22.4,21.1,0,BOONE,504023,504000,2021
208,OSCEOLA HIGH SCHOOL,9-12,OSCEOLA SCHOOL DISTRICT,4%,13%,5%,4%,2%,296,87%,7%,1%,89%,3%,93%,2,67,56,84%,14.8,12.6,13.8,14.8,0,MISSISSIPPI,4713051,4713000,2021
209,OUACHITA HIGH SCHOOL,7-12,OUACHITA SCHOOL DISTRICT,13%,45%,23%,23%,8%,257,47%,96%,2%,0%,3%,4%,3,40,40,100%,17.4,16.9,17.9,18.8,0,HOT SPRING,3005030,3005000,2021
210,OZARK JR/SR HIGH SCHOOL,8-12,OZARK SCHOOL DISTRICT,11%,40%,30%,17%,8%,694,49%,90%,4%,0%,6%,10%,1,122,104,85%,16.9,16.9,18.2,17.9,0,FRANKLIN,2404017,2404000,2021
211,PALESTINE-WHEATLEY SENIOR HIGH,7-12,PALESTINE-WHEATLEY SCHOOL DISTRICT,3%,38%,9%,6%,3%,340,85%,88%,2%,10%,1%,12%,2,52,32,62%,15.8,16.2,16.5,16.8,0,ST FRANCIS,6205028,6205000,2021
212,PANGBURN HIGH SCHOOL,7-12,PANGBURN SCHOOL DISTRICT,19%,42%,32%,25%,13%,391,64%,96%,2%,1%,2%,4%,2,59,53,90%,17.3,16.7,18.4,17.6,0,WHITE,7309039,7309000,2021
213,PARAGOULD HIGH SCHOOL,9-12,PARAGOULD SCHOOL DISTRICT,19%,46%,24%,24%,11%,886,59%,80%,8%,6%,6%,20%,2,200,172,86%,17.5,17.5,17.7,18.2,0,GREENE,2808043,2808000,2021
214,PARIS HIGH SCHOOL,9-12,PARIS SCHOOL DISTRICT,14%,41%,23%,19%,7%,307,70%,87%,3%,3%,7%,13%,1,70,69,99%,17.2,16.7,18,18.2,0,LOGAN,4203012,4203000,2021
215,PARKERS CHAPEL HIGH SCHOOL,7-12,PARKERS CHAPEL SCHOOL DISTRICT,24%,64%,38%,31%,19%,344,36%,84%,3%,8%,4%,16%,4,48,42,88%,18.5,19.8,19.5,19.5,0,UNION,7007040,7007000,2021
216,PARKVIEW MAGNET HIGH SCHOOL,9-12,LITTLE ROCK SCHOOL DISTRICT,14%,35%,24%,21%,9%,1032,56%,13%,12%,73%,2%,87%,3,289,254,88%,17,16.1,17.7,18.2,0,PULASKI,6001005,6001000,2021
217,PEA RIDGE HIGH SCHOOL,10-12,PEA RIDGE SCHOOL DISTRICT,18%,43%,33%,24%,12%,528,31%,88%,8%,1%,3%,12%,1,198,162,82%,17.8,16.8,18.8,19.1,0,BENTON,407027,407000,2021
218,PERRYVILLE HIGH SCHOOL,7-12,PERRYVILLE SCHOOL DISTRICT,8%,39%,24%,18%,7%,439,61%,92%,4%,0%,4%,8%,1,78,62,79%,16.5,16.8,17.7,18.1,0,PERRY,5303011,5303000,2021
219,PIGGOTT HIGH SCHOOL,7-12,PIGGOTT SCHOOL DISTRICT,2%,31%,26%,14%,0%,339,35%,94%,3%,1%,2%,6%,2,60,58,97%,15.5,15.1,16.2,17.2,0,CLAY,1104018,1104000,2021
220,PINE BLUFF HIGH SCHOOL,9-12,PINE BLUFF SCHOOL DISTRICT,4%,22%,14%,6%,3%,890,79%,2%,2%,95%,1%,98%,3,181,117,65%,14.9,14.4,15.5,16.2,0,JEFFERSON,3505042,3505000,2021
221,POCAHONTAS HIGH SCHOOL,10-12,POCAHONTAS SCHOOL DISTRICT,16%,47%,27%,18%,9%,405,53%,83%,3%,0%,14%,17%,2,166,155,93%,17.1,17.5,17.6,17.6,0,RANDOLPH,6103010,6103000,2021
222,POTTSVILLE HIGH SCHOOL,10-12,POTTSVILLE SCHOOL DISTRICT,18%,50%,32%,24%,11%,388,35%,89%,7%,3%,1%,11%,1,125,123,98%,17.6,18.6,19,18.8,0,POPE,5804014,5804000,2021
223,POYEN HIGH SCHOOL,7-12,POYEN SCHOOL DISTRICT,11%,29%,26%,6%,3%,270,49%,93%,4%,0%,3%,7%,3,39,35,90%,16.7,15.5,17.1,17.4,0,GRANT,2703010,2703000,2021
224,PRAIRIE GROVE HIGH SCHOOL,9-12,PRAIRIE GROVE SCHOOL DISTRICT,17%,43%,30%,22%,12%,630,36%,84%,7%,2%,7%,16%,1,167,146,87%,17.4,16.9,18,18.9,0,WASHINGTON,7206703,7206000,2021
225,PREMIER HIGH SCHOOL OF LITTLE ROCK,9-12,RESPONSIVE ED SOLUTIONS PREMIER HIGH SCHOOL OF LIT,0%,15%,0%,0%,0%,125,82%,14%,0%,81%,5%,86%,3,44,13,30%,13.4,12.4,14.2,15.2,1,PULASKI,6053703,6053700,2021
226,PREMIER HIGH SCHOOL OF NORTH LITTLE ROCK,9-12,RESPONSIVE ED SOLUTIONS PREMIER HIGH SCHOOL OF NOR,0%,9%,0%,0%,0%,143,86%,22%,3%,71%,3%,78%,3,41,11,27%,14.4,13.5,14.8,15.8,1,PULASKI,6062703,6062700,2021
227,PRESCOTT HIGH SCHOOL,9-12,PRESCOTT SCHOOL DISTRICT,3%,18%,19%,11%,2%,303,68%,52%,7%,38%,3%,48%,4,74,63,85%,15.4,14.6,16.1,16.1,0,NEVADA,5006024,5006000,2021
228,QUITMAN HIGH SCHOOL,9-12,QUITMAN SCHOOL DISTRICT,19%,45%,23%,21%,11%,243,51%,95%,1%,2%,2%,5%,2,58,53,91%,17.7,16.8,17.4,18,0,CLEBURNE,1203011,1203000,2021
229,RECTOR HIGH SCHOOL,7-12,RECTOR SCHOOL DISTRICT,21%,39%,36%,36%,13%,251,58%,96%,3%,0%,0%,4%,2,44,39,89%,18.2,17.4,18.7,20.8,0,CLAY,1106023,1106000,2021
230,RISON HIGH SCHOOL,7-12,CLEVELAND COUNTY SCHOOL DISTRICT,18%,39%,29%,22%,10%,371,58%,71%,2%,24%,4%,29%,5,59,51,86%,17.5,17.3,18.5,18.9,0,CLEVELAND,1305010,1305000,2021
231,RIVER VALLEY VIRTUAL ACADEMY,K-12,VAN BUREN SCHOOL DISTRICT,12%,29%,24%,12%,6%,230,66%,73%,10%,3%,14%,27%,1,27,17,63%,15.4,16.4,17.8,16.9,0,CRAWFORD,1705703,1705000,2021
232,RIVERSIDE HIGH SCHOOL,7-12,RIVERSIDE SCHOOL DISTRICT,9%,34%,17%,6%,4%,337,51%,90%,8%,0%,2%,10%,2,58,47,81%,16.1,15.9,17.2,17.4,0,CRAIGHEAD,1613021,1613000,2021
233,RIVERVIEW HIGH SCHOOL,9-12,RIVERVIEW SCHOOL DISTRICT,5%,25%,26%,14%,4%,355,66%,64%,20%,8%,8%,36%,2,88,77,88%,15.8,14.9,17.6,16.7,0,WHITE,7307032,7307000,2021
234,ROGERS HERITAGE HIGH SCHOOL,9-12,ROGERS SCHOOL DISTRICT,16%,34%,24%,19%,11%,2106,56%,42%,50%,1%,7%,58%,1,513,458,89%,17.1,16,17.4,17.7,0,BENTON,405052,405000,2021
235,ROGERS HIGH SCHOOL,9-12,ROGERS SCHOOL DISTRICT,24%,51%,33%,29%,18%,2157,44%,41%,50%,1%,7%,59%,1,517,464,90%,18.3,18.4,18.8,19.3,0,BENTON,405048,405000,2021
236,ROGERS NEW TECHNOLOGY HIGH SCHOOL,9-12,ROGERS SCHOOL DISTRICT,15%,45%,35%,22%,9%,677,55%,40%,53%,2%,5%,60%,1,136,127,93%,17.8,17.8,19.9,19.8,0,BENTON,405703,405000,2021
237,ROSE BUD HIGH SCHOOL,7-12,ROSE BUD SCHOOL DISTRICT,13%,40%,25%,15%,8%,361,55%,93%,6%,1%,1%,7%,2,61,48,79%,17.5,16.6,18.8,18.2,0,WHITE,7310043,7310000,2021
238,RURAL SPECIAL HIGH SCHOOL,7-12,MOUNTAIN VIEW SCHOOL DISTRICT,33%,75%,42%,25%,25%,93,67%,89%,10%,0%,1%,11%,2,12,12,100%,19.1,21.8,20.8,20.5,0,STONE,6901012,6901000,2021
239,RUSSELLVILLE HIGH SCHOOL,10-12,RUSSELLVILLE SCHOOL DISTRICT,24%,52%,37%,30%,17%,1168,45%,61%,26%,7%,6%,39%,1,388,283,73%,18.4,18.5,19.8,19.8,0,POPE,5805024,5805000,2021
240,SALEM HIGH SCHOOL,7-12,SALEM SCHOOL DISTRICT,23%,55%,34%,28%,15%,415,60%,93%,2%,0%,5%,7%,2,61,53,87%,18.4,18.3,19.8,19.7,0,FULTON,2502006,2502000,2021
241,SCOTT CHARTER SCHOOL,K-11,ACADEMICS PLUS PUBLIC CHARTER SCHOOLS,N<10,N<10,N<10,N<10,N<10,215,69%,42%,8%,48%,2%,58%,3,8,N<10,N/A,N<10,N<10,N<10,N<10,1,PULASKI,6040704,6040700,2021
242,SCRANTON HIGH SCHOOL,7-12,SCRANTON SCHOOL DISTRICT,24%,48%,40%,32%,20%,206,53%,90%,4%,0%,6%,10%,1,32,25,78%,18.6,18.5,20.5,20.1,0,LOGAN,4204019,4204000,2021
243,SEARCY HIGH SCHOOL,9-12,SEARCY SCHOOL DISTRICT,29%,58%,40%,31%,22%,1094,40%,70%,11%,11%,9%,30%,2,250,230,92%,19.1,19.8,20.5,19.9,0,WHITE,7311052,7311000,2021
244,SHERIDAN HIGH SCHOOL,9-12,SHERIDAN SCHOOL DISTRICT,23%,47%,35%,27%,17%,1241,31%,89%,6%,2%,3%,11%,3,296,243,82%,18.3,17.8,19.2,19,0,GRANT,2705021,2705000,2021
245,SHIRLEY HIGH SCHOOL,7-12,SHIRLEY SCHOOL DISTRICT,11%,21%,5%,11%,5%,144,81%,94%,1%,1%,3%,6%,1,32,19,59%,14.9,13.6,14.7,15.9,0,VAN BUREN,7104015,7104000,2021
246,SILOAM SPRINGS HIGH SCHOOL CONVERSION CHARTER,9-12,SILOAM SPRINGS SCHOOL DISTRICT,28%,49%,37%,33%,17%,1358,40%,52%,35%,1%,12%,48%,1,307,254,83%,18.8,17.7,19.3,19.6,0,BENTON,406703,406000,2021
247,SLOAN-HENDRIX HIGH SCHOOL,7-12,SLOAN-HENDRIX SCHOOL DISTRICT,15%,45%,30%,19%,11%,357,69%,97%,1%,0%,1%,3%,2,56,47,84%,17.5,18.6,18.8,19.3,0,LAWRENCE,3806019,3806000,2021
248,SMACKOVER HIGH SCHOOL,9-12,SMACKOVER-NORPHLET SCHOOL DISTRICT,4%,24%,7%,6%,3%,316,49%,72%,5%,20%,3%,28%,4,72,68,94%,15.5,14,15.2,15.9,0,UNION,7008045,7008000,2021
249,SOUTH SIDE HIGH SCHOOL,7-12,SOUTH SIDE SCHOOL DISTRICT (VANBUREN),22%,48%,33%,20%,13%,261,41%,92%,3%,1%,5%,8%,1,49,46,94%,17.8,17.8,19.8,18.9,0,VAN BUREN,7105019,7105000,2021
250,SOUTHSIDE CHARTER HIGH SCHOOL,10-12,SOUTHSIDE SCHOOL DISTRICT (INDEPENDENCE),22%,51%,29%,27%,13%,414,57%,91%,5%,2%,3%,9%,2,121,112,93%,18,17.7,18.2,19,0,INDEPENDENCE,3209703,3209000,2021
251,SOUTHSIDE HIGH SCHOOL,9-12,FORT SMITH SCHOOL DISTRICT,32%,61%,40%,36%,24%,1794,47%,58%,16%,6%,20%,42%,1,454,396,87%,19.5,20,20.9,20.5,0,SEBASTIAN,6601025,6601000,2021
252,SPARKMAN K-12 SCHOOL,K-12,HARMONY GROVE SCHOOL DISTRICT (OUACHITA),N<10,N<10,N<10,N<10,N<10,109,50%,72%,12%,16%,1%,28%,4,7,N<10,N/A,N<10,N<10,N<10,N<10,0,OUACHITA,5205013,5205000,2021
253,SPRING HILL HIGH SCHOOL,7-12,SPRING HILL SCHOOL DISTRICT,14%,31%,14%,8%,0%,259,47%,85%,7%,1%,8%,15%,4,39,36,92%,16.9,15.9,17.1,17.2,0,HEMPSTEAD,2906026,2906000,2021
254,SPRINGDALE HIGH SCHOOL,10-12,SPRINGDALE SCHOOL DISTRICT,18%,38%,24%,18%,9%,2041,80%,18%,56%,2%,23%,82%,1,658,353,54%,17.5,16.5,17.5,18.1,0,WASHINGTON,7207049,7207000,2021
255,ST. JOE K-12 SCHOOL,K-12,OZARK MOUNTAIN SCHOOL DISTRICT,N<10,N<10,N<10,N<10,N<10,193,72%,96%,2%,0%,2%,4%,1,13,N<10,N/A,N<10,N<10,N<10,N<10,0,SEARCY,6505015,6505000,2021
256,ST. PAUL HIGH SCHOOL,7-12,HUNTSVILLE SCHOOL DISTRICT,N<10,N<10,N<10,N<10,N<10,105,67%,85%,7%,0%,9%,15%,1,13,N<10,N/A,N<10,N<10,N<10,N<10,0,MADISON,4401012,4401000,2021
257,STAR CITY HIGH SCHOOL,9-12,STAR CITY SCHOOL DISTRICT,8%,34%,21%,14%,7%,431,67%,64%,10%,24%,2%,36%,5,111,107,96%,16.1,16,16.4,16.8,0,LINCOLN,4003016,4003000,2021
258,STRONG-HUTTIG SCHOOLS,K-12,STRONG-HUTTIG SCHOOL DISTRICT,0%,8%,15%,8%,0%,300,94%,18%,2%,79%,1%,82%,4,19,13,68%,15.2,12.5,13.9,14.6,0,UNION,7009050,7009000,2021
259,STUTTGART HIGH SCHOOL,9-12,STUTTGART SCHOOL DISTRICT,21%,27%,22%,10%,8%,456,52%,49%,8%,40%,4%,51%,5,96,83,86%,17.4,15.3,17.3,17.2,0,ARKANSAS,104025,104000,2021
260,SYLVAN HILLS HIGH SCHOOL,10-12,PULASKI COUNTY SPECIAL SCHOOL DISTRICT,24%,46%,30%,23%,15%,1003,38%,40%,7%,47%,5%,60%,3,304,254,84%,17.5,17.7,18.4,18.9,0,PULASKI,6003128,6003000,2021
261,TAYLOR HIGH SCHOOL,7-12,EMERSON-TAYLOR-BRADLEY SCHOOL DISTRICT,12%,50%,27%,23%,12%,211,29%,97%,2%,0%,1%,3%,4,26,26,100%,17.6,18,18.8,19.4,0,COLUMBIA,1408019,1408000,2021
262,THE ACADEMIES AT JONESBORO HIGH SCHOOL,10-12,JONESBORO SCHOOL DISTRICT,14%,30%,24%,19%,9%,1310,66%,35%,15%,45%,5%,65%,2,453,383,85%,16.7,15.3,17.1,17.4,0,CRAIGHEAD,1608027,1608000,2021
263,THE ACADEMIES OF WEST MEMPHIS CHARTER SCHOOL,10-12,WEST MEMPHIS SCHOOL DISTRICT,8%,28%,14%,11%,3%,971,72%,22%,1%,75%,1%,78%,2,306,181,59%,16.2,15.6,15.9,16.8,0,CRITTENDEN,1803703,1803000,2021
264,TIMBO HIGH SCHOOL,7-12,MOUNTAIN VIEW SCHOOL DISTRICT,0%,55%,55%,36%,0%,104,88%,96%,3%,0%,1%,4%,2,13,11,85%,16.9,18.3,20.6,20.5,0,STONE,6901016,6901000,2021
265,TRUMANN HIGH SCHOOL,9-12,TRUMANN SCHOOL DISTRICT,11%,22%,18%,13%,6%,446,70%,77%,7%,15%,2%,23%,2,97,95,98%,16.3,15.3,16.8,16.3,0,POINSETT,5605023,5605000,2021
266,TUCKERMAN HIGH SCHOOL,8-12,JACKSON CO. SCHOOL DISTRICT,26%,57%,35%,36%,21%,298,62%,89%,1%,7%,3%,11%,2,59,58,98%,18.1,20.2,19.7,19.9,0,JACKSON,3405025,3405000,2021
267,TWO RIVERS HIGH SCHOOL,5-12,TWO RIVERS SCHOOL DISTRICT,22%,46%,35%,22%,22%,481,78%,77%,16%,1%,6%,23%,1,48,37,77%,17.2,18.2,18.7,18.5,0,YELL,7510019,7510000,2021
268,UMPIRE K-12 SCHOOL,K-12,COSSATOT RIVER SCHOOL DISTRICT,N<10,N<10,N<10,N<10,N<10,93,76%,62%,34%,0%,3%,38%,4,5,N<10,N/A,N<10,N<10,N<10,N<10,0,POLK,5707024,5707000,2021
269,VALLEY SPRINGS HIGH SCHOOL,9-12,VALLEY SPRINGS SCHOOL DISTRICT,19%,53%,39%,31%,14%,270,41%,96%,2%,0%,1%,4%,1,69,64,93%,18.5,19.2,20.6,20.5,0,BOONE,505027,505000,2021
270,VALLEY VIEW HIGH SCHOOL,10-12,VALLEY VIEW SCHOOL DISTRICT,29%,65%,50%,41%,21%,637,21%,86%,3%,5%,6%,14%,2,181,175,97%,19.4,20.8,21.5,20.7,0,CRAIGHEAD,1612048,1612000,2021
271,VAN BUREN HIGH SCHOOL,10-12,VAN BUREN SCHOOL DISTRICT,25%,52%,33%,28%,16%,1139,44%,66%,19%,2%,13%,34%,1,390,363,93%,18.1,18.4,18.9,19.3,0,CRAWFORD,1705027,1705000,2021
272,VILONIA HIGH SCHOOL,9-12,VILONIA SCHOOL DISTRICT,24%,55%,37%,28%,16%,946,29%,94%,4%,1%,1%,6%,3,229,217,95%,18.7,19.1,19.6,19.9,0,FAULKNER,2307034,2307000,2021
273,VIOLA HIGH SCHOOL,7-12,VIOLA SCHOOL DISTRICT,13%,38%,25%,21%,8%,178,66%,95%,2%,1%,3%,5%,2,26,24,92%,17.6,16.5,17.8,17.8,0,FULTON,2503010,2503000,2021
274,WALDRON HIGH SCHOOL,9-12,WALDRON SCHOOL DISTRICT,12%,38%,27%,23%,12%,444,69%,77%,15%,1%,7%,23%,1,112,103,92%,16.9,16.5,18.3,18.3,0,SCOTT,6401003,6401000,2021
275,WALNUT RIDGE HIGH SCHOOL,7-12,LAWRENCE COUNTY SCHOOL DISTRICT,14%,62%,24%,18%,8%,462,56%,89%,3%,0%,7%,11%,2,81,66,81%,17,19.4,18.9,18.8,0,LAWRENCE,3810027,3810000,2021
276,WARREN HIGH SCHOOL,9-12,WARREN SCHOOL DISTRICT,1%,24%,8%,3%,0%,472,69%,40%,25%,32%,3%,60%,5,119,107,90%,15,14.5,14.4,15.4,0,BRADLEY,602019,602000,2021
277,WATSON CHAPEL HIGH SCHOOL,10-12,WATSON CHAPEL SCHOOL DISTRICT,2%,19%,11%,5%,1%,488,65%,10%,2%,86%,2%,90%,3,163,154,94%,14.7,14,15.3,15.6,0,JEFFERSON,3509067,3509000,2021
278,WEST FORK HIGH SCHOOL,9-12,WEST FORK SCHOOL DISTRICT,7%,56%,34%,21%,5%,308,43%,86%,5%,0%,9%,14%,1,66,61,92%,16.5,18.3,19.1,18.2,0,WASHINGTON,7208062,7208000,2021
279,WEST LITTLE ROCK CLASSICAL ACADEMY,6-12,RESPONSIVE ED SOLUTIONS NORTHWEST ARKANSAS CLASSIC,N<10,N<10,N<10,N<10,N<10,107,35%,50%,5%,36%,9%,50%,1,12,N<10,N/A,N<10,N<10,N<10,N<10,1,BENTON,442706,442700,2021
280,WEST SIDE HIGH SCHOOL,7-12,WEST SIDE SCHOOL DISTRICT (CLEBURNE),24%,67%,67%,33%,19%,245,65%,98%,1%,0%,0%,2%,2,27,21,78%,18.5,19.1,22.8,20.6,0,CLEBURNE,1204015,1204000,2021
281,WESTERN GROVE K-12 SCHOOL,K-12,OZARK MOUNTAIN SCHOOL DISTRICT,0%,41%,29%,12%,0%,247,68%,92%,3%,1%,4%,8%,1,19,17,89%,16.4,16.6,19.4,18.4,0,SEARCY,6505016,6505000,2021
282,WESTERN YELL COUNTY HIGH SCHOOL,7-12,WESTERN YELL COUNTY SCHOOL DISTRICT,4%,17%,4%,0%,0%,175,88%,73%,19%,1%,7%,27%,1,26,24,92%,15.5,14.5,15,16,0,YELL,7509033,7509000,2021
283,WESTSIDE HIGH SCHOOL,8-12,WESTSIDE CONSOLIDATED SCHOOL DISTRICT (CRAIGHEAD),5%,42%,22%,15%,1%,662,45%,93%,3%,2%,2%,7%,2,102,92,90%,16.2,16.4,17.8,18.1,0,CRAIGHEAD,1602055,1602000,2021
284,WESTSIDE HIGH SCHOOL,6-12,WESTSIDE SCHOOL DISTRICT (JOHNSON),3%,13%,11%,5%,0%,348,67%,91%,5%,0%,3%,9%,1,40,38,95%,15.2,13.2,15.6,15.5,0,JOHNSON,3606026,3606000,2021
285,WHITE COUNTY CENTRAL HIGH SCHOOL,7-12,WHITE COUNTY CENTRAL SCHOOL DISTRICT,20%,38%,29%,20%,9%,369,56%,86%,10%,1%,4%,14%,2,51,45,88%,17.3,16.9,18.5,19.1,0,WHITE,7304019,7304000,2021
286,WHITE HALL HIGH SCHOOL,9-12,WHITE HALL SCHOOL DISTRICT,20%,39%,27%,23%,13%,948,45%,61%,3%,31%,5%,39%,3,215,201,93%,17.5,16.7,17.9,18.3,0,JEFFERSON,3510076,3510000,2021
287,WONDERVIEW HIGH SCHOOL,7-12,WONDERVIEW SCHOOL DISTRICT,10%,36%,32%,10%,7%,208,54%,96%,2%,1%,1%,4%,6,32,31,97%,16.3,16.9,18.4,17.6,0,CONWAY,1505026,1505000,2021
288,WOODLAWN HIGH SCHOOL,7-12,WOODLAWN SCHOOL DISTRICT,10%,57%,31%,17%,10%,283,45%,89%,5%,3%,3%,11%,5,39,42,108%,17.4,18.4,18.9,19.6,0,CLEVELAND,1304015,1304000,2021
289,WYNNE HIGH SCHOOL,9-12,WYNNE SCHOOL DISTRICT,19%,48%,30%,22%,15%,769,53%,64%,3%,30%,3%,36%,2,195,170,87%,17.2,18.3,18.1,18.9,0,CROSS,1905017,1905000,2021
290,YELLVILLE-SUMMIT HIGH SCHOOL,7-12,YELLVILLE-SUMMIT SCHOOL DISTRICT,25%,50%,25%,32%,14%,450,72%,95%,1%,1%,3%,5%,1,66,56,85%,17.3,18.6,18.2,19.1,0,MARION,4502006,4502000,2021
