school_name,School Code,tests_taken,SAT_reading_writing,Total # of Classes,avg_class_size,number_of_students,Female %,Male %,perc_english_learner,perc_disabilities,perc_econ_disadvg,District Code,perc_african_american,perc_asian,perc_hispanic,perc_white,perc_native_american,perc_hawaiian_pacific_isl,perc_multi_race_non_hisp,District Name,In-District Expenditures,Total In-district FTEs,In-District Expenditures per Pupil,Total Expenditures,Total Pupil FTEs,total_exp_per_pupil,year,SAT_math_19,SAT_math_20,SAT_math_21,SAT_math_22,SAT_math_23
abby kelley foster charter public (district) - abby kelley foster charter public school,4450105,106,536,711.0,19.0,1424.0,54.0,46.0,42.7,11.5,12.4,4450000.0,52.6,3.4,20.7,19.4,0.4,0.1,3.4,Abby Kelley Foster Charter Public (District),"          $21,896,724.82",1425.4,"              $15,361.60","          $21,896,724.82",1425.4,15361.6,2019.0,524.0,494.0,528.0,512.0,513.0
abington - abington high,10505,148,528,267.0,18.2,600.0,50.2,49.8,24.0,5.0,11.2,10000.0,4.8,3.0,10.0,80.8,0.0,0.0,1.3,Abington,"          $28,935,060.43",2064.7,"              $14,014.17","          $32,687,048.06",2166.7,15086.1,2019.0,525.0,539.0,534.0,521.0,526.0
acton-boxborough - acton-boxborough regional high,6000505,343,648,735.0,18.1,1820.0,48.5,51.5,6.6,1.0,10.7,6000000.0,2.8,33.2,4.5,54.8,0.2,0.0,4.6,Acton-Boxborough,"          $84,437,382.26",5586.8,"              $15,113.73","          $93,817,043.97",5710.8,16428.0,2019.0,677.0,688.0,683.0,681.0,680.0
advanced math and science academy charter (district) - advanced math and science academy charter school,4300305,185,624,510.0,18.1,964.0,47.6,52.4,9.0,3.2,6.9,4300000.0,2.3,17.3,6.5,67.1,0.1,0.0,6.6,Advanced Math and Science Academy Charter (District),"          $15,910,750.63",972.7,"              $16,357.31","          $15,910,750.63",972.7,16357.31,2019.0,662.0,667.0,657.0,634.0,614.0
agawam - agawam high,50505,218,546,562.0,15.0,1059.0,49.9,50.1,24.1,2.1,11.6,50000.0,1.6,2.5,7.4,86.0,0.1,0.0,2.5,Agawam,"          $63,234,829.14",3710.3,"              $17,043.05","          $69,007,740.22",3868.8,17836.99,2019.0,555.0,560.0,564.0,538.0,552.0
amesbury - amesbury high,70505,160,569,339.0,14.7,541.0,49.4,50.7,14.8,1.1,13.3,70000.0,1.5,1.3,5.9,87.3,0.0,0.0,4.1,Amesbury,"          $34,107,103.50",2044.4,"              $16,683.19","          $39,184,044.16",2195.9,17844.18,2019.0,571.0,574.0,570.0,566.0,541.0
amherst-pelham - amherst regional high,6050505,224,604,617.0,12.9,901.0,49.4,50.3,26.4,7.3,19.3,6050000.0,8.4,10.0,17.3,54.7,0.1,0.0,9.4,Amherst-Pelham,"          $29,757,591.00",1334.3,"              $22,302.02","          $34,083,650.00",1492.6,22835.09,2019.0,597.0,618.0,669.0,633.0,611.0
andover - andover high,90505,534,604,1042.0,15.3,1779.0,52.8,47.1,9.5,0.6,16.5,90000.0,2.1,18.7,6.2,70.4,0.3,0.0,2.3,Andover,"         $105,001,180.47",5967.5,"              $17,595.51","         $113,553,799.47",6089.0,18649.01,2019.0,603.0,625.0,611.0,619.0,616.0
arlington - arlington high,100505,401,603,856.0,14.0,1426.0,50.6,49.0,9.9,1.8,13.5,100000.0,4.0,10.7,6.0,74.7,0.0,0.1,4.6,Arlington,"          $81,281,781.54",5957.9,"              $13,642.69","          $89,253,263.12",6106.6,14615.87,2019.0,601.0,608.0,617.0,619.0,620.0
ashburnham-westminster - oakmont regional high school,6100505,195,556,353.0,16.3,676.0,50.7,49.1,16.3,0.6,17.9,6100000.0,0.2,1.5,3.0,93.8,0.0,0.0,1.6,Ashburnham-Westminster,"          $30,529,738.18",2356.7,"              $12,954.44","          $32,017,603.25",2438.3,13131.12,2019.0,557.0,564.0,600.0,565.0,583.0
ashland - ashland high,140505,232,573,433.0,15.9,836.0,51.9,48.0,14.5,4.3,11.4,140000.0,2.8,13.4,12.9,68.1,0.5,0.0,2.4,Ashland,"          $38,910,976.10",2853.3,"              $13,637.18","          $42,577,729.17",2936.1,14501.46,2019.0,596.0,607.0,635.0,610.0,604.0
assabet valley regional vocational technical - assabet valley vocational high school,8010605,170,513,646.0,16.4,1130.0,39.1,60.4,28.9,4.0,27.5,8010000.0,1.9,0.5,18.9,76.2,0.3,0.0,2.3,Assabet Valley Regional Vocational Technical,"          $23,329,863.00",1129.2,"              $20,660.52","          $23,366,767.00",1130.2,20674.9,2019.0,497.0,507.0,502.0,511.0,510.0
atlantis charter (district) - atlantis charter school,4910550,49,492,521.0,23.9,1304.0,52.8,47.2,46.3,13.2,13.9,4910000.0,5.5,1.9,13.2,75.3,0.2,0.1,3.8,Atlantis Charter (District),"          $17,034,567.00",1287.8,"              $13,227.65","          $17,034,567.00",1287.8,13227.65,2019.0,489.0,499.0,449.0,418.0,419.0
attleboro - attleboro high,160505,418,547,884.0,20.6,1822.0,46.6,53.4,26.5,3.7,14.3,160000.0,6.1,4.5,16.7,68.2,0.3,0.2,4.1,Attleboro,"          $80,024,521.91",5895.0,"              $13,574.98","          $89,926,999.35",6401.5,14047.8,2019.0,544.0,542.0,554.0,531.0,534.0
auburn - auburn senior high,170505,191,551,629.0,16.8,800.0,53.0,47.0,19.6,1.3,8.6,170000.0,2.1,4.3,8.8,81.3,0.3,0.0,3.4,Auburn,"          $35,683,527.01",2638.9,"              $13,522.12","          $37,120,391.37",2693.7,13780.45,2019.0,548.0,547.0,566.0,542.0,561.0
ayer shirley school district - ayer shirley regional high school,6160505,104,562,228.0,16.1,371.0,52.6,47.4,23.2,2.2,16.7,6160000.0,4.6,1.4,10.8,73.9,1.9,0.3,7.3,Ayer Shirley School District,"          $25,584,103.57",1710.3,"              $14,958.84","          $30,063,189.51",1942.3,15478.14,2019.0,560.0,552.0,535.0,518.0,490.0
barnstable - barnstable high,200505,350,556,918.0,14.1,1756.0,51.5,48.4,34.7,9.9,15.7,200000.0,8.5,1.9,17.5,67.3,0.3,0.2,4.2,Barnstable,"          $81,595,675.40",4770.6,"              $17,103.86","          $93,041,052.29",5572.5,16696.47,2019.0,552.0,551.0,553.0,550.0,549.0
baystate academy charter public school (district) - baystate academy charter public school,35020405,34,465,308.0,15.0,462.0,48.9,51.1,66.7,9.3,19.3,35020000.0,28.4,0.7,57.4,11.5,0.0,0.4,1.7,Baystate Academy Charter Public School (District),"           $7,815,903.16",488.8,"              $15,988.67","           $7,815,903.16",488.8,15988.67,2019.0,462.0,447.0,467.0,443.0,458.0
bedford - bedford high,230505,200,611,563.0,12.8,836.0,50.4,49.6,7.8,1.2,14.7,230000.0,6.7,14.2,10.1,64.5,0.1,0.0,4.4,Bedford,"          $48,611,869.60",2652.8,"              $18,324.74","          $54,096,545.03",2715.0,19925.06,2019.0,615.0,617.0,626.0,620.0,637.0
belchertown - belchertown high,240505,145,567,430.0,14.3,694.0,48.4,51.6,16.6,0.1,14.4,240000.0,2.0,1.3,2.9,90.8,0.1,0.3,2.6,Belchertown,"          $31,897,507.55",2275.7,"              $14,016.57","          $35,352,573.74",2467.7,14326.12,2019.0,557.0,562.0,584.0,559.0,543.0
bellingham - bellingham high school,250505,157,533,346.0,18.1,749.0,49.4,50.6,18.8,1.2,19.1,250000.0,3.1,3.3,5.3,85.1,0.3,0.0,2.9,Bellingham,"          $36,221,824.79",2221.1,"              $16,308.06","          $41,553,163.72",2445.8,16989.6,2019.0,526.0,540.0,558.0,531.0,517.0
belmont - belmont high,260505,351,612,463.0,20.7,1327.0,50.5,49.5,7.6,1.7,5.7,260000.0,3.3,18.2,4.3,68.6,0.0,0.0,5.6,Belmont,"          $61,722,257.00",4613.2,"              $13,379.49","          $70,137,376.00",4732.5,14820.36,2019.0,624.0,641.0,673.0,662.0,656.0
berkshire arts and technology charter public (district) - berkshire arts and technology charter public school,4140305,49,575,149.0,18.6,366.0,43.7,56.0,44.5,0.8,20.0,4140000.0,12.0,2.7,10.1,69.4,0.3,0.0,5.5,Berkshire Arts and Technology Charter Public (District),"           $6,343,118.59",369.4,"              $17,169.55","           $6,343,118.59",369.4,17169.55,2019.0,546.0,586.0,492.0,535.0,530.0
berkshire hills - monument mt regional high,6180505,106,591,330.0,13.2,509.0,50.5,49.5,25.2,3.3,13.2,6180000.0,1.0,2.4,10.2,83.1,0.2,0.6,2.6,Berkshire Hills,"          $26,907,389.16",1197.9,"              $22,462.13","          $28,934,800.16",1319.6,21926.95,2019.0,559.0,556.0,546.0,539.0,532.0
berlin-boylston - tahanto regional high,6200505,98,574,309.0,16.2,560.0,48.4,51.6,15.9,2.0,16.3,6200000.0,2.5,4.6,5.2,84.6,0.0,0.4,2.7,Berlin-Boylston,"           $8,525,877.00",580.9,"              $14,677.01","          $10,140,409.40",625.9,16201.33,2019.0,578.0,588.0,594.0,563.0,581.0
beverly - beverly high,300505,306,566,552.0,21.1,1305.0,47.9,52.0,24.1,1.6,16.3,300000.0,3.5,2.5,14.1,76.6,0.1,0.1,3.2,Beverly,"          $62,601,953.21",4612.4,"              $13,572.53","          $71,714,569.38",4809.0,14912.57,2019.0,554.0,568.0,522.0,517.0,521.0
billerica - billerica memorial high school,310505,386,551,707.0,19.2,1814.0,48.6,51.4,16.9,0.9,17.2,310000.0,5.0,8.3,6.2,78.3,0.1,0.1,2.0,Billerica,"          $79,411,570.00",4782.4,"              $16,604.96","          $86,305,246.00",5023.9,17178.93,2019.0,561.0,569.0,535.0,529.0,551.0
blackstone valley regional vocational technical - blackstone valley,8050605,312,559,818.0,16.9,1224.0,50.7,49.1,10.0,0.3,10.0,8050000.0,1.0,1.7,6.1,89.1,0.0,0.1,2.0,Blackstone Valley Regional Vocational Technical,"          $24,931,775.02",1240.1,"              $20,104.65","          $24,931,775.02",1240.1,20104.65,2019.0,549.0,564.0,570.0,542.0,540.0
blackstone-millville - blackstone millville rhs,6220505,94,539,229.0,13.0,429.0,47.6,52.5,23.8,1.6,15.2,6220000.0,1.6,0.9,6.5,88.6,0.0,0.0,2.3,Blackstone-Millville,"          $22,845,115.84",1725.2,"              $13,242.01","          $25,550,989.84",1851.3,13801.65,2019.0,536.0,541.0,524.0,509.0,495.0
blue hills regional vocational technical - blue hills regional vocational technical,8060605,176,492,435.0,14.4,843.0,45.1,54.9,26.9,0.8,26.2,8060000.0,21.5,1.8,14.7,55.6,0.6,0.1,5.7,Blue Hills Regional Vocational Technical,"          $21,016,283.13",859.5,"              $24,451.75","          $21,016,283.13",859.5,24451.75,2019.0,490.0,480.0,535.0,501.0,505.0
boston - boston arts academy,350546,166,474,276.0,14.7,476.0,66.0,33.6,48.7,6.1,18.7,350000.0,44.8,2.5,38.9,9.2,0.4,0.2,4.0,Boston,"       $1,260,411,345.13",52211.4,"              $24,140.54","       $1,528,412,495.35",66445.7,23002.43,2019.0,468.0,468.0,456.0,466.0,471.0
boston - boston community leadership academy,350558,170,442,190.0,17.1,489.0,45.0,55.0,65.6,30.9,21.3,350000.0,34.4,3.5,56.2,4.7,0.2,0.2,0.8,Boston,"       $1,260,411,345.13",52211.4,"              $24,140.54","       $1,528,412,495.35",66445.7,23002.43,2019.0,451.0,474.0,413.0,410.0,429.0
boston - boston latin academy,350545,407,578,609.0,22.8,1765.0,58.9,41.0,34.1,0.0,4.3,350000.0,21.2,19.9,25.1,30.1,0.1,0.1,3.5,Boston,"       $1,260,411,345.13",52211.4,"              $24,140.54","       $1,528,412,495.35",66445.7,23002.43,2019.0,601.0,602.0,574.0,568.0,567.0
boston - community academy of science and health,350581,85,417,165.0,14.0,388.0,45.9,54.1,71.1,25.0,36.9,350000.0,62.6,2.6,28.1,2.3,0.5,0.0,3.9,Boston,"       $1,260,411,345.13",52211.4,"              $24,140.54","       $1,528,412,495.35",66445.7,23002.43,2019.0,418.0,467.0,406.0,403.0,397.0
boston - excel high school,350522,73,436,185.0,17.2,544.0,37.9,62.1,69.5,23.7,24.6,350000.0,33.6,19.5,37.5,7.2,0.6,0.2,1.5,Boston,"       $1,260,411,345.13",52211.4,"              $24,140.54","       $1,528,412,495.35",66445.7,23002.43,2019.0,463.0,475.0,525.0,463.0,451.0
boston - fenway high school,350540,107,451,111.0,19.7,397.0,53.4,46.6,64.2,20.7,21.4,350000.0,30.2,2.3,60.7,4.3,0.3,0.3,2.0,Boston,"       $1,260,411,345.13",52211.4,"              $24,140.54","       $1,528,412,495.35",66445.7,23002.43,2019.0,467.0,458.0,445.0,451.0,457.0
boston - margarita muniz academy,350549,88,410,93.0,22.3,349.0,51.9,48.1,77.4,48.7,14.0,350000.0,4.9,0.0,93.1,1.2,0.0,0.0,0.9,Boston,"       $1,260,411,345.13",52211.4,"              $24,140.54","       $1,528,412,495.35",66445.7,23002.43,2019.0,422.0,435.0,423.0,420.0,388.0
boston - new mission high school,350542,132,476,208.0,15.6,462.0,52.4,47.6,56.7,10.8,18.0,350000.0,50.2,1.7,44.4,2.2,0.2,0.0,1.3,Boston,"       $1,260,411,345.13",52211.4,"              $24,140.54","       $1,528,412,495.35",66445.7,23002.43,2019.0,509.0,478.0,465.0,436.0,436.0
boston - quincy upper school,350565,77,475,188.0,19.8,527.0,46.7,53.3,58.8,12.3,19.0,350000.0,21.1,49.9,22.4,4.0,0.2,0.0,2.5,Boston,"       $1,260,411,345.13",52211.4,"              $24,140.54","       $1,528,412,495.35",66445.7,23002.43,2019.0,474.0,474.0,464.0,447.0,441.0
boston - techboston academy,350657,173,419,456.0,14.2,943.0,44.9,55.0,71.4,23.5,21.6,350000.0,63.6,2.6,28.3,2.6,0.3,0.0,2.7,Boston,"       $1,260,411,345.13",52211.4,"              $24,140.54","       $1,528,412,495.35",66445.7,23002.43,2019.0,417.0,425.0,418.0,398.0,409.0
boston collegiate charter (district) - boston collegiate charter school,4490305,107,535,311.0,19.7,721.0,49.4,50.6,35.2,4.9,16.6,4490000.0,33.6,1.8,18.2,43.4,0.3,0.0,2.8,Boston Collegiate Charter (District),"          $14,080,719.32",698.7,"              $20,152.45","          $14,080,719.32",698.7,20152.45,2019.0,541.0,547.0,511.0,505.0,465.0
boston green academy horace mann charter school (district) - boston green academy horace mann charter school,4110305,75,434,217.0,16.4,483.0,48.7,51.4,65.0,15.5,31.7,4110000.0,43.7,1.7,43.5,7.7,0.2,0.4,2.9,Boston Green Academy Horace Mann Charter School (District),"           $7,747,679.43",463.6,"              $16,710.59","           $7,747,679.43",463.6,16710.59,2019.0,441.0,454.0,445.0,390.0,411.0
boston preparatory charter public (district) - boston preparatory charter public school,4160305,76,486,242.0,19.7,575.0,50.1,49.9,55.7,18.6,20.9,4160000.0,66.6,0.5,27.5,2.1,0.0,0.2,3.1,Boston Preparatory Charter Public (District),"          $11,548,735.42",526.3,"              $21,942.42","          $11,548,735.42",526.3,21942.42,2019.0,515.0,506.0,474.0,444.0,424.0
bourne - bourne high school,360505,202,533,207.0,15.2,437.0,55.2,44.9,22.4,0.7,12.1,360000.0,1.6,3.0,3.9,87.4,0.7,0.2,3.2,Bourne,"          $31,071,354.62",1943.4,"              $15,988.14","          $36,231,140.62",2253.2,16079.86,2019.0,513.0,519.0,506.0,500.0,486.0
braintree - braintree high,400505,509,559,841.0,17.2,1853.0,50.3,49.7,20.6,4.7,22.2,400000.0,5.0,19.7,4.5,68.9,0.1,0.2,1.7,Braintree,"          $85,140,396.09",5868.9,"              $14,507.04","          $91,634,068.26",5965.6,15360.41,2019.0,574.0,592.0,570.0,568.0,578.0
bridgewater-raynham - bridgewater-raynham regional,6250505,418,559,573.0,16.7,1385.0,51.1,48.9,14.8,1.2,10.2,6250000.0,5.7,2.2,1.4,85.7,0.1,0.1,4.9,Bridgewater-Raynham,"          $69,916,835.93",5369.2,"              $13,021.83","          $77,334,374.93",5625.8,13746.38,2019.0,563.0,564.0,568.0,551.0,546.0
bristol county agricultural - bristol county agricultural high,9100705,99,533,235.0,17.4,451.0,71.2,28.4,23.1,0.0,11.8,9100000.0,1.8,0.4,4.7,91.6,0.0,0.2,1.3,Bristol County Agricultural,"          $12,399,742.40",450.3,"              $27,536.63","          $12,399,742.40",450.3,27536.63,2019.0,522.0,542.0,505.0,519.0,526.0
bristol-plymouth regional vocational technical - bristol-plymouth vocational technical,8100605,147,509,969.0,17.5,1290.0,43.0,57.0,27.8,0.3,18.3,8100000.0,2.9,0.7,6.2,85.7,0.6,0.0,3.9,Bristol-Plymouth Regional Vocational Technical,"          $25,076,215.32",1289.6,"              $19,444.96","          $25,151,441.32",1304.3,19283.48,2019.0,511.0,508.0,536.0,510.0,507.0
brockton - brockton high,440505,638,498,1956.0,18.1,4079.0,46.7,53.3,56.5,25.4,12.1,440000.0,63.6,2.4,14.4,15.2,0.4,0.2,3.8,Brockton,"         $245,238,171.92",16225.4,"              $15,114.46","         $271,418,388.13",17798.9,15249.17,2019.0,494.0,479.0,496.0,500.0,488.0
brookline - brookline high,460505,494,627,1190.0,13.8,2091.0,48.8,50.7,11.6,2.6,17.3,460000.0,7.9,16.4,11.5,54.4,0.0,0.1,9.7,Brookline,"         $155,846,461.00",7863.5,"              $19,818.97","         $162,641,415.00",7939.0,20486.39,2019.0,638.0,624.0,652.0,650.0,661.0
burlington - burlington high,480505,307,571,567.0,13.6,1084.0,46.4,53.6,14.3,4.3,9.6,480000.0,7.1,15.2,7.7,65.9,0.5,0.0,3.7,Burlington,"          $71,076,670.36",3531.1,"              $20,128.76","          $80,497,849.04",3650.5,22051.18,2019.0,563.0,556.0,534.0,575.0,575.0
cambridge - cambridge rindge and latin,490506,527,557,1111.0,14.9,2002.0,50.2,49.9,31.0,4.8,18.3,490000.0,27.8,10.5,15.0,38.4,0.4,0.4,7.6,Cambridge,"         $196,730,109.39",7063.1,"              $27,853.22","         $230,271,785.03",7741.4,29745.5,2019.0,563.0,560.0,601.0,590.0,587.0
canton - canton high,500505,330,572,515.0,17.1,984.0,53.0,46.7,15.2,1.5,9.2,500000.0,11.8,11.5,5.9,66.3,0.0,0.0,4.6,Canton,"          $52,818,900.90",3298.5,"              $16,013.01","          $59,072,430.90",3378.3,17485.85,2019.0,578.0,572.0,567.0,569.0,555.0
carver - carver middle/high school,520405,81,568,417.0,15.1,757.0,48.0,52.1,22.3,1.1,20.9,520000.0,1.2,0.1,1.3,95.6,0.5,0.1,1.1,Carver,"          $23,588,608.87",1565.2,"              $15,070.67","          $25,995,815.63",1652.4,15732.16,2019.0,568.0,555.0,521.0,528.0,529.0
central berkshire - wahconah regional high,6350505,119,551,259.0,14.2,499.0,47.9,52.1,26.1,0.6,8.8,6350000.0,0.2,0.8,3.6,93.2,0.2,0.0,2.0,Central Berkshire,"          $26,456,827.72",1595.9,"              $16,578.00","          $29,284,881.72",1826.2,16035.97,2019.0,552.0,530.0,533.0,530.0,535.0
chelmsford - chelmsford high,560505,464,573,760.0,15.8,1416.0,51.6,48.5,8.6,1.1,12.2,560000.0,3.5,15.6,4.1,74.2,0.0,0.1,2.5,Chelmsford,"          $72,549,337.57",5011.3,"              $14,477.15","          $82,455,051.45",5273.2,15636.63,2019.0,586.0,599.0,579.0,583.0,587.0
chelsea - chelsea high,570505,177,477,521.0,21.0,1492.0,44.1,55.9,61.5,32.6,10.5,570000.0,4.6,0.3,88.4,4.9,0.1,0.1,1.6,Chelsea,"          $89,492,256.55",6063.0,"              $14,760.39","         $116,549,314.68",7211.2,16162.26,2019.0,464.0,466.0,520.0,472.0,475.0
chicopee - chicopee comprehensive high school,610510,161,553,631.0,16.3,1210.0,44.1,55.9,42.1,3.5,15.5,610000.0,2.3,2.5,27.8,65.0,0.3,0.0,2.2,Chicopee,"         $113,712,185.40",7433.2,"              $15,297.88","         $121,204,949.74",7956.7,15233.07,2019.0,533.0,548.0,555.0,531.0,533.0
chicopee - chicopee high,610505,117,531,550.0,17.5,1037.0,48.9,51.1,54.6,6.3,18.0,610000.0,5.7,2.6,45.4,44.5,0.0,0.0,1.8,Chicopee,"         $113,712,185.40",7433.2,"              $15,297.88","         $121,204,949.74",7956.7,15233.07,2019.0,520.0,528.0,523.0,519.0,500.0
clinton - clinton senior high,640505,112,522,232.0,13.8,453.0,45.3,54.8,32.2,10.6,17.7,640000.0,5.1,2.0,28.9,62.7,0.0,0.0,1.3,Clinton,"          $25,315,827.82",1861.1,"              $13,602.62","          $31,622,700.96",2175.3,14537.17,2019.0,511.0,489.0,498.0,508.0,492.0
codman academy charter public (district) - codman academy charter public school,4380505,53,435,162.0,14.5,353.0,49.9,50.1,66.0,9.4,25.2,4380000.0,77.1,0.0,20.4,1.1,0.3,0.0,1.1,Codman Academy Charter Public (District),"           $8,175,206.08",344.5,"              $23,730.64","           $8,175,206.08",344.5,23730.64,2019.0,454.0,469.0,417.0,402.0,393.0
concord-carlisle - concord carlisle high,6400505,251,631,535.0,19.3,1287.0,51.7,48.1,6.4,0.6,16.4,6400000.0,4.5,8.2,4.7,77.7,0.1,0.0,4.7,Concord-Carlisle,"          $26,498,454.00",1253.4,"              $21,141.26","          $30,602,986.23",1298.2,23573.4,2019.0,640.0,647.0,647.0,648.0,647.0
danvers - danvers high,710505,247,556,472.0,15.4,889.0,49.4,50.5,17.9,0.9,17.2,710000.0,1.9,2.9,8.7,84.1,0.0,0.0,2.4,Danvers,"          $56,842,292.82",3483.9,"              $16,315.71","          $62,764,509.82",3603.1,17419.59,2019.0,543.0,550.0,530.0,528.0,546.0
dartmouth - dartmouth high,720505,258,557,462.0,18.8,1054.0,49.2,50.8,16.6,0.4,12.3,720000.0,2.3,0.2,4.4,85.2,0.0,0.0,8.0,Dartmouth,"          $49,391,329.92",3649.3,"              $13,534.47","          $53,739,695.96",3735.2,14387.37,2019.0,548.0,554.0,559.0,548.0,544.0
dedham - dedham high,730505,222,552,383.0,14.2,730.0,50.4,49.5,23.3,4.4,18.8,730000.0,9.5,2.5,15.2,70.8,0.0,0.0,2.1,Dedham,"          $52,193,480.74",2676.2,"              $19,502.83","          $57,564,643.03",2764.7,20821.3,2019.0,571.0,549.0,586.0,561.0,572.0
dennis-yarmouth - dennis-yarmouth regional high,6450505,222,527,664.0,12.8,909.0,50.8,49.2,38.0,6.8,16.4,6450000.0,10.0,2.5,14.2,66.0,1.9,0.0,5.4,Dennis-Yarmouth,"          $53,512,638.00",2956.0,"              $18,103.06","          $61,047,245.00",3522.7,17329.67,2019.0,511.0,511.0,531.0,518.0,519.0
dighton-rehoboth - dighton-rehoboth regional high school,6500505,183,549,353.0,17.2,759.0,48.5,51.5,14.1,0.0,9.9,6500000.0,1.5,0.9,3.7,91.8,0.1,0.0,2.0,Dighton-Rehoboth,"          $41,193,711.65",2913.5,"              $14,138.91","          $44,696,172.60",2991.4,14941.56,2019.0,539.0,540.0,537.0,540.0,532.0
douglas - douglas high school,770505,97,555,214.0,13.1,362.0,50.6,49.5,16.9,0.0,17.4,770000.0,1.4,1.9,4.7,89.2,0.0,0.8,1.9,Douglas,"          $18,634,706.26",1275.7,"              $14,607.44","          $21,288,300.28",1365.4,15591.26,2019.0,529.0,517.0,535.0,547.0,522.0
dover-sherborn - dover-sherborn regional high,6550505,167,625,347.0,16.4,672.0,50.5,49.4,3.3,0.9,13.8,6550000.0,2.8,7.9,4.3,80.2,0.3,0.0,4.5,Dover-Sherborn,"          $24,760,650.66",1181.2,"              $20,962.28","          $26,008,146.66",1214.6,21412.93,2019.0,629.0,651.0,642.0,645.0,647.0
dracut - dracut senior high,790505,197,545,395.0,19.3,889.0,48.5,51.3,19.2,2.5,11.0,790000.0,9.2,8.0,7.1,72.4,0.9,0.0,2.4,Dracut,"          $42,836,651.22",3661.9,"              $11,697.93","          $49,943,922.40",4055.8,12314.2,2019.0,559.0,545.0,512.0,526.0,523.0
dudley-charlton reg - shepherd hill regional high,6580505,260,556,436.0,18.0,1046.0,51.7,48.2,19.4,0.6,10.1,6580000.0,2.0,1.6,8.6,85.1,0.2,0.1,2.4,Dudley-Charlton Reg,"          $48,861,493.91",3817.9,"              $12,798.00","          $52,601,781.70",3917.4,13427.73,2019.0,564.0,547.0,569.0,559.0,556.0
duxbury - duxbury high,820505,351,585,514.0,16.9,988.0,48.7,51.3,5.8,0.2,12.8,820000.0,0.3,1.6,2.2,92.8,0.1,0.0,2.9,Duxbury,"          $47,803,494.96",2999.9,"              $15,935.03","          $50,336,078.96",3047.4,16517.71,2019.0,573.0,578.0,572.0,580.0,578.0
east bridgewater - east bridgewater jr./sr. high school,830505,159,539,478.0,21.5,1020.0,47.7,52.4,18.9,0.8,17.2,830000.0,3.0,0.6,1.9,91.9,0.4,0.1,2.2,East Bridgewater,"          $27,911,962.00",2251.7,"              $12,395.95","          $30,599,305.00",2333.2,13114.74,2019.0,517.0,514.0,521.0,529.0,516.0
east longmeadow - east longmeadow high,870505,212,559,334.0,17.9,833.0,46.9,52.9,18.9,0.8,16.5,870000.0,3.0,6.1,7.6,81.9,0.2,0.1,1.1,East Longmeadow,"          $39,964,265.31",2637.8,"              $15,150.60","          $43,866,375.31",2727.8,16081.23,2019.0,564.0,560.0,572.0,573.0,563.0
easthampton - easthampton high,860505,89,536,197.0,15.6,454.0,51.5,48.0,29.1,1.3,16.3,860000.0,2.0,3.7,12.6,78.6,0.0,0.2,2.9,Easthampton,"          $21,330,631.78",1566.1,"              $13,620.22","          $27,047,635.99",1899.5,14239.35,2019.0,514.0,528.0,504.0,536.0,532.0
easton - oliver ames high,880505,348,572,530.0,18.0,1123.0,50.3,49.7,14.1,1.0,18.2,880000.0,7.5,3.4,5.0,80.4,0.3,0.1,3.4,Easton,"          $49,710,810.10",3621.5,"              $13,726.58","          $54,556,305.09",3723.6,14651.49,2019.0,572.0,552.0,567.0,566.0,566.0
essex north shore agricultural and technical school district - essex north shore agricultural and technical school,8170505,363,526,952.0,17.2,1486.0,58.0,41.9,17.3,0.3,16.1,8170000.0,1.2,1.4,13.1,79.7,0.3,0.1,4.1,Essex North Shore Agricultural and Technical School District,"          $27,300,446.72",1397.4,"              $19,536.60","          $27,723,999.72",1404.2,19743.63,2019.0,501.0,509.0,519.0,501.0,510.0
everett - everett high,930505,418,494,1056.0,18.4,2039.0,48.3,51.7,51.0,22.5,9.9,930000.0,19.5,5.0,53.4,20.1,0.4,0.2,1.5,Everett,"          $98,837,678.00",7144.5,"              $13,834.09","         $117,989,739.00",8031.4,14691.05,2019.0,492.0,493.0,495.0,474.0,477.0
excel academy charter (district) - excel academy charter school,4100205,170,500,468.0,23.6,1354.0,50.2,49.8,48.7,8.8,20.4,4100000.0,5.8,1.0,79.8,11.7,0.6,0.4,0.6,Excel Academy Charter (District),"          $22,903,282.25",1295.4,"              $17,680.06","          $22,903,282.25",1295.4,17680.06,2019.0,528.0,503.0,474.0,484.0,464.0
fairhaven - fairhaven high,940505,143,553,351.0,16.2,709.0,53.5,46.5,24.5,1.4,14.7,940000.0,2.0,2.4,5.8,87.3,0.6,0.0,2.0,Fairhaven,"          $25,331,875.33",2030.9,"              $12,473.23","          $27,574,133.41",2089.7,13195.26,2019.0,572.0,562.0,591.0,555.0,542.0
fall river - b m c durfee high,950505,474,470,854.0,17.7,2191.0,50.2,49.8,64.4,17.3,15.4,950000.0,9.1,5.3,27.7,52.7,0.2,0.1,5.0,Fall River,"         $154,122,982.00",10234.6,"              $15,059.01","         $186,558,142.00",12256.2,15221.53,2019.0,462.0,526.0,510.0,500.0,477.0
falmouth - falmouth high,960505,232,567,724.0,13.4,832.0,50.1,49.3,24.4,2.8,11.1,960000.0,5.1,2.2,5.1,81.5,0.8,0.0,5.4,Falmouth,"          $61,882,873.36",3342.4,"              $18,514.50","          $66,955,651.36",3548.7,18867.66,2019.0,555.0,554.0,570.0,573.0,558.0
fitchburg - fitchburg high,970505,320,480,571.0,17.0,1247.0,46.7,53.3,57.1,11.2,16.8,970000.0,7.9,5.5,50.1,28.6,0.0,0.0,7.9,Fitchburg,"          $75,118,416.97",5292.8,"              $14,192.57","          $90,664,939.21",6029.3,15037.39,2019.0,475.0,460.0,503.0,454.0,444.0
foxborough - foxborough high,990505,262,559,532.0,13.7,800.0,49.5,50.5,17.1,0.6,16.9,990000.0,7.0,2.9,6.0,81.8,0.5,0.0,1.9,Foxborough,"          $44,593,266.89",2571.2,"              $17,343.37","          $49,445,943.10",2716.1,18204.76,2019.0,568.0,579.0,568.0,578.0,564.0
foxborough regional charter (district) - foxborough regional charter school,4460550,94,549,670.0,21.1,1660.0,52.1,48.0,26.6,7.5,10.0,4460000.0,49.4,10.1,5.4,29.4,0.3,0.2,5.2,Foxborough Regional Charter (District),"          $21,689,547.59",1619.3,"              $13,394.65","          $21,689,547.59",1619.3,13394.65,2019.0,518.0,543.0,534.0,525.0,505.0
framingham - framingham high school,1000515,537,547,1058.0,17.5,2366.0,49.7,50.3,35.9,17.6,16.2,1000000.0,6.9,5.0,30.6,53.6,0.1,0.1,3.6,Framingham,"         $162,795,056.00",8852.8,"              $18,389.10","         $187,711,485.60",9602.7,19547.78,2019.0,574.0,589.0,612.0,571.0,573.0
francis w. parker charter essential (district) - francis w. parker charter essential school,4780505,60,615,240.0,17.8,396.0,52.8,46.5,7.8,0.0,15.4,4780000.0,1.0,2.0,3.0,87.9,0.3,0.0,5.8,Francis W. Parker Charter Essential (District),"           $5,986,426.60",394.6,"              $15,170.10","           $5,986,426.60",394.6,15170.1,2019.0,567.0,572.0,554.0,560.0,564.0
franklin - franklin high,1010505,597,574,912.0,16.9,1749.0,50.0,49.9,7.7,0.5,14.2,1010000.0,1.4,6.5,3.3,85.9,0.2,0.3,2.3,Franklin,"          $74,748,010.83",5235.9,"              $14,276.06","          $87,057,405.39",5677.4,15334.03,2019.0,571.0,572.0,571.0,569.0,575.0
freetown-lakeville - apponequet regional high,6650505,200,557,350.0,15.4,717.0,49.8,50.2,14.0,0.0,14.4,6650000.0,1.1,1.1,2.5,93.9,0.0,0.3,1.1,Freetown-Lakeville,"          $36,927,571.06",2799.9,"              $13,188.89","          $40,843,234.72",2923.3,13971.62,2019.0,567.0,575.0,569.0,568.0,557.0
frontier - frontier regional,6700505,93,558,544.0,12.6,647.0,46.2,53.8,19.2,1.1,17.6,6700000.0,2.5,2.9,4.6,86.6,0.0,0.2,3.3,Frontier,"          $11,230,352.46",655.1,"              $17,142.96","          $13,207,554.09",751.9,17565.57,2019.0,566.0,570.0,596.0,576.0,595.0
gardner - gardner high,1030505,119,525,337.0,15.3,669.0,47.4,52.6,45.9,5.4,20.6,1030000.0,3.3,2.5,22.0,66.1,0.3,0.0,5.8,Gardner,"          $31,786,923.13",2284.8,"              $13,912.34","          $35,631,726.89",2628.7,13554.89,2019.0,507.0,470.0,504.0,465.0,449.0
gateway - gateway regional high,6720505,44,553,252.0,10.0,208.0,49.5,50.5,28.9,3.4,17.8,6720000.0,0.0,1.0,3.9,90.9,0.5,0.0,3.9,Gateway,"          $15,350,942.79",840.8,"              $18,257.54","          $16,286,947.96",943.7,17258.61,2019.0,531.0,523.0,559.0,549.0,521.0
georgetown - georgetown high school,1050505,134,578,317.0,12.0,374.0,49.5,50.5,8.6,0.0,16.8,1050000.0,0.8,1.3,2.7,93.6,0.0,0.0,1.6,Georgetown,"          $20,006,386.46",1361.6,"              $14,693.29","          $21,927,507.66",1402.0,15640.16,2019.0,575.0,570.0,569.0,556.0,543.0
gloucester - gloucester high,1070505,159,543,434.0,14.1,780.0,43.6,56.3,34.7,7.3,28.7,1070000.0,1.7,0.8,12.8,80.4,0.1,0.8,3.5,Gloucester,"          $49,643,711.05",2917.8,"              $17,014.09","          $56,556,399.92",3285.8,17212.37,2019.0,544.0,553.0,532.0,552.0,556.0
grafton - grafton high school,1100505,225,572,392.0,17.7,867.0,50.3,49.7,12.2,1.7,13.8,1100000.0,1.9,10.3,4.0,81.1,0.0,0.0,2.8,Grafton,"          $40,497,320.42",3168.6,"              $12,780.82","          $43,246,446.31",3274.3,13207.84,2019.0,581.0,574.0,588.0,580.0,579.0
granby - granby jr sr high school,1110505,33,543,208.0,14.0,346.0,44.2,55.8,24.0,4.1,16.2,1110000.0,0.3,1.2,7.8,87.6,0.0,0.0,3.2,Granby,"          $10,273,667.00",738.1,"              $13,919.07","          $11,798,519.00",833.8,14150.3,2019.0,542.0,543.0,558.0,567.0,542.0
greater fall river regional vocational technical - diman regional vocational technical high,8210605,139,508,906.0,15.8,1419.0,44.5,55.5,38.1,1.3,10.0,8210000.0,3.2,2.3,12.1,76.4,0.6,0.1,5.4,Greater Fall River Regional Vocational Technical,"          $28,843,459.00",1438.0,"              $20,058.04","          $28,938,366.00",1451.2,19940.99,2019.0,503.0,498.0,506.0,504.0,507.0
greater lowell regional vocational technical - gr lowell regional vocational technical,8280605,199,500,1432.0,18.4,2241.0,46.7,53.0,45.7,7.8,18.5,8280000.0,4.3,16.2,35.2,41.3,0.2,0.0,2.7,Greater Lowell Regional Vocational Technical,"          $46,617,207.94",2259.4,"              $20,632.56","          $46,835,134.94",2297.5,20385.26,2019.0,507.0,483.0,492.0,497.0,496.0
greater new bedford regional vocational technical - gr new bedford vocational technical,8250605,254,513,1972.0,15.1,2113.0,48.0,52.0,41.2,3.6,10.5,8250000.0,8.5,1.0,24.0,60.8,0.2,0.1,5.4,Greater New Bedford Regional Vocational Technical,"          $42,838,819.39",2114.6,"              $20,258.59","          $42,861,302.39",2117.2,20244.33,2019.0,502.0,494.0,533.0,510.0,499.0
groton-dunstable - groton dunstable regional,6730505,232,590,384.0,17.4,731.0,48.7,51.2,5.3,0.1,12.3,6730000.0,0.7,7.9,2.2,87.7,0.1,0.3,1.1,Groton-Dunstable,"          $38,089,750.00",2404.8,"              $15,839.05","          $41,541,212.00",2523.3,16463.05,2019.0,610.0,623.0,621.0,613.0,611.0
hadley - hopkins academy,1170505,29,567,152.0,14.8,248.0,47.2,52.8,18.6,4.0,12.5,1170000.0,2.4,5.7,10.1,75.4,0.4,3.2,2.8,Hadley,"           $9,314,766.61",538.2,"              $17,307.26","          $11,675,308.02",686.7,17002.05,2019.0,554.0,595.0,575.0,532.0,554.0
hamilton-wenham - hamilton-wenham regional high,6750505,177,600,314.0,15.6,554.0,53.6,46.4,6.9,0.5,14.1,6750000.0,0.7,4.0,4.7,88.3,0.0,0.0,2.4,Hamilton-Wenham,"          $31,225,904.02",1752.7,"              $17,815.89","          $35,139,313.75",1807.8,19437.61,2019.0,592.0,591.0,587.0,598.0,589.0
hampden charter school of science east (district) - hampden charter school of science east,4990305,58,521,224.0,19.1,523.0,50.7,49.3,44.9,4.0,11.3,4990000.0,30.8,1.9,33.5,30.6,0.2,0.0,3.1,Hampden Charter School of Science East (District),"           $7,266,584.00",498.1,"              $14,587.43","           $7,266,584.00",498.1,14587.43,2019.0,556.0,607.0,532.0,534.0,498.0
hampden-wilbraham - minnechaug regional high,6800505,314,564,550.0,15.6,1048.0,52.3,47.7,14.8,0.3,13.4,6800000.0,3.0,4.3,6.6,82.9,0.5,0.0,2.8,Hampden-Wilbraham,"          $46,697,894.00",3045.0,"              $15,335.93","          $49,566,841.00",3119.4,15889.86,2019.0,574.0,558.0,566.0,579.0,570.0
hampshire - hampshire regional high,6830505,92,587,547.0,12.9,737.0,54.3,45.6,17.4,1.6,23.6,6830000.0,0.3,1.0,4.3,91.6,0.0,0.0,2.9,Hampshire,"          $13,268,918.00",719.0,"              $18,454.68","          $15,158,018.00",824.1,18393.42,2019.0,577.0,576.0,576.0,591.0,616.0
hanover - hanover high,1220505,265,559,405.0,14.5,767.0,48.1,51.9,8.6,0.3,14.5,1220000.0,0.8,2.7,1.3,95.2,0.0,0.0,0.0,Hanover,"          $37,504,520.86",2658.7,"              $14,106.34","          $39,905,253.56",2723.5,14652.2,2019.0,547.0,561.0,558.0,544.0,551.0
harvard - bromfield,1250505,119,614,321.0,14.5,617.0,52.4,47.5,5.7,0.2,9.9,1250000.0,2.3,11.2,4.5,78.4,0.0,0.0,3.6,Harvard,"          $20,469,052.12",1072.1,"              $19,092.48","          $22,274,410.32",1116.1,19957.36,2019.0,601.0,626.0,628.0,631.0,625.0
haverhill - haverhill high,1280505,327,541,1286.0,17.5,1943.0,49.9,50.0,40.3,6.4,18.1,1280000.0,4.9,1.9,33.5,58.2,0.1,0.2,1.3,Haverhill,"         $108,110,971.00",8091.6,"              $13,360.89","         $120,748,211.00",8728.4,13833.95,2019.0,534.0,540.0,545.0,548.0,542.0
hingham - hingham high,1310505,366,603,628.0,15.1,1298.0,48.8,51.2,6.6,0.2,9.8,1310000.0,1.2,3.2,3.6,89.3,0.0,0.0,2.7,Hingham,"          $59,167,727.00",4217.6,"              $14,028.77","          $64,025,240.00",4295.4,14905.54,2019.0,600.0,583.0,615.0,611.0,608.0
holliston - holliston high,1360505,230,594,517.0,15.8,850.0,48.5,51.5,6.2,1.2,13.5,1360000.0,1.2,7.9,4.4,84.2,0.6,0.0,1.8,Holliston,"          $39,155,245.70",2887.3,"              $13,561.20","          $43,966,433.61",2978.3,14762.26,2019.0,598.0,589.0,601.0,603.0,601.0
holyoke - holyoke high,1370505,188,492,957.0,16.7,1484.0,47.6,52.4,72.8,22.2,22.5,1370000.0,2.4,0.5,79.3,16.5,0.1,0.1,1.2,Holyoke,"          $92,527,480.44",5231.4,"              $17,686.94","         $116,410,288.44",6589.8,17665.22,2019.0,481.0,464.0,493.0,458.0,460.0
hopedale - hopedale jr sr high,1380505,68,580,330.0,13.2,466.0,48.5,51.5,12.0,2.4,16.5,1380000.0,1.5,2.6,6.9,86.9,0.4,0.2,1.5,Hopedale,"          $16,585,425.00",1091.0,"              $15,202.04","          $18,430,731.00",1166.2,15804.09,2019.0,558.0,556.0,565.0,566.0,580.0
hopkinton - hopkinton high,1390505,309,605,942.0,18.3,1235.0,50.8,49.2,5.9,0.8,12.9,1390000.0,1.2,14.2,2.4,79.9,0.4,0.0,1.9,Hopkinton,"          $54,138,199.91",3715.2,"              $14,572.08","          $57,235,136.79",3793.8,15086.49,2019.0,620.0,624.0,640.0,635.0,635.0
hudson - hudson high,1410505,210,570,493.0,15.6,906.0,53.8,46.3,23.3,8.2,14.8,1410000.0,2.0,1.4,13.0,81.6,0.2,0.1,1.7,Hudson,"          $42,656,450.94",2571.5,"              $16,588.16","          $49,444,852.77",2782.3,17771.22,2019.0,553.0,545.0,538.0,565.0,536.0
hull - hull high,1420505,79,560,255.0,9.7,278.0,44.6,55.4,30.2,0.7,19.1,1420000.0,1.8,1.8,3.2,91.4,0.0,0.0,1.8,Hull,"          $18,907,854.25",878.3,"              $21,527.79","          $21,786,684.25",944.6,23064.46,2019.0,549.0,564.0,550.0,542.0,551.0
innovation academy charter (district) - innovation academy charter school,4350305,108,556,423.0,19.4,795.0,51.8,48.1,14.7,2.5,20.9,4350000.0,6.7,8.7,10.1,69.1,0.1,0.0,5.4,Innovation Academy Charter (District),"          $12,202,345.45",793.7,"              $15,374.20","          $12,202,345.45",793.7,15374.2,2019.0,549.0,529.0,702.0,650.0,612.0
ipswich - ipswich high,1440505,161,594,404.0,11.7,541.0,52.5,47.3,14.8,0.9,11.1,1440000.0,0.9,1.5,5.4,88.0,0.0,0.0,4.3,Ipswich,"          $29,545,742.58",1691.8,"              $17,464.09","          $31,785,925.58",1742.8,18238.42,2019.0,575.0,573.0,572.0,585.0,579.0
king philip - king philip regional high,6900505,428,572,475.0,18.4,1239.0,50.2,49.7,8.8,0.3,12.5,6900000.0,2.1,2.4,2.8,90.0,0.1,0.1,2.5,King Philip,"          $29,355,493.54",2021.4,"              $14,522.36","          $35,822,665.38",2112.2,16959.88,2019.0,560.0,565.0,556.0,578.0,570.0
lawrence - lawrence high school,1490515,472,474,1375.0,18.5,3275.0,46.4,53.2,71.5,36.7,15.3,1490000.0,1.2,1.6,94.4,2.6,0.0,0.0,0.2,Lawrence,"         $214,172,063.56",13729.7,"              $15,599.18","         $254,357,918.23",15803.7,16094.83,2019.0,486.0,477.0,541.0,423.0,415.0
lee - lee middle/high school,1500505,38,575,262.0,11.2,346.0,50.0,50.0,29.5,3.8,13.0,1500000.0,0.9,3.2,8.7,83.5,0.3,0.0,3.5,Lee,"          $13,471,287.18",706.0,"              $19,081.14","          $14,379,583.42",818.8,17561.78,2019.0,572.0,540.0,542.0,514.0,531.0
leicester - leicester high,1510505,117,535,209.0,19.1,462.0,49.1,50.4,23.4,3.3,13.6,1510000.0,4.8,2.6,11.3,77.9,0.2,0.2,3.0,Leicester,"          $21,197,210.59",1527.4,"              $13,877.97","          $24,342,730.25",1698.3,14333.59,2019.0,519.0,519.0,535.0,530.0,564.0
lenox - lenox memorial high,1520505,59,594,391.0,12.3,460.0,49.6,50.4,18.7,2.2,7.8,1520000.0,0.7,4.6,8.7,82.8,0.0,0.0,3.3,Lenox,"          $15,181,438.92",752.4,"              $20,177.35","          $15,731,271.68",792.2,19857.7,2019.0,578.0,601.0,582.0,569.0,639.0
leominster - center for technical education innovation,1530605,74,532,139.0,14.9,738.0,34.7,65.3,41.6,5.6,27.6,1530000.0,9.1,2.9,38.6,46.2,0.0,0.3,3.0,Leominster,"          $84,101,497.93",6024.1,"              $13,960.84","          $95,553,965.93",6478.7,14748.94,2019.0,542.0,532.0,592.0,532.0,553.0
leominster - leominster high school,1530505,257,528,675.0,19.1,1722.0,50.3,49.6,38.6,7.0,18.8,1530000.0,9.7,3.4,34.0,49.2,0.1,0.2,3.4,Leominster,"          $84,101,497.93",6024.1,"              $13,960.84","          $95,553,965.93",6478.7,14748.94,2019.0,547.0,536.0,540.0,545.0,544.0
lexington - lexington high,1550505,625,649,1110.0,18.9,2293.0,49.6,50.3,5.6,2.6,11.3,1550000.0,3.5,40.8,4.0,46.0,0.1,0.0,5.7,Lexington,"         $125,915,692.90",7261.4,"              $17,340.42","         $137,703,036.07",7381.8,18654.4,2019.0,676.0,684.0,689.0,688.0,679.0
lincoln-sudbury - lincoln-sudbury regional high,6950505,354,613,1200.0,17.7,1522.0,48.6,51.5,6.2,0.7,18.9,6950000.0,5.1,5.3,5.2,78.3,0.1,0.0,6.1,Lincoln-Sudbury,"          $30,507,081.42",1493.6,"              $20,425.20","          $35,484,951.63",1559.3,22756.98,2019.0,632.0,628.0,645.0,641.0,640.0
littleton - littleton high school,1580505,138,588,246.0,12.6,434.0,55.5,44.2,7.1,0.7,11.8,1580000.0,0.5,8.5,2.8,83.9,0.5,0.0,3.9,Littleton,"          $24,015,657.06",1645.7,"              $14,592.97","          $28,698,611.06",1783.0,16095.69,2019.0,587.0,620.0,620.0,596.0,597.0
longmeadow - longmeadow high,1590505,268,606,411.0,18.4,939.0,49.3,50.7,7.7,0.5,16.4,1590000.0,2.5,10.1,3.6,80.5,0.1,0.1,3.1,Longmeadow,"          $43,190,554.01",2858.2,"              $15,111.10","          $45,745,743.44",2920.3,15664.74,2019.0,613.0,590.0,619.0,606.0,603.0
lowell - lowell high,1600505,703,511,2022.0,20.1,3076.0,50.0,50.0,53.9,17.9,11.3,1600000.0,11.9,30.5,27.7,26.7,0.0,0.0,3.2,Lowell,"         $215,310,263.84",14618.8,"              $14,728.31","         $250,167,865.84",16778.3,14910.2,2019.0,523.0,533.0,533.0,532.0,535.0
ludlow - ludlow senior high,1610505,196,549,396.0,15.4,864.0,51.4,48.4,23.8,2.0,13.8,1610000.0,2.2,1.0,7.2,86.5,0.0,0.2,2.9,Ludlow,"          $42,970,855.12",2562.1,"              $16,771.73","          $45,421,275.69",2680.3,16946.34,2019.0,549.0,561.0,541.0,559.0,562.0
lunenburg - lunenburg high,1620505,115,583,242.0,14.6,459.0,49.0,51.0,13.5,0.4,9.2,1620000.0,2.6,2.0,7.0,85.4,0.9,0.4,1.7,Lunenburg,"          $22,407,777.83",1654.0,"              $13,547.63","          $24,595,105.83",1784.4,13783.4,2019.0,576.0,570.0,581.0,582.0,591.0
lynn - classical high,1630505,278,508,615.0,19.9,1647.0,48.2,51.9,54.5,27.3,11.1,1630000.0,8.7,9.9,59.9,18.5,0.4,0.0,2.6,Lynn,"         $220,115,576.00",15768.2,"              $13,959.46","         $259,359,466.00",17800.0,14570.76,2019.0,517.0,514.0,528.0,507.0,502.0
lynn - lynn english high,1630510,303,493,686.0,19.7,1824.0,48.1,51.9,57.6,31.9,9.9,1630000.0,9.7,9.2,67.2,11.2,0.4,0.0,2.3,Lynn,"         $220,115,576.00",15768.2,"              $13,959.46","         $259,359,466.00",17800.0,14570.76,2019.0,486.0,503.0,528.0,520.0,484.0
lynn - lynn vocational technical institute,1630605,113,477,807.0,18.7,1413.0,42.8,57.1,60.1,13.9,19.7,1630000.0,6.9,5.1,70.4,14.4,0.3,0.0,2.9,Lynn,"         $220,115,576.00",15768.2,"              $13,959.46","         $259,359,466.00",17800.0,14570.76,2019.0,458.0,463.0,480.0,450.0,447.0
lynnfield - lynnfield high,1640505,197,575,273.0,15.2,602.0,52.3,47.5,8.1,0.7,16.8,1640000.0,2.5,4.8,4.3,86.5,0.0,0.0,1.8,Lynnfield,"          $34,467,564.50",2202.4,"              $15,650.00","          $36,924,659.50",2236.3,16511.5,2019.0,574.0,566.0,565.0,586.0,567.0
match charter public school (district) - match charter public school,4690505,86,477,355.0,20.4,1219.0,52.3,47.7,63.7,19.1,22.7,4690000.0,48.0,0.5,46.8,1.6,0.4,0.3,2.4,MATCH Charter Public School (District),"          $26,395,315.00",1220.3,"              $21,630.54","          $26,395,315.00",1220.3,21630.54,2019.0,526.0,521.0,503.0,485.0,448.0
malden - malden high,1650505,429,509,706.0,18.9,1791.0,48.8,51.1,47.6,14.2,15.8,1650000.0,21.7,23.1,28.8,23.5,0.3,0.0,2.6,Malden,"          $95,029,562.43",6483.6,"              $14,656.91","         $115,427,175.64",7560.8,15266.53,2019.0,543.0,549.0,584.0,520.0,511.0
manchester essex regional - manchester essex regional high school,6980510,137,598,312.0,13.4,486.0,50.2,49.8,10.1,0.0,9.7,6980000.0,0.0,1.4,1.4,96.5,0.0,0.0,0.6,Manchester Essex Regional,"          $25,299,971.38",1385.1,"              $18,265.81","          $26,717,041.22",1418.3,18837.37,2019.0,590.0,601.0,626.0,606.0,594.0
mansfield - mansfield high,1670505,384,582,730.0,15.1,1239.0,49.7,50.3,13.6,0.5,11.4,1670000.0,3.7,5.7,4.1,82.7,0.0,0.0,3.7,Mansfield,"          $61,443,850.13",3728.3,"              $16,480.39","          $66,765,137.06",3865.7,17271.16,2019.0,595.0,590.0,587.0,583.0,574.0
marblehead - marblehead high,1680505,343,600,828.0,11.9,1004.0,51.2,48.8,8.7,2.3,19.2,1680000.0,2.9,1.7,5.8,87.4,0.0,0.0,2.3,Marblehead,"          $50,569,014.79",3057.2,"              $16,540.96","          $57,069,202.00",3267.6,17465.17,2019.0,593.0,592.0,599.0,571.0,570.0
marlborough - marlborough high,1700505,278,526,680.0,13.7,1109.0,48.2,51.8,39.0,20.7,15.0,1700000.0,3.3,2.0,55.8,36.8,0.1,0.0,2.0,Marlborough,"          $77,478,896.75",4728.4,"              $16,385.86","          $92,820,538.37",5467.8,16975.85,2019.0,528.0,518.0,515.0,527.0,496.0
marshfield - marshfield high,1710505,451,565,544.0,18.2,1296.0,47.9,52.1,12.0,1.2,14.2,1710000.0,0.4,1.2,3.5,93.8,0.0,0.1,1.1,Marshfield,"          $55,062,487.88",4045.4,"              $13,611.14","          $60,496,498.48",4148.7,14582.04,2019.0,559.0,564.0,569.0,558.0,563.0
martha's vineyard - martha's vineyard regional high,7000505,170,567,470.0,12.1,688.0,47.2,52.8,32.0,12.5,20.5,7000000.0,4.8,1.2,20.4,67.0,2.0,0.3,4.4,Martha's Vineyard,"          $20,853,356.00",618.1,"              $33,737.84","          $22,510,167.00",658.6,34178.81,2019.0,560.0,561.0,564.0,537.0,550.0
masconomet - masconomet regional high school,7050505,355,582,584.0,15.8,1141.0,53.3,46.7,6.7,0.4,15.5,7050000.0,0.4,4.1,2.6,90.5,0.1,0.2,2.1,Masconomet,"          $32,272,185.95",1758.5,"              $18,352.11","          $35,786,300.83",1812.6,19743.08,2019.0,588.0,596.0,601.0,579.0,574.0
maynard - maynard high,1740505,102,574,192.0,13.5,337.0,48.4,51.3,14.8,3.3,14.5,1740000.0,2.4,3.0,11.0,80.7,0.3,0.0,2.7,Maynard,"          $25,484,402.66",1348.5,"              $18,898.33","          $29,541,592.45",1492.6,19792.04,2019.0,546.0,542.0,621.0,555.0,573.0
medfield - medfield senior high,1750505,250,599,394.0,17.4,806.0,50.4,49.6,6.5,0.3,9.1,1750000.0,1.0,5.6,2.2,87.8,0.1,0.0,3.2,Medfield,"          $41,284,157.10",2578.1,"              $16,013.40","          $43,987,866.29",2613.8,16829.09,2019.0,607.0,616.0,599.0,599.0,603.0
medford - medford high,1760505,328,541,699.0,14.3,1339.0,47.1,53.0,33.6,8.2,19.6,1760000.0,14.2,10.5,13.5,57.7,0.2,0.1,3.8,Medford,"          $76,660,900.37",4243.0,"              $18,067.62","          $86,669,306.11",4745.1,18265.01,2019.0,545.0,543.0,555.0,561.0,557.0
medway - medway high,1770505,243,567,339.0,14.9,685.0,50.2,49.8,8.6,0.2,14.2,1770000.0,1.0,3.9,4.5,88.9,0.3,0.0,1.3,Medway,"          $33,269,182.76",2216.4,"              $15,010.46","          $37,120,793.92",2318.5,16010.69,2019.0,572.0,575.0,584.0,577.0,564.0
melrose - melrose high,1780505,370,567,406.0,16.9,984.0,52.2,47.8,10.0,1.6,14.2,1780000.0,6.3,5.7,3.9,80.0,0.0,0.0,4.2,Melrose,"          $46,485,166.14",3949.0,"              $11,771.38","          $52,531,791.15",4236.1,12400.98,2019.0,549.0,558.0,563.0,551.0,561.0
mendon-upton - nipmuc regional high,7100510,197,568,354.0,14.7,635.0,53.9,46.1,9.8,0.6,10.9,7100000.0,1.3,2.4,4.3,89.5,0.3,0.0,2.4,Mendon-Upton,"          $35,593,327.18",2288.6,"              $15,552.45","          $40,183,301.18",2394.4,16782.2,2019.0,559.0,557.0,551.0,558.0,548.0
methuen - methuen high,1810505,427,511,1044.0,17.7,1990.0,49.1,50.9,35.0,7.9,9.9,1810000.0,2.1,4.4,41.0,47.8,0.1,0.1,4.6,Methuen,"          $90,399,909.48",7004.1,"              $12,906.71","         $106,243,270.84",7347.4,14459.98,2019.0,513.0,520.0,544.0,541.0,538.0
middleborough - middleborough high,1820505,170,534,414.0,16.0,814.0,48.3,51.7,22.1,1.0,16.5,1820000.0,2.8,1.1,3.7,88.1,1.2,0.0,3.1,Middleborough,"          $43,776,662.93",2976.9,"              $14,705.45","          $47,366,527.93",3123.9,15162.63,2019.0,531.0,553.0,526.0,529.0,541.0
milford - milford high,1850505,259,548,567.0,19.3,1298.0,48.1,51.9,37.9,13.8,12.9,1850000.0,3.2,2.1,29.9,59.6,1.6,0.0,3.6,Milford,"          $62,901,730.65",4276.6,"              $14,708.35","          $69,723,191.52",4563.3,15279.12,2019.0,543.0,548.0,556.0,526.0,528.0
millbury - millbury junior/senior high,1860505,91,537,429.0,16.7,747.0,49.9,49.4,26.6,2.1,18.5,1860000.0,4.0,3.2,9.6,79.3,0.0,0.0,3.9,Millbury,"          $27,238,407.00",1683.8,"              $16,176.75","          $30,017,378.00",1767.5,16982.96,2019.0,550.0,545.0,517.0,539.0,525.0
millis - millis high school,1870505,129,565,170.0,13.5,336.0,48.8,51.2,9.8,0.6,12.8,1870000.0,2.1,3.3,7.7,85.1,0.0,0.3,1.5,Millis,"          $19,789,819.21",1222.2,"              $16,191.96","          $21,454,908.82",1284.5,16702.93,2019.0,540.0,533.0,573.0,567.0,544.0
milton - milton high,1890505,362,577,520.0,17.2,1073.0,51.0,48.9,12.3,1.3,15.0,1890000.0,18.8,6.3,5.8,65.7,0.2,0.2,3.0,Milton,"          $62,097,614.72",4280.7,"              $14,506.42","          $69,080,912.48",4376.4,15784.87,2019.0,592.0,579.0,594.0,566.0,571.0
minuteman regional vocational technical - minuteman regional high,8300605,84,554,566.0,12.2,586.0,36.2,63.0,20.1,1.9,36.4,8300000.0,3.6,4.4,6.3,80.7,0.2,0.0,4.8,Minuteman Regional Vocational Technical,"          $20,195,145.00",519.3,"              $38,889.17","          $20,244,380.00",525.0,38560.72,2019.0,537.0,529.0,541.0,561.0,529.0
monomoy regional school district - monomoy regional high school,7120515,150,571,437.0,13.1,636.0,50.2,49.8,27.0,3.0,13.2,7120000.0,8.0,1.6,7.4,78.0,0.8,0.3,3.9,Monomoy Regional School District,"          $36,092,035.19",1888.8,"              $19,108.45","          $39,585,688.39",2158.4,18340.29,2019.0,563.0,558.0,570.0,558.0,566.0
montachusett regional vocational technical - montachusett regional vocational technical,8320605,195,529,609.0,18.8,1415.0,49.9,49.8,25.9,1.0,14.8,8320000.0,1.8,1.8,17.2,75.4,0.0,0.0,3.7,Montachusett Regional Vocational Technical,"          $28,959,994.18",1414.5,"              $20,473.66","          $29,260,556.18",1462.0,20014.06,2019.0,515.0,522.0,546.0,540.0,542.0
mount greylock - mt greylock regional high,7150505,95,613,338.0,13.5,553.0,52.3,47.7,15.7,0.2,13.6,7150000.0,2.0,2.0,3.4,89.5,0.0,0.0,3.1,Mount Greylock,"          $20,342,432.26",1187.0,"              $17,137.69","          $21,673,316.92",1251.1,17323.41,2019.0,598.0,590.0,578.0,597.0,587.0
mystic valley regional charter (district) - mystic valley regional charter school,4700105,128,569,759.0,23.8,1581.0,51.4,48.6,19.0,1.8,12.3,4700000.0,17.7,23.0,9.4,45.2,0.3,0.0,4.4,Mystic Valley Regional Charter (District),"          $20,563,649.00",1572.1,"              $13,080.12","          $20,563,649.00",1572.1,13080.12,2019.0,582.0,586.0,594.0,595.0,607.0
nantucket - nantucket high,1970505,176,544,294.0,14.8,542.0,48.2,51.3,22.1,11.6,14.8,1970000.0,12.6,1.5,26.9,53.7,0.6,0.0,4.8,Nantucket,"          $37,454,275.00",1649.2,"              $22,710.57","          $38,357,521.00",1664.5,23044.47,2019.0,526.0,526.0,507.0,501.0,515.0
narragansett - narragansett regional high,7200505,60,558,221.0,13.1,349.0,49.3,50.7,31.0,0.0,14.9,7200000.0,0.9,0.0,8.6,88.0,0.0,0.0,2.6,Narragansett,"          $19,038,589.91",1421.7,"              $13,391.43","          $21,563,480.91",1603.5,13447.76,2019.0,558.0,548.0,606.0,527.0,518.0
nashoba - nashoba regional,7250505,255,591,572.0,13.2,914.0,49.9,50.0,7.4,1.5,12.9,7250000.0,1.8,3.1,3.6,89.6,0.0,0.2,1.8,Nashoba,"          $55,191,794.88",3229.4,"              $17,090.42","          $58,444,305.68",3366.1,17362.62,2019.0,599.0,608.0,593.0,593.0,591.0
nashoba valley regional vocational technical - nashoba valley technical high school,8520605,118,527,384.0,14.0,690.0,38.3,61.2,21.5,0.7,32.0,8520000.0,2.0,1.6,6.5,87.1,0.6,0.1,2.0,Nashoba Valley Regional Vocational Technical,"          $14,937,986.72",697.1,"              $21,428.76","          $14,937,986.72",697.1,21428.76,2019.0,521.0,497.0,536.0,516.0,506.0
natick - natick high,1980505,500,583,1335.0,17.4,1780.0,49.0,50.8,10.8,3.4,16.2,1980000.0,3.4,8.4,6.6,76.7,0.1,0.1,4.8,Natick,"          $83,516,897.00",5497.2,"              $15,192.62","          $91,526,031.00",5651.5,16195.0,2019.0,586.0,597.0,603.0,589.0,596.0
nauset - nauset regional high,6600505,257,578,573.0,13.4,906.0,54.5,45.3,21.0,2.5,11.0,6600000.0,6.5,2.8,3.6,83.3,0.1,0.1,3.5,Nauset,"          $30,239,017.00",1494.1,"              $20,238.95","          $33,744,606.00",1613.2,20917.81,2019.0,566.0,561.0,534.0,556.0,525.0
needham - needham high,1990505,432,610,718.0,16.9,1656.0,50.4,49.5,4.7,0.4,17.4,1990000.0,2.1,8.4,5.0,79.8,0.1,0.1,4.6,Needham,"         $102,579,161.00",5736.2,"              $17,882.77","         $109,800,578.00",5832.2,18826.61,2019.0,617.0,619.0,645.0,640.0,632.0
new bedford - new bedford high,2010505,260,484,1207.0,18.9,2625.0,49.3,50.7,65.1,31.1,18.1,2010000.0,16.2,1.1,43.8,33.5,0.7,0.2,4.6,New Bedford,"         $186,577,141.52",12971.9,"              $14,383.18","         $212,607,408.52",14491.4,14671.28,2019.0,478.0,477.0,490.0,478.0,469.0
newburyport - newburyport high,2040505,231,579,628.0,16.4,786.0,52.9,47.0,9.4,1.8,10.4,2040000.0,0.3,2.3,3.6,91.4,0.1,0.0,2.4,Newburyport,"          $38,291,416.40",2233.7,"              $17,142.60","          $44,121,148.03",2462.8,17915.03,2019.0,585.0,585.0,583.0,574.0,592.0
newton - newton north high,2070505,514,619,1046.0,15.9,2086.0,48.5,51.3,12.0,2.8,16.3,2070000.0,6.4,15.0,9.6,61.9,0.1,0.0,7.0,Newton,"         $247,574,343.00",12829.4,"              $19,297.42","         $262,570,016.00",12985.7,20219.94,2019.0,624.0,640.0,648.0,627.0,624.0
newton - newton south high,2070510,491,633,1141.0,13.9,1970.0,47.5,52.3,8.1,2.4,16.6,2070000.0,4.6,22.1,6.2,61.2,0.0,0.0,5.9,Newton,"         $247,574,343.00",12829.4,"              $19,297.42","         $262,570,016.00",12985.7,20219.94,2019.0,651.0,645.0,665.0,648.0,651.0
norfolk county agricultural - norfolk county agricultural,9150705,133,537,470.0,16.0,553.0,70.5,29.3,13.6,0.2,19.9,9150000.0,1.3,1.5,2.0,90.4,0.2,0.4,4.3,Norfolk County Agricultural,"          $13,402,717.79",553.2,"              $24,227.62","          $13,402,717.79",553.2,24227.62,2019.0,512.0,505.0,506.0,507.0,510.0
north andover - north andover high,2110505,431,572,1169.0,18.1,1387.0,50.0,50.0,15.0,0.9,11.7,2110000.0,3.5,7.1,10.8,76.5,0.0,0.1,1.9,North Andover,"          $62,906,308.63",4775.8,"              $13,171.89","          $69,168,660.54",4874.1,14191.06,2019.0,568.0,575.0,567.0,568.0,577.0
north attleborough - north attleboro high,2120505,346,564,626.0,16.4,1105.0,48.3,51.5,16.4,2.0,12.0,2120000.0,4.4,7.0,4.9,80.4,0.2,0.3,2.9,North Attleborough,"          $55,988,473.12",4176.4,"              $13,405.92","          $60,745,994.86",4386.1,13849.66,2019.0,562.0,567.0,585.0,568.0,567.0
north middlesex - north middlesex regional,7350505,206,566,464.0,17.4,816.0,51.8,48.2,13.2,1.2,16.7,7350000.0,1.1,1.5,5.0,88.4,0.3,0.1,3.7,North Middlesex,"          $46,455,803.60",3057.9,"              $15,192.06","          $54,094,833.98",3283.0,16477.26,2019.0,548.0,532.0,548.0,531.0,536.0
north reading - north reading high,2170505,231,565,322.0,18.3,739.0,51.3,48.7,6.8,0.7,12.5,2170000.0,0.7,3.9,2.4,90.3,0.1,0.1,2.4,North Reading,"          $38,990,988.87",2405.2,"              $16,211.12","          $42,232,125.14",2452.7,17218.63,2019.0,567.0,557.0,571.0,576.0,580.0
northampton - northampton high,2100505,231,599,379.0,17.8,882.0,50.2,49.7,19.3,1.9,16.9,2100000.0,2.6,3.1,13.2,75.5,0.2,0.0,5.4,Northampton,"          $40,111,139.00",2647.9,"              $15,148.28","          $46,093,680.00",2943.4,15660.01,2019.0,591.0,602.0,596.0,583.0,599.0
northboro-southboro - algonquin regional high,7300505,437,591,773.0,15.6,1404.0,50.5,49.5,7.3,1.4,13.8,7300000.0,1.2,11.5,6.1,76.8,0.4,0.4,3.6,Northboro-Southboro,"          $24,594,695.92",1423.9,"              $17,272.77","          $25,854,963.92",1460.2,17706.45,2019.0,599.0,606.0,615.0,626.0,618.0
northbridge - northbridge high,2140505,105,541,357.0,15.2,541.0,46.8,53.2,24.2,1.5,12.4,2140000.0,0.9,1.1,6.5,87.6,0.0,0.2,3.7,Northbridge,"          $29,749,779.71",2046.7,"              $14,535.49","          $34,212,718.03",2272.7,15053.78,2019.0,530.0,517.0,542.0,532.0,533.0
northeast metropolitan regional vocational technical - northeast metro regional vocational,8530605,164,486,896.0,18.7,1281.0,45.1,54.9,35.4,4.1,20.0,8530000.0,2.6,0.6,34.8,59.8,0.1,0.2,1.9,Northeast Metropolitan Regional Vocational Technical,"          $29,059,023.88",1231.8,"              $23,590.70","          $29,090,223.88",1231.8,23616.03,2019.0,469.0,462.0,462.0,467.0,474.0
northern berkshire regional vocational technical - charles mccann vocational technical,8510605,50,513,371.0,15.3,508.0,40.0,60.0,35.0,0.0,16.3,8510000.0,0.8,0.4,1.4,94.9,0.0,0.0,2.6,Northern Berkshire Regional Vocational Technical,"          $10,429,005.25",466.5,"              $22,355.85","          $10,485,792.25",471.5,22239.22,2019.0,496.0,481.0,480.0,493.0,481.0
norton - norton high,2180505,200,558,371.0,16.7,702.0,49.6,50.4,16.5,1.1,16.0,2180000.0,1.7,2.6,3.4,90.3,0.0,0.3,1.7,Norton,"          $35,569,578.00",2455.2,"              $14,487.45","          $40,838,101.00",2610.5,15643.79,2019.0,549.0,549.0,549.0,548.0,550.0
norwell - norwell high,2190505,239,588,338.0,13.9,671.0,55.6,44.4,6.0,0.3,12.5,2190000.0,0.8,2.4,1.9,93.0,0.0,0.3,1.6,Norwell,"          $34,390,049.63",2181.5,"              $15,764.41","          $37,780,047.64",2227.7,16959.22,2019.0,577.0,585.0,581.0,574.0,600.0
norwood - norwood high,2200505,272,552,547.0,14.5,1001.0,50.1,49.8,26.5,5.8,14.9,2200000.0,13.2,5.0,15.2,64.1,0.0,0.1,2.4,Norwood,"          $55,342,454.23",3452.2,"              $16,031.07","          $62,255,745.59",3600.1,17292.78,2019.0,559.0,567.0,562.0,548.0,554.0
old colony regional vocational technical - old colony regional vocational technical,8550605,68,502,249.0,16.7,556.0,35.6,64.2,17.6,0.0,22.7,8550000.0,1.1,0.9,2.3,93.0,0.2,0.0,2.5,Old Colony Regional Vocational Technical,"          $11,927,431.00",539.7,"              $22,100.11","          $11,942,431.00",542.7,22005.59,2019.0,519.0,522.0,543.0,542.0,519.0
old rochester - old rochester regional high,7400505,229,565,342.0,17.9,746.0,49.2,50.8,12.3,0.0,11.7,7400000.0,2.6,1.6,2.0,89.8,0.1,0.0,3.9,Old Rochester,"          $20,251,887.90",1208.8,"              $16,753.71","          $20,341,316.90",1220.8,16662.28,2019.0,566.0,580.0,583.0,564.0,560.0
oxford - oxford high,2260505,70,502,259.0,16.5,554.0,52.5,47.3,36.6,0.0,15.0,2260000.0,2.4,2.2,11.6,78.9,0.2,0.4,4.5,Oxford,"          $22,680,294.82",1627.4,"              $13,936.52","          $25,796,931.06",1777.3,14514.67,2019.0,501.0,506.0,506.0,516.0,520.0
peabody - peabody veterans memorial high,2290510,328,533,705.0,16.1,1455.0,47.0,52.9,31.4,5.8,15.4,2290000.0,3.8,2.1,18.6,73.8,0.0,0.0,1.7,Peabody,"          $85,434,763.41",5966.5,"              $14,319.08","          $94,524,413.54",6178.4,15299.17,2019.0,534.0,526.0,530.0,530.0,544.0
pembroke - pembroke high school,2310505,240,557,379.0,16.7,812.0,52.0,47.9,11.2,0.5,11.1,2310000.0,0.7,1.6,1.6,95.1,0.0,0.1,0.9,Pembroke,"          $39,849,746.61",2802.9,"              $14,217.33","          $44,807,761.04",2960.0,15137.76,2019.0,557.0,558.0,561.0,560.0,577.0
pentucket - pentucket regional sr high,7450505,177,576,397.0,15.2,721.0,45.8,54.2,8.9,0.0,12.6,7450000.0,0.8,2.4,3.3,92.2,0.0,0.0,1.3,Pentucket,"          $37,026,427.83",2404.6,"              $15,398.17","          $41,233,427.83",2513.1,16407.4,2019.0,574.0,559.0,572.0,563.0,564.0
pioneer charter school of science (district) - pioneer charter school of science,4940205,70,573,363.0,18.3,800.0,51.4,48.6,38.1,22.3,9.8,4940000.0,24.8,7.4,30.0,34.5,1.8,0.0,1.6,Pioneer Charter School of Science (District),"          $11,065,851.30",784.0,"              $14,114.43","          $11,065,851.30",784.0,14114.43,2019.0,624.0,604.0,608.0,598.0,568.0
pioneer valley - pioneer valley regional,7500505,51,555,306.0,12.3,292.0,51.7,48.3,20.2,0.3,15.4,7500000.0,1.0,1.0,2.1,92.5,0.0,0.0,3.4,Pioneer Valley,"          $14,113,693.94",738.0,"              $19,124.25","          $15,722,055.62",837.3,18777.09,2019.0,520.0,573.0,507.0,496.0,516.0
pioneer valley performing arts charter public (district) - pioneer valley performing arts charter public school,4790505,68,568,346.0,12.5,398.0,67.6,32.2,31.9,0.3,24.1,4790000.0,8.8,1.8,19.4,62.1,0.0,0.3,7.8,Pioneer Valley Performing Arts Charter Public (District),"           $7,049,225.01",392.3,"              $17,969.88","           $7,049,225.01",392.3,17969.88,2019.0,517.0,512.0,556.0,499.0,551.0
pittsfield - pittsfield high,2360505,140,533,441.0,12.6,753.0,49.1,50.9,45.3,4.8,23.5,2360000.0,11.0,2.1,13.8,68.4,0.1,0.0,4.5,Pittsfield,"          $90,795,896.19",5420.4,"              $16,750.77","         $100,826,852.19",6201.6,16258.2,2019.0,525.0,535.0,521.0,547.0,524.0
pittsfield - taconic high,2360510,114,526,470.0,12.8,811.0,50.6,49.3,46.5,2.5,23.7,2360000.0,13.9,1.1,13.3,62.6,0.1,0.0,8.9,Pittsfield,"          $90,795,896.19",5420.4,"              $16,750.77","         $100,826,852.19",6201.6,16258.2,2019.0,518.0,513.0,507.0,525.0,513.0
plymouth - plymouth north high,2390505,544,523,926.0,15.1,1225.0,48.4,51.6,23.4,3.6,17.7,2390000.0,2.5,1.6,6.9,84.7,0.1,0.0,4.2,Plymouth,"         $132,273,004.34",7410.3,"              $17,849.89","         $149,380,157.34",8116.9,18403.6,2019.0,508.0,545.0,521.0,522.0,515.0
plymouth - plymouth south high,2390515,478,507,931.0,13.6,1051.0,46.7,53.3,17.4,0.0,21.1,2390000.0,1.1,1.1,3.1,91.1,0.3,0.0,3.4,Plymouth,"         $132,273,004.34",7410.3,"              $17,849.89","         $149,380,157.34",8116.9,18403.6,2019.0,495.0,542.0,522.0,520.0,509.0
prospect hill academy charter (district) - prospect hill academy charter school,4870550,118,518,461.0,20.8,1112.0,49.3,50.7,45.9,13.9,16.0,4870000.0,55.5,7.8,20.3,12.7,0.1,0.2,3.4,Prospect Hill Academy Charter (District),"          $23,189,922.50",1118.2,"              $20,738.25","          $23,189,922.50",1118.2,20738.25,2019.0,522.0,518.0,507.0,471.0,494.0
quabbin - quabbin regional high school,7530505,164,538,448.0,19.1,629.0,52.0,48.0,20.5,0.0,14.9,7530000.0,1.0,1.0,4.0,91.7,0.0,0.0,2.4,Quabbin,"          $34,459,028.92",2118.8,"              $16,263.46","          $38,876,248.36",2308.0,16844.13,2019.0,537.0,545.0,577.0,558.0,546.0
quaboag regional - quaboag regional high,7780505,46,575,202.0,13.8,402.0,49.5,50.3,33.6,0.5,11.7,7780000.0,0.8,0.3,6.2,89.6,0.0,0.0,3.2,Quaboag Regional,"          $18,845,505.77",1310.0,"              $14,385.88","          $20,347,092.25",1406.2,14469.56,2019.0,541.0,523.0,552.0,555.0,489.0
quincy - north quincy high,2430510,396,548,569.0,16.8,1269.0,48.4,51.5,31.8,8.8,14.1,2430000.0,3.7,56.4,3.9,33.6,0.2,0.1,2.1,Quincy,"         $146,338,175.41",9500.8,"              $15,402.72","         $163,135,812.02",9741.9,16745.79,2019.0,584.0,587.0,593.0,589.0,591.0
quincy - quincy high,2430505,359,533,814.0,15.7,1536.0,49.3,50.7,39.8,10.2,16.6,2430000.0,11.1,23.4,11.9,49.5,0.3,0.3,3.5,Quincy,"         $146,338,175.41",9500.8,"              $15,402.72","         $163,135,812.02",9741.9,16745.79,2019.0,532.0,537.0,560.0,550.0,563.0
randolph - randolph high,2440505,116,504,329.0,15.7,686.0,42.4,57.6,49.3,14.6,17.8,2440000.0,54.8,18.2,15.2,8.2,0.0,0.4,3.2,Randolph,"          $50,513,355.42",2798.4,"              $18,050.80","          $62,642,664.80",3390.7,18474.85,2019.0,522.0,513.0,580.0,552.0,521.0
reading - reading memorial high,2460505,414,578,594.0,17.3,1229.0,49.9,50.0,7.2,0.3,17.5,2460000.0,2.2,5.5,2.4,88.2,0.2,0.0,1.6,Reading,"          $58,138,672.08",4182.3,"              $13,901.12","          $63,798,486.69",4268.2,14947.4,2019.0,582.0,583.0,589.0,586.0,583.0
revere - revere high,2480505,560,496,866.0,19.5,2037.0,49.3,50.6,48.3,17.8,10.8,2480000.0,3.6,5.6,57.7,30.5,0.7,0.1,1.9,Revere,"         $103,140,833.85",7530.2,"              $13,696.96","         $126,129,086.85",8154.0,15468.37,2019.0,506.0,544.0,525.0,524.0,516.0
rising tide charter public (district) - rising tide charter public school,4830305,85,564,294.0,18.7,645.0,51.0,49.0,13.0,0.5,19.8,4830000.0,0.8,1.6,3.6,87.0,1.1,0.0,6.1,Rising Tide Charter Public (District),"          $10,423,004.38",654.7,"              $15,921.25","          $10,423,004.38",654.7,15921.25,2019.0,537.0,549.0,550.0,538.0,525.0
rockland - rockland senior high,2510505,149,524,313.0,15.5,691.0,48.2,51.8,34.6,5.6,17.1,2510000.0,4.6,0.9,15.9,74.5,0.0,0.0,4.1,Rockland,"          $35,748,715.00",2255.9,"              $15,846.76","          $40,606,302.00",2436.0,16669.25,2019.0,531.0,530.0,521.0,518.0,519.0
rockport - rockport high,2520510,99,574,191.0,11.2,261.0,47.5,52.5,14.9,1.2,19.9,2520000.0,1.5,1.5,2.3,94.3,0.0,0.0,0.4,Rockport,"          $17,323,341.00",894.7,"              $19,362.18","          $19,695,453.00",945.7,20826.32,2019.0,544.0,550.0,589.0,570.0,574.0
roxbury preparatory charter (district) - roxbury preparatory charter school,4840505,127,498,0.0,0.0,0.0,0.0,0.0,0.0,0.0,0.0,4840000.0,0.0,0.0,0.0,0.0,0.0,0.0,0.0,Roxbury Preparatory Charter (District),"          $27,153,316.56",1509.9,"              $17,983.40","          $27,153,316.56",1509.9,17983.4,2019.0,523.0,498.0,435.0,450.0,427.0
salem - salem high,2580505,237,485,598.0,13.5,903.0,45.3,54.7,49.3,13.3,23.2,2580000.0,5.2,2.9,45.7,41.6,0.1,0.0,4.4,Salem,"          $73,858,857.83",3742.6,"              $19,734.64","          $91,956,043.15",4744.6,19381.2,2019.0,477.0,533.0,513.0,468.0,460.0
salem academy charter (district) - salem academy charter school,4850485,103,542,234.0,19.4,490.0,51.2,48.6,35.3,4.3,16.7,4850000.0,10.6,5.5,42.5,39.8,0.0,0.0,1.6,Salem Academy Charter (District),"           $8,108,045.35",486.6,"              $16,662.31","           $8,108,045.35",486.6,16662.31,2019.0,528.0,527.0,497.0,492.0,498.0
saugus - saugus high,2620505,188,513,359.0,15.6,687.0,47.7,52.1,28.2,5.0,13.4,2620000.0,5.8,4.5,18.2,69.1,0.6,0.2,1.6,Saugus,"          $43,403,277.81",2615.5,"              $16,594.64","          $49,795,912.51",2902.9,17153.85,2019.0,499.0,515.0,529.0,513.0,513.0
scituate - scituate high school,2640505,292,586,470.0,18.0,933.0,51.6,48.3,10.5,0.0,11.9,2640000.0,2.8,1.7,1.0,93.3,0.0,0.0,1.3,Scituate,"          $45,031,193.00",2972.3,"              $15,150.29","          $49,137,186.00",3027.5,16230.28,2019.0,575.0,574.0,552.0,568.0,552.0
seekonk - seekonk high,2650505,170,559,307.0,17.2,602.0,49.7,50.3,12.1,0.8,17.6,2650000.0,1.8,3.5,5.0,87.0,0.0,0.2,2.5,Seekonk,"          $32,223,615.54",2083.6,"              $15,465.36","          $35,541,840.67",2140.4,16605.23,2019.0,548.0,564.0,546.0,545.0,553.0
sharon - sharon high,2660505,310,611,556.0,15.0,1129.0,47.3,52.6,11.3,1.0,11.1,2660000.0,6.2,27.6,5.5,56.3,0.0,0.2,4.3,Sharon,"          $59,267,269.08",3640.9,"              $16,278.19","          $63,742,459.38",3692.6,17262.22,2019.0,628.0,653.0,667.0,661.0,652.0
shawsheen valley regional vocational technical - shawsheen valley vocational technical high school,8710605,214,526,737.0,15.1,1260.0,40.4,59.6,14.0,0.0,26.6,8710000.0,1.0,0.9,5.4,90.7,0.2,0.0,1.8,Shawsheen Valley Regional Vocational Technical,"          $30,991,217.00",1264.5,"              $24,508.67","          $31,118,553.00",1275.1,24404.79,2019.0,520.0,500.0,504.0,516.0,506.0
silver lake - silver lake regional high,7600505,329,567,488.0,18.3,1261.0,46.8,53.2,16.0,0.9,17.6,7600000.0,1.7,1.2,1.7,94.5,0.2,0.1,0.6,Silver Lake,"          $30,320,760.40",1755.1,"              $17,275.80","          $31,272,595.40",1834.5,17046.93,2019.0,576.0,573.0,589.0,562.0,551.0
sizer school: a north central charter essential (district) - sizer school: a north central charter essential school,4740505,27,561,220.0,13.3,361.0,44.9,54.9,36.3,0.8,24.1,4740000.0,5.3,1.4,22.4,67.9,0.3,0.3,2.5,Sizer School: A North Central Charter Essential (District),"           $6,115,348.29",364.1,"              $16,798.10","           $6,115,348.29",364.1,16798.1,2019.0,528.0,499.0,548.0,573.0,523.0
somerset berkley regional school district - somerset berkley regional high school,7630505,274,545,567.0,15.2,1033.0,48.8,51.2,15.6,0.2,12.5,7630000.0,1.4,1.2,4.4,91.6,0.2,0.2,1.2,Somerset Berkley Regional School District,"          $15,141,248.13",1012.7,"              $14,951.37","          $17,242,339.24",1067.7,16149.05,2019.0,564.0,562.0,568.0,566.0,549.0
somerville - somerville high,2740505,279,514,611.0,15.3,1235.0,47.0,52.6,46.4,15.0,15.7,2740000.0,12.4,6.6,47.5,31.5,0.1,0.2,1.9,Somerville,"          $96,007,718.31",4961.5,"              $19,350.54","         $111,171,544.42",5466.6,20336.51,2019.0,512.0,526.0,575.0,558.0,567.0
south hadley - south hadley high,2780505,137,571,300.0,14.3,569.0,52.2,47.6,26.7,2.6,15.3,2780000.0,2.1,2.6,11.8,80.7,0.0,0.2,2.6,South Hadley,"          $28,125,706.41",1919.5,"              $14,652.62","          $32,524,034.35",2171.3,14979.06,2019.0,584.0,577.0,550.0,552.0,564.0
south middlesex regional vocational technical - joseph p keefe technical high school,8290605,81,486,496.0,13.9,780.0,41.0,59.0,49.5,16.0,41.9,8290000.0,6.2,0.9,43.1,44.6,2.1,0.0,3.2,South Middlesex Regional Vocational Technical,"          $19,708,891.31",739.4,"              $26,655.25","          $19,708,891.31",739.4,26655.25,2019.0,482.0,478.0,587.0,509.0,534.0
south shore charter public (district) - south shore charter public school,4880550,97,512,505.0,17.9,1003.0,48.4,51.4,23.1,10.6,18.1,4880000.0,32.8,5.4,5.9,49.1,0.4,0.2,6.3,South Shore Charter Public (District),"          $14,875,562.00",946.3,"              $15,720.04","          $14,875,562.00",946.3,15720.04,2019.0,494.0,492.0,489.0,486.0,500.0
southeastern regional vocational technical - southeastern regional vocational technical,8720605,263,474,807.0,15.5,1445.0,50.9,49.0,35.9,2.4,13.5,8720000.0,34.6,1.5,12.5,45.1,0.0,0.0,6.2,Southeastern Regional Vocational Technical,"          $31,180,922.00",1495.3,"              $20,852.62","          $31,195,212.00",1497.3,20834.31,2019.0,472.0,483.0,491.0,488.0,506.0
southern berkshire - mt everett regional,7650505,28,606,271.0,11.4,349.0,50.7,48.7,32.1,1.2,21.8,7650000.0,1.7,0.0,7.5,84.8,0.9,0.0,5.2,Southern Berkshire,"          $17,061,182.34",677.8,"              $25,171.41","          $18,124,293.37",794.3,22817.94,2019.0,579.0,533.0,525.0,512.0,514.0
southwick-tolland-granville regional school district - southwick regional school,7660505,109,541,407.0,13.5,678.0,50.4,49.6,20.2,0.9,16.2,7660000.0,1.5,1.0,3.8,92.0,0.3,0.0,1.3,Southwick-Tolland-Granville Regional School District,"          $22,403,743.97",1518.2,"              $14,756.78","          $24,586,615.97",1620.3,15174.11,2019.0,543.0,521.0,540.0,540.0,539.0
springfield - conservatory of the arts,2810475,52,421,211.0,11.9,324.0,70.4,29.6,79.9,10.8,21.6,2810000.0,13.9,0.0,71.0,12.7,0.3,0.0,2.2,Springfield,"         $430,209,193.97",25293.6,"              $17,008.62","         $509,332,216.26",30444.0,16730.13,2019.0,405.0,411.0,405.0,388.0,378.0
springfield - high school of commerce,2810510,29,433,583.0,16.8,1090.0,49.0,50.9,81.5,21.5,23.4,2810000.0,19.2,1.5,70.6,7.1,0.3,0.2,1.2,Springfield,"         $430,209,193.97",25293.6,"              $17,008.62","         $509,332,216.26",30444.0,16730.13,2019.0,447.0,483.0,510.0,424.0,418.0
springfield - roger l. putnam vocational technical academy,2810620,338,425,872.0,13.6,1382.0,54.1,45.9,71.4,10.2,15.2,2810000.0,18.9,1.7,70.3,8.5,0.0,0.0,0.7,Springfield,"         $430,209,193.97",25293.6,"              $17,008.62","         $509,332,216.26",30444.0,16730.13,2019.0,418.0,505.0,446.0,423.0,423.0
springfield - springfield central high,2810500,463,472,986.0,16.6,1994.0,47.0,53.0,69.1,14.7,16.5,2810000.0,23.5,4.7,58.5,11.8,0.1,0.1,1.4,Springfield,"         $430,209,193.97",25293.6,"              $17,008.62","         $509,332,216.26",30444.0,16730.13,2019.0,464.0,504.0,484.0,433.0,443.0
springfield - springfield high school of science and technology,2810530,253,401,720.0,15.5,1243.0,44.8,55.2,80.1,17.5,21.2,2810000.0,17.6,1.8,70.8,8.5,0.2,0.2,1.1,Springfield,"         $430,209,193.97",25293.6,"              $17,008.62","         $509,332,216.26",30444.0,16730.13,2019.0,390.0,429.0,426.0,381.0,395.0
springfield - the springfield renaissance school an expeditionary learning school,2810205,99,493,475.0,12.5,661.0,50.4,49.6,60.8,4.1,21.0,2810000.0,24.7,1.5,55.5,16.5,0.0,0.2,1.7,Springfield,"         $430,209,193.97",25293.6,"              $17,008.62","         $509,332,216.26",30444.0,16730.13,2019.0,467.0,494.0,459.0,441.0,431.0
stoneham - stoneham high,2840505,220,550,416.0,14.1,647.0,47.1,52.9,16.7,3.3,16.2,2840000.0,1.9,5.1,8.4,80.5,0.8,0.0,3.4,Stoneham,"          $38,707,099.11",2384.5,"              $16,232.79","          $43,746,583.67",2557.2,17107.22,2019.0,543.0,559.0,554.0,545.0,526.0
stoughton - stoughton high,2850505,294,531,700.0,16.0,1029.0,48.7,51.3,30.9,5.1,12.7,2850000.0,26.7,6.9,9.5,53.5,0.1,0.2,3.1,Stoughton,"          $52,692,952.35",3486.9,"              $15,111.69","          $60,707,067.70",3701.5,16400.67,2019.0,526.0,520.0,555.0,543.0,557.0
sturgis charter public (district) - sturgis charter public school,4890505,273,587,529.0,14.5,848.0,54.8,44.8,12.3,0.7,15.2,4890000.0,2.5,3.8,5.5,85.6,0.5,0.0,2.1,Sturgis Charter Public (District),"          $12,869,035.00",838.2,"              $15,353.18","          $12,869,035.00",838.2,15353.18,2019.0,572.0,590.0,572.0,577.0,577.0
sutton - sutton high school,2900510,124,557,186.0,14.8,376.0,50.3,49.7,12.0,0.8,8.2,2900000.0,1.6,1.1,3.5,89.1,0.0,0.0,4.8,Sutton,"          $20,093,501.88",1384.2,"              $14,516.33","          $21,426,232.55",1428.8,14995.96,2019.0,552.0,543.0,546.0,553.0,564.0
swampscott - swampscott high,2910505,194,571,408.0,14.5,703.0,53.6,46.4,17.2,1.4,15.1,2910000.0,5.4,2.0,13.8,77.0,0.0,0.0,1.9,Swampscott,"          $36,239,717.00",2206.1,"              $16,427.05","          $39,797,317.00",2282.6,17435.08,2019.0,585.0,581.0,596.0,581.0,585.0
swansea - joseph case high,2920505,104,538,263.0,14.0,528.0,48.7,51.3,22.5,0.4,9.5,2920000.0,1.0,1.3,3.4,93.0,0.0,0.0,1.3,Swansea,"          $29,025,830.44",2091.2,"              $13,879.99","          $30,464,416.30",2161.8,14092.15,2019.0,536.0,534.0,547.0,529.0,525.0
tec connections academy commonwealth virtual school district - tec connections academy commonwealth virtual school,39020900,99,568,531.0,42.2,2347.0,58.8,41.2,46.0,1.2,19.6,39020000.0,7.5,2.6,18.3,64.5,0.3,0.2,6.6,TEC Connections Academy Commonwealth Virtual School District,"          $20,428,159.00",2228.0,"               $9,168.83","          $20,428,159.00",2228.0,9168.83,2019.0,537.0,552.0,555.0,528.0,527.0
tantasqua - tantasqua regional sr high,7700505,235,572,771.0,13.0,1199.0,51.3,48.7,20.6,0.4,8.4,7700000.0,0.8,1.1,5.8,88.2,0.2,0.1,3.8,Tantasqua,"          $26,131,484.00",1782.4,"              $14,660.84","          $26,442,193.00",1822.5,14508.75,2019.0,600.0,602.0,599.0,583.0,587.0
tantasqua - tantasqua regional vocational,7700605,49,529,114.0,10.3,483.0,42.2,57.8,27.1,0.4,13.5,7700000.0,0.2,0.2,5.6,90.7,0.2,0.2,2.9,Tantasqua,"          $26,131,484.00",1782.4,"              $14,660.84","          $26,442,193.00",1822.5,14508.75,2019.0,540.0,541.0,567.0,548.0,533.0
taunton - taunton high,2930505,544,506,988.0,20.7,2705.0,50.2,49.8,43.3,4.6,15.1,2930000.0,19.3,1.6,13.4,61.0,0.3,0.2,4.2,Taunton,"         $110,347,339.31",8052.1,"              $13,704.17","         $122,045,635.31",8400.0,14529.24,2019.0,490.0,531.0,514.0,505.0,489.0
tewksbury - tewksbury memorial high,2950505,247,555,405.0,19.6,860.0,52.9,47.0,15.8,0.6,13.1,2950000.0,3.3,3.8,4.9,87.1,0.1,0.0,0.8,Tewksbury,"          $57,847,394.97",3438.2,"              $16,824.91","          $65,824,816.47",3609.6,18236.04,2019.0,560.0,565.0,545.0,530.0,568.0
tri-county regional vocational technical - tri-county regional vocational technical,8780605,151,522,825.0,15.7,974.0,40.4,59.5,18.2,0.0,29.0,8780000.0,0.9,0.9,6.6,86.7,0.3,0.1,4.5,Tri-County Regional Vocational Technical,"          $21,045,382.00",1042.2,"              $20,193.23","          $21,085,803.00",1044.2,20193.26,2019.0,519.0,509.0,520.0,532.0,516.0
triton - triton regional high school,7730505,185,558,331.0,14.3,665.0,49.9,50.1,19.7,1.7,13.1,7730000.0,1.2,2.0,3.9,91.6,0.2,0.2,1.1,Triton,"          $41,945,927.00",2368.8,"              $17,707.67","          $46,389,313.00",2546.3,18218.32,2019.0,551.0,550.0,585.0,542.0,545.0
tyngsborough - tyngsborough high school,3010505,144,561,378.0,15.4,458.0,53.9,46.1,10.0,1.3,10.3,3010000.0,2.0,7.0,5.2,82.1,0.2,0.0,3.5,Tyngsborough,"          $24,623,054.00",1624.7,"              $15,155.45","          $28,033,102.00",1765.9,15874.68,2019.0,565.0,568.0,573.0,577.0,585.0
upper cape cod regional vocational technical - upper cape cod vocational technical,8790605,115,518,356.0,14.1,692.0,36.6,63.4,27.2,0.0,22.0,8790000.0,4.3,1.7,2.9,83.8,0.9,0.1,6.2,Upper Cape Cod Regional Vocational Technical,"          $17,680,564.52",728.8,"              $24,259.83","          $17,687,164.52",730.1,24225.67,2019.0,513.0,517.0,462.0,497.0,503.0
uxbridge - uxbridge high,3040505,113,545,340.0,14.5,588.0,44.6,55.4,19.4,1.5,15.5,3040000.0,1.5,1.7,4.9,88.6,0.3,0.0,2.9,Uxbridge,"          $26,532,261.00",1679.7,"              $15,795.83","          $31,170,328.00",1917.9,16252.32,2019.0,536.0,546.0,519.0,547.0,535.0
wachusett - wachusett regional high,7750505,612,568,1152.0,16.3,2038.0,50.4,49.6,11.5,0.5,13.7,7750000.0,2.1,3.3,5.2,87.1,0.1,0.0,2.2,Wachusett,"          $91,996,782.52",7108.6,"              $12,941.62","         $100,984,903.78",7341.9,13754.6,2019.0,569.0,573.0,581.0,572.0,565.0
wakefield - wakefield memorial high,3050505,317,565,533.0,14.9,990.0,51.7,48.2,12.6,1.6,15.8,3050000.0,3.6,3.3,6.7,84.4,0.1,0.1,1.7,Wakefield,"          $53,478,747.51",3499.8,"              $15,280.52","          $58,961,303.61",3629.4,16245.47,2019.0,566.0,551.0,561.0,557.0,549.0
walpole - walpole high,3070505,388,572,510.0,17.5,1095.0,49.0,51.1,12.9,2.5,14.9,3070000.0,3.4,5.2,6.1,82.7,0.5,0.0,2.2,Walpole,"          $59,130,327.36",3768.6,"              $15,690.26","          $64,011,429.24",3886.0,16472.32,2019.0,566.0,547.0,569.0,550.0,565.0
waltham - waltham sr high,3080505,379,525,878.0,15.3,1661.0,45.2,54.7,40.0,20.8,14.3,3080000.0,9.9,4.0,45.1,39.1,0.1,0.0,1.8,Waltham,"         $119,090,108.00",5582.8,"              $21,331.61","         $127,009,430.00",5781.5,21968.25,2019.0,526.0,542.0,555.0,534.0,538.0
ware - ware junior/senior high school,3090505,64,542,254.0,16.2,474.0,49.0,51.1,44.7,0.6,20.0,3090000.0,2.1,0.8,4.4,86.9,0.2,0.6,4.9,Ware,"          $17,989,905.68",1166.5,"              $15,422.12","          $20,631,224.50",1379.0,14961.0,2019.0,532.0,533.0,534.0,549.0,531.0
watertown - watertown high,3140505,163,548,414.0,14.1,697.0,48.2,51.8,31.4,9.6,15.5,3140000.0,4.7,7.8,21.5,61.3,1.0,0.0,3.7,Watertown,"          $55,747,752.54",2644.8,"              $21,078.25","          $62,615,504.23",2792.5,22422.74,2019.0,561.0,583.0,568.0,575.0,574.0
wayland - wayland high school,3150505,204,618,444.0,14.0,838.0,49.8,50.2,5.1,1.0,20.8,3150000.0,4.4,17.9,4.9,66.0,0.0,0.1,6.7,Wayland,"          $50,694,164.73",2707.1,"              $18,726.37","          $53,689,167.16",2761.4,19442.73,2019.0,638.0,661.0,657.0,650.0,652.0
wellesley - wellesley sr high,3170505,349,625,679.0,16.5,1503.0,49.1,50.8,5.9,0.5,15.6,3170000.0,3.9,12.6,4.4,73.8,0.0,0.0,5.4,Wellesley,"          $97,780,268.76",4954.8,"              $19,734.45","         $105,659,336.95",5027.5,21016.28,2019.0,628.0,628.0,670.0,650.0,649.0
west boylston - west boylston junior/senior high,3220505,55,572,365.0,13.5,502.0,53.6,46.4,19.9,2.0,14.5,3220000.0,2.8,1.6,11.8,80.7,0.2,0.0,3.0,West Boylston,"          $14,937,057.06",891.2,"              $16,760.61","          $17,293,431.06",996.9,17347.21,2019.0,550.0,526.0,536.0,534.0,526.0
west bridgewater - west bridgewater junior/senior,3230505,129,552,446.0,17.2,641.0,52.9,47.1,18.1,0.8,9.1,3230000.0,5.8,1.3,4.5,85.2,0.3,0.0,3.0,West Bridgewater,"          $17,099,102.50",1346.6,"              $12,697.98","          $18,842,713.20",1387.5,13580.33,2019.0,536.0,542.0,542.0,553.0,546.0
west springfield - west springfield high,3320505,198,549,702.0,16.3,1241.0,47.5,52.5,43.8,7.6,19.5,3320000.0,4.0,7.5,20.2,66.0,0.2,0.0,2.3,West Springfield,"          $57,095,812.00",4097.0,"              $13,936.00","          $63,805,250.00",4282.5,14899.07,2019.0,549.0,556.0,547.0,549.0,541.0
westborough - westborough high,3210505,315,593,705.0,15.2,1157.0,49.0,50.9,11.2,3.4,8.7,3210000.0,1.6,26.8,7.6,60.3,0.0,0.1,3.5,Westborough,"          $64,489,874.72",3946.4,"              $16,341.44","          $67,972,966.98",3998.7,16998.77,2019.0,610.0,619.0,639.0,641.0,638.0
westfield - westfield high,3250505,240,553,681.0,14.9,1175.0,52.6,47.2,29.6,3.4,18.7,3250000.0,2.3,3.4,14.8,76.8,0.2,0.0,2.6,Westfield,"          $79,145,979.64",5305.7,"              $14,917.16","          $86,879,488.64",5605.6,15498.7,2019.0,535.0,530.0,556.0,549.0,538.0
westford - westford academy,3260505,533,608,733.0,18.7,1685.0,47.7,52.2,5.1,0.6,11.2,3260000.0,1.1,25.2,1.7,68.5,0.1,0.1,3.5,Westford,"          $72,795,144.70",5084.3,"              $14,317.63","          $78,167,478.70",5166.2,15130.56,2019.0,624.0,641.0,654.0,621.0,631.0
weston - weston high,3300505,148,627,520.0,13.6,663.0,48.3,51.7,6.0,2.1,19.5,3300000.0,6.3,18.6,3.5,67.0,0.5,0.0,4.2,Weston,"          $52,262,282.61",2092.8,"              $24,972.42","          $55,013,702.14",2128.5,25846.23,2019.0,652.0,645.0,657.0,658.0,672.0
westwood - westwood high,3350505,356,596,516.0,14.5,1005.0,54.7,45.3,5.7,0.3,14.0,3350000.0,3.7,9.9,3.3,81.0,0.0,0.0,2.2,Westwood,"          $58,330,737.00",3098.8,"              $18,823.65","          $60,329,359.00",3122.1,19323.33,2019.0,611.0,620.0,632.0,607.0,597.0
weymouth - weymouth high school,3360505,485,536,916.0,15.4,1852.0,49.2,50.6,27.7,3.2,17.1,3360000.0,5.9,5.0,9.8,75.3,0.2,0.1,3.7,Weymouth,"          $88,107,775.58",5797.3,"              $15,198.07","         $100,764,928.51",6211.7,16221.8,2019.0,531.0,537.0,538.0,535.0,528.0
whitman-hanson - whitman hanson regional,7800505,333,541,431.0,21.2,1156.0,49.2,50.8,15.8,1.0,13.1,7800000.0,3.4,1.1,4.2,88.2,0.6,0.3,2.2,Whitman-Hanson,"          $50,989,597.96",3804.3,"              $13,403.15","          $55,505,931.27",3939.2,14090.66,2019.0,526.0,518.0,524.0,524.0,537.0
whittier regional vocational technical - whittier regional vocational,8850605,183,514,604.0,15.3,1247.0,46.0,53.8,31.1,1.6,19.8,8850000.0,2.6,1.3,23.8,69.1,0.4,0.0,2.8,Whittier Regional Vocational Technical,"          $25,178,735.00",1216.1,"              $20,704.49","          $25,241,624.00",1216.1,20756.21,2019.0,490.0,488.0,527.0,525.0,515.0
wilmington - wilmington high,3420505,266,558,435.0,15.7,803.0,50.8,48.9,8.0,0.6,12.5,3420000.0,1.4,5.5,4.4,85.8,0.0,0.0,3.0,Wilmington,"          $54,164,567.00",3186.7,"              $16,997.07","          $61,192,272.00",3277.0,18673.26,2019.0,543.0,554.0,580.0,568.0,576.0
winchendon - murdock high school,3430515,59,529,117.0,12.6,263.0,48.7,51.3,38.0,1.9,24.0,3430000.0,1.5,4.9,8.0,82.5,0.4,0.0,2.7,Winchendon,"          $17,938,547.00",1256.9,"              $14,272.06","          $20,624,970.00",1456.2,14163.56,2019.0,512.0,474.0,527.0,459.0,454.0
winchester - winchester high school,3440505,380,617,667.0,16.8,1419.0,51.4,48.6,6.5,0.8,16.9,3440000.0,1.5,18.9,4.1,71.5,0.3,0.1,3.7,Winchester,"          $64,961,404.21",4635.8,"              $14,012.99","          $69,152,878.26",4701.1,14709.94,2019.0,636.0,645.0,643.0,651.0,656.0
winthrop - winthrop high school,3460505,155,539,218.0,18.0,596.0,50.0,50.0,26.9,4.4,15.3,3460000.0,1.2,1.0,15.6,81.7,0.0,0.0,0.5,Winthrop,"          $26,504,844.36",1977.7,"              $13,401.85","          $28,618,489.47",2034.3,14067.98,2019.0,525.0,523.0,552.0,555.0,552.0
woburn - woburn high,3470505,294,549,647.0,15.2,1281.0,51.5,48.4,26.8,8.5,16.3,3470000.0,7.0,6.3,13.6,71.0,0.6,0.1,1.6,Woburn,"          $79,508,427.98",4533.6,"              $17,537.59","          $86,647,131.64",4683.9,18498.93,2019.0,551.0,555.0,536.0,530.0,550.0
worcester - burncoat senior high,3480503,293,458,674.0,13.1,1064.0,49.0,51.0,59.5,24.3,25.1,3480000.0,18.6,3.7,42.8,30.5,0.0,0.0,4.5,Worcester,"         $376,560,759.76",25430.4,"              $14,807.50","         $431,856,728.52",28580.4,15110.24,2019.0,454.0,468.0,497.0,421.0,435.0
worcester - claremont academy,3480350,111,428,267.0,18.6,559.0,48.3,51.7,68.7,34.7,10.9,3480000.0,11.3,8.6,72.3,5.9,0.2,0.0,1.8,Worcester,"         $376,560,759.76",25430.4,"              $14,807.50","         $431,856,728.52",28580.4,15110.24,2019.0,421.0,439.0,477.0,398.0,400.0
worcester - doherty memorial high,3480512,471,494,908.0,13.3,1448.0,45.0,55.0,45.1,18.3,15.2,3480000.0,16.7,6.1,33.3,39.4,0.2,0.0,4.4,Worcester,"         $376,560,759.76",25430.4,"              $14,807.50","         $431,856,728.52",28580.4,15110.24,2019.0,499.0,521.0,535.0,467.0,463.0
worcester - north high,3480515,296,425,649.0,15.1,1154.0,49.3,50.7,69.2,28.6,21.2,3480000.0,21.9,6.0,50.9,18.0,0.1,0.0,3.1,Worcester,"         $376,560,759.76",25430.4,"              $14,807.50","         $431,856,728.52",28580.4,15110.24,2019.0,420.0,457.0,461.0,391.0,389.0
worcester - south high community,3480520,322,466,741.0,15.1,1308.0,48.2,51.8,63.3,30.0,21.2,3480000.0,18.4,11.6,45.5,21.4,0.1,0.0,3.0,Worcester,"         $376,560,759.76",25430.4,"              $14,807.50","         $431,856,728.52",28580.4,15110.24,2019.0,473.0,508.0,572.0,453.0,446.0
worcester - university pk campus school,3480285,53,484,134.0,17.1,243.0,51.9,48.2,65.0,21.0,12.4,3480000.0,13.2,18.9,54.3,8.6,0.4,0.0,4.5,Worcester,"         $376,560,759.76",25430.4,"              $14,807.50","         $431,856,728.52",28580.4,15110.24,2019.0,486.0,491.0,506.0,445.0,439.0
worcester - worcester technical high,3480605,420,486,710.0,16.0,1468.0,55.8,44.2,46.2,5.5,11.4,3480000.0,16.4,7.9,36.7,35.4,0.1,0.1,3.4,Worcester,"         $376,560,759.76",25430.4,"              $14,807.50","         $431,856,728.52",28580.4,15110.24,2019.0,487.0,506.0,513.0,469.0,478.0
