school_name,Grade,District Name, Average % ACT Composite Score ,perc_test_taking_grades_9_12_students,number_of_students,perc_frl,perc_white,perc_hispanic,perc_african_american,perc_other_race,perc_minority,Region, Number of Students in Grades 9-12 , % Students in grade 9-12 that took the ACT2,ACT_reading,ACT_english,ACT_math,ACT_science,Average ACT Composite Score,number_AP_exam_taking_students,number_AP_exams_taken,% of Exams that scored 3 or Above,is_open_enrollment_charter,School LEA,DLEA,year
Academic Center For Excellence,5-12,Cabot School District,17.63,54.0,292.0,47.0,88.0,4.0,3.0,4.0,12.0,3, 265 ,54%,18.45,16.61,17.25,17.61,17.63, N/A , N<10 ,RV,0,4304703,4304000,2019.0
Acorn High School,7-12,Ouachita River School District,19.41,39.0,262.0,66.0,92.0,2.0,1.0,6.0,8.0,4, 172 ,39%,20.38,18.66,18.79,19.17,19.41, 11 , N<10 ,33%,0,5706002,5706000,2019.0
Agee Lierly Life Preparation Services School,9-12,Fayetteville School District,17.01,63.0,253.0,64.0,51.0,17.0,18.0,14.0,49.0,1, 253 ,63%,17.91,16.2,16.26,17.04,17.01, N/A , N<10 ,67%,0,7203029,7203000,2019.0
Alma High School,9-12,Alma School District,20.27,50.0,1013.0,44.0,85.0,4.0,2.0,8.0,15.0,1," 1,013 ",50%,20.87,19.82,19.36,20.46,20.27, 151 , 234 ,42%,0,1701002,1701000,2019.0
Alpena High School,7-12,Alpena School District,18.41,37.0,234.0,64.0,94.0,2.0,1.0,3.0,6.0,1, 156 ,37%,19.86,18.1,16.69,18.31,18.41, 25 , 21 ,38%,0,501002,501000,2019.0
Arkansas School for the Blind High School,7-12,Arkansas School For The Blind,18.8,23.0,52.0,38.0,58.0,10.0,23.0,10.0,42.0,3, 31 ,23%,21.8,18.2,15.0,19.4,18.8, N/A , N/A ,,0,6091002,6091000,2019.0
Arkadelphia High School,9-12,Arkadelphia School District,20.01,43.0,534.0,44.0,50.0,10.0,37.0,3.0,50.0,4, 534 ,43%,20.64,19.58,19.38,20.12,20.01, 159 , 258 ,16%,0,1002010,1002000,2019.0
Arkansas Arts Academy High School,7-12,Arkansas Arts Academy,21.48,44.0,546.0,28.0,73.0,15.0,2.0,10.0,27.0,1, 333 ,44%,23.59,21.67,19.3,20.78,21.48, 67 , 73 ,47%,1,440703,440700,2019.0
Arkansas Connections Academy High,K-12,Arkansas Connections Academy,19.28,33.0,1597.0,44.0,75.0,7.0,10.0,8.0,25.0,1, 829 ,33%,20.49,18.95,17.73,19.37,19.28, 23 , N<10 ,RV,1,444703,444700,2019.0
Arkansas Consolidated High School-Alexander,5-12,Division of Youth Services School System,14.0,15.0,85.0,100.0,47.0,5.0,44.0,5.0,53.0,3, 74 ,15%,14.0,14.0,14.33,13.33,14.0, N/A , N/A ,,0,6094001,6094000,2019.0
Arkansas Consolidated High School-Dermott,5-12,Division of Youth Services School System,14.75,55.0,11.0,100.0,55.0,0.0,45.0,0.0,45.0,3, 11 ,55%,13.5,13.25,15.75,16.5,14.75, N/A , N/A ,,0,6094002,6094000,2019.0
Arkansas High School,9-12,Texarkana School District,17.19,39.0,1027.0,59.0,35.0,5.0,55.0,5.0,65.0,4," 1,027 ",39%,17.49,16.5,16.86,17.27,17.19, 224 , 285 ,35%,0,4605026,4605000,2019.0
Arkansas Virtual Academy High School,9-12,Arkansas Virtual Academy,19.66,25.0,1108.0,65.0,79.0,7.0,10.0,4.0,21.0,3," 1,108 ",25%,21.2,19.53,17.38,19.85,19.66, 19 , N<10 ,20%,1,6043703,6043700,2019.0
Armorel High School,7-12,Armorel School District,19.77,55.0,186.0,42.0,87.0,4.0,6.0,3.0,13.0,2, 121 ,55%,21.93,19.4,17.73,19.63,19.77, 19 , 15 ,13%,0,4701002,4701000,2019.0
Ashdown High School,9-12,Ashdown School District,17.52,50.0,441.0,60.0,64.0,3.0,27.0,6.0,36.0,4, 441 ,50%,17.89,16.43,17.23,17.83,17.52, 52 , 72 ,22%,0,4101004,4101000,2019.0
Atkins High School,9-12,Atkins School District,20.41,41.0,279.0,60.0,91.0,3.0,1.0,5.0,9.0,1, 279 ,41%,21.65,20.02,19.39,19.91,20.41, 27 , 25 ,44%,0,5801002,5801000,2019.0
Augusta High School,6-12,Augusta School District,15.58,49.0,167.0,84.0,42.0,2.0,54.0,2.0,58.0,2, 87 ,49%,15.25,14.63,16.29,15.75,15.58, 10 , N<10 ,RV,0,7401003,7401000,2019.0
Bald Knob High School,9-12,Bald Knob School District,19.43,44.0,390.0,59.0,86.0,8.0,2.0,4.0,14.0,2, 390 ,44%,20.58,19.06,18.11,19.41,19.43, 52 , 29 ,17%,0,7301003,7301000,2019.0
Barton High School,7-12,Barton-Lexa School District,17.02,50.0,338.0,85.0,58.0,2.0,36.0,4.0,42.0,5, 222 ,50%,17.49,16.15,16.64,17.51,17.02, 32 , 31 ,10%,0,5401003,5401000,2019.0
Batesville High School,9-12,Batesville School District,19.15,45.0,928.0,45.0,70.0,20.0,7.0,3.0,30.0,2, 927 ,45%,19.97,18.47,18.37,19.15,19.15, 79 , 86 ,58%,0,3201005,3201000,2019.0
Bauxite High School,9-12,Bauxite School District,19.14,53.0,522.0,31.0,90.0,5.0,3.0,2.0,10.0,3, 522 ,53%,20.29,18.82,17.56,19.28,19.14, 102 , 124 ,38%,0,6301002,6301000,2019.0
Bay High School,7-12,Bay School District,20.79,33.0,280.0,62.0,90.0,2.0,4.0,4.0,10.0,2, 184 ,33%,22.0,21.79,17.93,20.96,20.79, 20 , 26 ,12%,0,1601002,1601000,2019.0
Bearden High School,7-12,Bearden School District,17.72,48.0,212.0,67.0,54.0,4.0,39.0,3.0,46.0,4, 140 ,48%,17.93,17.07,17.45,17.93,17.72, 30 , 23 ,9%,0,5201002,5201000,2019.0
Beebe High School,9-12,Beebe School District,19.85,44.0,988.0,44.0,88.0,5.0,4.0,4.0,12.0,2, 988 ,44%,20.49,19.52,18.88,19.9,19.85, 133 , 173 ,69%,0,7302010,7302000,2019.0
Belle Point Alternative Center,7-12,Fort Smith School District,12.33,21.0,52.0,87.0,54.0,21.0,13.0,12.0,46.0,1, 43 ,21%,11.33,10.33,13.33,14.0,12.33, N/A , N/A ,,0,6601005,6601000,2019.0
Benton High School,10-12,Benton School District,20.85,68.0,1229.0,31.0,78.0,8.0,10.0,4.0,22.0,3," 1,228 ",68%,21.53,20.48,20.36,20.49,20.85, 350 , 540 ,43%,0,6302012,6302000,2019.0
Bentonville High School,9-12,Bentonville School District,23.19,35.0,3057.0,16.0,77.0,10.0,2.0,11.0,23.0,1," 3,047 ",35%,24.22,23.34,21.54,23.0,23.19," 1,047 "," 1,948 ",67%,0,401003,401000,2019.0
Bentonville West High School,9-12,Bentonville School District,21.65,32.0,2135.0,22.0,71.0,14.0,4.0,10.0,29.0,1," 2,132 ",32%,22.67,21.17,20.21,21.86,21.65, 778 ," 1,337 ",57%,0,401019,401000,2019.0
Bergman High School,9-12,Bergman School District,19.13,44.0,319.0,51.0,94.0,4.0,0.0,2.0,6.0,1, 319 ,44%,19.34,18.62,18.62,19.31,19.13, 35 , 18 ,11%,0,502007,502000,2019.0
Berryville High School,9-12,Berryville School District,19.59,42.0,555.0,61.0,68.0,28.0,0.0,4.0,32.0,1, 554 ,42%,20.36,18.53,18.78,20.08,19.59, 63 , 91 ,66%,0,801002,801000,2019.0
Bigelow High School,7-12,East End School District,19.0,41.0,285.0,52.0,83.0,9.0,4.0,4.0,17.0,1, 177 ,41%,19.83,18.45,18.34,18.93,19.0, 30 , 39 ,13%,0,5301002,5301000,2019.0
Bismarck High School,9-12,Bismarck School District,21.57,51.0,318.0,67.0,88.0,8.0,2.0,3.0,12.0,3, 318 ,51%,21.33,22.09,20.27,22.0,21.57, 51 , 69 ,36%,0,3001003,3001000,2019.0
Blevins High School,7-12,Blevins School District,16.33,51.0,218.0,80.0,65.0,14.0,18.0,3.0,35.0,4, 144 ,51%,16.19,15.22,15.94,17.64,16.33, 19 , 13 ,8%,0,2901002,2901000,2019.0
Blytheville High School-A New Tech School,9-12,Blytheville School District,15.39,44.0,535.0,74.0,14.0,2.0,84.0,0.0,86.0,2, 534 ,44%,15.67,13.91,15.34,15.96,15.39, 92 , 122 ,8%,0,4702706,4702000,2019.0
Booneville High School,10-12,Booneville School District,19.04,65.0,249.0,66.0,90.0,4.0,1.0,5.0,10.0,1, 249 ,65%,19.4,18.68,18.12,19.26,19.04, 84 , 71 ,28%,0,4201002,4201000,2019.0
Bradford High School,7-12,Bradford School District,19.29,49.0,211.0,80.0,95.0,0.0,3.0,1.0,5.0,2, 137 ,49%,20.29,19.65,18.06,18.71,19.29, 31 , 12 ,33%,0,7303015,7303000,2019.0
Bradley High School,7-12,Emerson-Taylor-Bradley School District,20.04,59.0,137.0,65.0,64.0,3.0,34.0,0.0,36.0,4, 94 ,59%,21.08,18.75,19.13,20.46,20.04, N/A , 10 ,RV,0,1408007,1408000,2019.0
Brinkley High School,7-12,Brinkley School District,15.61,42.0,194.0,75.0,32.0,2.0,64.0,2.0,68.0,5, 128 ,42%,15.96,14.39,16.09,15.35,15.61, 28 , 10 ,10%,0,4801003,4801000,2019.0
Brookland High School,10-12,Brookland School District,20.48,72.0,525.0,31.0,91.0,5.0,2.0,2.0,9.0,2, 525 ,72%,21.76,20.23,18.74,20.6,20.48, 64 , 60 ,42%,0,1603007,1603000,2019.0
Bruno-Pyatt K-12 School,K-12,Ozark Mountain School District,15.67,53.0,197.0,80.0,93.0,5.0,0.0,3.0,7.0,1, 66 ,53%,16.0,14.44,15.61,15.72,15.67, N/A , N/A ,,0,6505017,6505000,2019.0
Bryant High School,10-12,Bryant School District,20.47,67.0,2028.0,31.0,62.0,14.0,19.0,5.0,38.0,3," 2,028 ",67%,20.78,20.76,19.41,20.31,20.47, 735 ," 1,100 ",53%,0,6303022,6303000,2019.0
Buffalo Island Central High School,7-12,Buffalo Island Central School District,20.22,48.0,332.0,60.0,81.0,17.0,0.0,2.0,19.0,2, 224 ,48%,21.32,20.04,18.86,20.1,20.22, 22 , N<10 ,RV,0,1605065,1605000,2019.0
Cabot High School,10-12,Cabot School District,21.39,64.0,2149.0,30.0,85.0,8.0,2.0,5.0,15.0,3," 2,149 ",64%,21.83,20.8,20.66,21.54,21.39, 495 , 610 ,59%,0,4304005,4304000,2019.0
Caddo Hills High School,7-12,Caddo Hills School District,19.93,42.0,275.0,77.0,82.0,16.0,0.0,2.0,18.0,4, 171 ,42%,21.28,19.66,18.48,19.62,19.93, N/A , N/A ,,0,4901003,4901000,2019.0
Calico Rock High School,7-12,Calico Rock School District,19.16,55.0,172.0,62.0,95.0,3.0,0.0,2.0,5.0,2, 119 ,55%,18.97,19.39,18.39,19.55,19.16, N<10 , N<10 ,RV,0,3301002,3301000,2019.0
Camden Fairview High School,9-12,Camden Fairview School District,17.12,45.0,638.0,71.0,30.0,3.0,62.0,5.0,70.0,4, 638 ,45%,17.09,16.49,16.63,17.68,17.12, 172 , 133 ,9%,0,5204023,5204000,2019.0
Carlisle High School,7-12,Carlisle School District,17.82,52.0,298.0,59.0,81.0,4.0,13.0,2.0,19.0,3, 201 ,52%,17.91,18.04,17.0,17.8,17.82, 40 , 55 ,33%,0,4303013,4303000,2019.0
Cave City High Career & Collegiate Preparatory School,9-12,Cave City School District,19.48,49.0,412.0,75.0,93.0,4.0,1.0,1.0,7.0,2, 412 ,49%,19.95,18.97,18.46,20.01,19.48, 54 , 26 ,35%,0,6802703,6802000,2019.0
Cedar Ridge High School,6-12,Cedar Ridge School District,17.39,45.0,401.0,68.0,92.0,6.0,1.0,1.0,8.0,2, 213 ,45%,17.9,17.61,16.02,17.37,17.39, N/A , N/A ,,0,3212027,3212000,2019.0
Cedarville High School,9-12,Cedarville School District,18.77,50.0,272.0,69.0,85.0,2.0,0.0,13.0,15.0,1, 272 ,50%,18.84,17.62,18.46,19.43,18.77, 78 , 83 ,25%,0,1702009,1702000,2019.0
Centerpoint High School,9-12,Centerpoint School District,19.29,53.0,321.0,67.0,79.0,17.0,1.0,3.0,21.0,4, 321 ,53%,20.52,18.9,17.64,19.68,19.29, 87 , 69 ,32%,0,5502010,5502000,2019.0
Central High School,7-12,Helena/ West Helena School District,15.71,46.0,578.0,95.0,3.0,0.0,95.0,1.0,97.0,5, 379 ,46%,15.3,14.67,15.71,16.55,15.71, 65 , 27 ,33%,0,5403019,5403000,2019.0
Central High School,9-12,Little Rock School District,21.65,47.0,2430.0,49.0,32.0,6.0,52.0,10.0,68.0,3," 2,430 ",47%,22.4,21.5,20.49,21.61,21.65, 832 ," 1,842 ",67%,0,6001001,6001000,2019.0
Charleston High School,7-12,Charleston School District,20.93,46.0,409.0,48.0,89.0,4.0,1.0,6.0,11.0,1, 276 ,46%,21.58,20.96,19.94,20.69,20.93, 31 , 26 ,65%,0,2402007,2402000,2019.0
Clarendon High School,7-12,Clarendon School District,15.21,52.0,175.0,90.0,31.0,6.0,57.0,6.0,69.0,5, 115 ,52%,14.93,13.79,15.34,16.07,15.21, 10 , N<10 ,RV,0,4802010,4802000,2019.0
Clarksville High School,10-12,Clarksville School District,19.33,64.0,607.0,63.0,51.0,36.0,2.0,11.0,49.0,1, 607 ,64%,19.84,19.57,18.16,19.22,19.33, 71 , 67 ,33%,0,3601005,3601000,2019.0
Clinton High School,9-12,Clinton School District,18.94,50.0,417.0,63.0,91.0,6.0,0.0,3.0,9.0,1, 416 ,50%,19.54,17.74,18.8,19.15,18.94, 32 , 33 ,55%,0,7102006,7102000,2019.0
Concord High School,7-12,Concord School District,20.36,51.0,207.0,67.0,97.0,2.0,0.0,1.0,3.0,2, 136 ,51%,19.36,19.86,21.42,20.33,20.36, 32 , 20 ,20%,0,1201002,1201000,2019.0
Conway High School,10-12,Conway School District,20.56,67.0,2181.0,38.0,57.0,11.0,27.0,4.0,43.0,3," 2,181 ",67%,21.16,20.53,19.49,20.45,20.56, 762 ," 1,150 ",60%,0,2301006,2301000,2019.0
Corning High School,9-12,Corning School District,20.02,37.0,260.0,64.0,97.0,2.0,0.0,0.0,3.0,2, 259 ,37%,19.98,21.14,18.65,19.86,20.02, 40 , 22 ,9%,0,1101004,1101000,2019.0
Cossatot River High School,7-12,Cossatot River School District,18.3,47.0,397.0,72.0,61.0,29.0,1.0,9.0,39.0,4, 268 ,47%,18.93,17.19,16.96,19.48,18.3, 30 , 12 ,8%,0,5707023,5707000,2019.0
Cotter High School,7-12,Cotter School District,19.5,43.0,346.0,66.0,93.0,2.0,0.0,5.0,7.0,1, 214 ,43%,20.35,19.29,18.62,19.21,19.5, 27 , 32 ,34%,0,302007,302000,2019.0
County Line High School,7-12,County Line School District,19.03,43.0,211.0,67.0,90.0,1.0,0.0,9.0,10.0,1, 141 ,43%,19.7,17.7,18.7,19.3,19.03, 31 , 32 ,41%,0,2403012,2403000,2019.0
Creative Action Team School,K-12,Hope School District,12.67,12.0,41.0,88.0,17.0,20.0,61.0,2.0,83.0,4, 25 ,12%,11.0,11.67,13.67,13.67,12.67, N<10 , N/A ,,0,2903015,2903000,2019.0
Cross Cnty High A New Tech School,7-12,Cross County School District,18.14,47.0,265.0,72.0,89.0,2.0,8.0,1.0,11.0,2, 160 ,47%,19.49,17.51,17.03,17.91,18.14, 35 , 35 ,17%,0,1901703,1901000,2019.0
Crossett High School,9-12,Crossett School District,17.5,50.0,504.0,54.0,61.0,2.0,35.0,2.0,39.0,5, 504 ,50%,17.63,16.85,16.91,17.94,17.5, 81 , 93 ,19%,0,201006,201000,2019.0
Cutter-Morning Star High School,7-12,Cutter-Morning Star School District,18.88,42.0,323.0,72.0,81.0,7.0,3.0,9.0,19.0,3, 223 ,42%,19.74,17.55,17.81,19.74,18.88, N<10 , N<10 ,RV,0,2601002,2601000,2019.0
Danville High School,9-12,Danville School District,19.98,43.0,256.0,61.0,42.0,54.0,1.0,3.0,58.0,1, 256 ,43%,20.74,19.74,18.5,20.4,19.98, N/A , N/A ,,0,7503006,7503000,2019.0
Dardanelle High School,9-12,Dardanelle School District,20.9,38.0,605.0,62.0,58.0,38.0,1.0,3.0,42.0,1, 604 ,38%,20.99,20.84,19.99,21.03,20.9, 101 , 112 ,52%,0,7504011,7504000,2019.0
Decatur High School,9-12,Decatur School District,15.19,41.0,153.0,72.0,53.0,35.0,3.0,10.0,47.0,1, 153 ,41%,16.31,12.41,15.41,15.91,15.19, 24 , 10 ,10%,0,402009,402000,2019.0
Deer K-12 School,K-12,Deer/Mt. Judea School District,18.0,32.0,246.0,68.0,95.0,1.0,1.0,3.0,5.0,1, 88 ,32%,19.31,17.15,16.38,18.38,18.0, N<10 , N/A ,,0,5106003,5106000,2019.0
DeQueen High School,10-12,DeQueen School District,19.53,81.0,531.0,77.0,26.0,66.0,1.0,6.0,74.0,4, 531 ,81%,19.99,19.09,18.88,19.53,19.53, 40 , 47 ,53%,0,6701003,6701000,2019.0
Dermott High School,7-12,Dermott School District,15.83,33.0,130.0,95.0,3.0,4.0,92.0,1.0,97.0,5, 93 ,33%,15.22,14.89,16.28,16.39,15.83, 14 , N<10 ,RV,0,901003,901000,2019.0
Des Arc High School,7-12,Des Arc School District,20.9,47.0,234.0,65.0,88.0,2.0,9.0,1.0,12.0,5, 152 ,47%,21.1,21.52,19.87,20.45,20.9, 14 , 24 ,8%,0,5901002,5901000,2019.0
DeWitt High School,9-12,DeWitt School District,18.63,53.0,353.0,61.0,82.0,3.0,12.0,3.0,18.0,5, 353 ,53%,19.04,17.63,17.61,19.66,18.63, 50 , 82 ,13%,0,101004,101000,2019.0
Dierks High School,7-12,Dierks School District,19.03,55.0,250.0,74.0,93.0,4.0,1.0,2.0,7.0,4, 164 ,55%,19.97,18.59,17.84,19.16,19.03, 40 , 32 ,13%,0,3102002,3102000,2019.0
Dollarway High School,9-12,Dollarway School District,15.04,38.0,277.0,90.0,3.0,0.0,94.0,3.0,97.0,3, 277 ,38%,14.79,13.81,15.38,15.48,15.04, 48 , 55 ,5%,0,3502010,3502000,2019.0
Don Tyson School Of Innovation,6-12,Springdale School District,21.13,36.0,1228.0,54.0,50.0,41.0,2.0,8.0,50.0,1, 696 ,36%,22.64,20.62,19.59,21.11,21.13, 151 , 152 ,48%,0,7207703,7207000,2019.0
Dover High School,9-12,Dover School District,19.49,31.0,398.0,55.0,90.0,6.0,0.0,4.0,10.0,1, 398 ,31%,20.68,19.41,18.16,19.41,19.49, 83 , 90 ,26%,0,5802006,5802000,2019.0
Drew Central High School,9-12,Drew Central School District,18.35,43.0,324.0,65.0,65.0,6.0,26.0,3.0,35.0,5, 324 ,43%,18.98,17.71,17.35,18.45,18.35, 44 , 40 ,5%,0,2202005,2202000,2019.0
Dumas High School,10-12,Dumas School District,16.23,71.0,268.0,74.0,22.0,13.0,64.0,1.0,78.0,5, 268 ,71%,16.42,15.37,15.63,16.87,16.23, 128 , 83 ,14%,0,2104021,2104000,2019.0
Earle High School,7-12,Earle School District,14.8,48.0,251.0,94.0,2.0,0.0,98.0,0.0,98.0,2, 180 ,48%,14.98,13.48,15.24,15.1,14.8, 31 , 13 ,RV,0,1802007,1802000,2019.0
East Poinsett County High School,7-12,East Poinsett County School District,17.12,58.0,302.0,74.0,75.0,9.0,12.0,5.0,25.0,2, 209 ,58%,17.33,16.37,16.63,17.61,17.12, 35 , 61 ,30%,0,5608037,5608000,2019.0
El Dorado High School,9-12,El Dorado School District,18.71,45.0,1306.0,58.0,40.0,11.0,46.0,3.0,60.0,4," 1,306 ",45%,19.02,18.13,17.89,19.26,18.71, 373 , 640 ,45%,0,7001012,7001000,2019.0
Elkins High School,9-12,Elkins School District,19.41,48.0,394.0,38.0,91.0,5.0,1.0,3.0,9.0,1, 394 ,48%,20.08,19.24,17.9,19.73,19.41, 55 , 60 ,33%,0,7201002,7201000,2019.0
Emerson High School,7-12,Emerson-Taylor-Bradley School District,18.6,48.0,134.0,51.0,69.0,5.0,21.0,5.0,31.0,4, 73 ,48%,19.4,18.4,16.67,19.13,18.6, 10 , N<10 ,44%,0,1408002,1408000,2019.0
England High School,7-12,England School District,17.18,46.0,279.0,75.0,48.0,10.0,40.0,2.0,52.0,3, 187 ,46%,17.26,16.8,16.46,17.36,17.18, 53 , 10 ,10%,0,4302018,4302000,2019.0
eStem High School,10-12,eStem Public Charter School,19.91,69.0,567.0,41.0,24.0,10.0,60.0,6.0,76.0,3, 567 ,69%,21.02,19.8,18.45,19.85,19.91, 185 , 309 ,50%,1,6047703,6047700,2019.0
Eureka Springs High School,9-12,Eureka Springs School District,20.6,41.0,201.0,48.0,87.0,7.0,3.0,3.0,13.0,1, 201 ,41%,20.88,20.38,19.64,20.76,20.6, 35 , 48 ,29%,0,802007,802000,2019.0
Farmington Career Academies,10-12,Farmington School District,20.88,68.0,581.0,30.0,84.0,9.0,2.0,4.0,16.0,1, 581 ,68%,21.91,20.35,19.51,21.2,20.88, 177 , 272 ,49%,0,7202703,7202000,2019.0
Fayetteville High School,9-12,Fayetteville School District,24.12,45.0,2628.0,29.0,69.0,12.0,9.0,10.0,31.0,1," 2,628 ",45%,25.26,24.51,22.37,23.72,24.12, 869 ," 1,529 ",69%,0,7203020,7203000,2019.0
Fayetteville Virtual Academy a District Conversion Charter School,K-12,Fayetteville School District,24.65,55.0,154.0,16.0,81.0,4.0,6.0,10.0,19.0,1, 83 ,55%,27.41,25.53,21.88,23.18,24.65, 15 , 13 ,54%,0,7203703,7203000,2019.0
Flippin High School,9-12,Flippin School District,18.25,46.0,263.0,69.0,95.0,2.0,0.0,3.0,5.0,1, 263 ,46%,19.39,17.89,16.55,18.86,18.25, 22 , 24 ,8%,0,4501002,4501000,2019.0
Fordyce High School,7-12,Fordyce School District,17.88,47.0,330.0,61.0,32.0,5.0,61.0,2.0,68.0,4, 216 ,47%,18.18,16.88,17.49,18.24,17.88, 38 , 33 ,6%,0,2002007,2002000,2019.0
Foreman High School,7-12,Foreman School District,19.43,57.0,235.0,67.0,77.0,3.0,12.0,7.0,23.0,4, 157 ,57%,19.48,18.13,19.18,19.95,19.43, 26 , N<10 ,RV,0,4102010,4102000,2019.0
Forrest City High School,9-12,Forrest City School District,14.86,46.0,618.0,74.0,6.0,1.0,93.0,0.0,94.0,2, 618 ,46%,14.39,13.66,15.4,15.35,14.86, 83 , 33 ,18%,0,6201011,6201000,2019.0
Fouke High School,9-12,Fouke School District,18.56,48.0,306.0,51.0,96.0,1.0,1.0,2.0,4.0,4, 306 ,48%,19.04,17.77,18.21,18.54,18.56, 61 , 18 ,39%,0,4603010,4603000,2019.0
Fountain Lake Charter High School,9-12,Fountain Lake School District,18.69,50.0,454.0,42.0,85.0,8.0,1.0,6.0,15.0,3, 453 ,50%,19.7,17.73,17.97,18.74,18.69, 73 , 83 ,18%,0,2602703,2602000,2019.0
Future School of Fort Smith,9-12,Future School Of Fort Smith,16.38,61.0,226.0,73.0,44.0,24.0,15.0,17.0,56.0,1, 226 ,61%,17.08,15.47,15.98,16.8,16.38, N/A , N/A ,,1,6640703,6640700,2019.0
Genoa Central High School,9-12,Genoa Central School District,20.37,52.0,360.0,39.0,98.0,1.0,0.0,2.0,2.0,4, 360 ,52%,21.42,19.8,19.68,20.0,20.37, 45 , 75 ,43%,0,4602006,4602000,2019.0
Gentry High School Conversion Charter,9-12,Gentry School District,19.9,43.0,426.0,55.0,65.0,16.0,1.0,18.0,35.0,1, 425 ,43%,20.52,19.63,18.62,20.3,19.9, 58 , 69 ,42%,0,403703,403000,2019.0
Glen Rose High School,9-12,Glen Rose School District,19.7,42.0,329.0,49.0,91.0,3.0,2.0,3.0,9.0,3, 329 ,42%,20.13,19.66,18.7,19.77,19.7, 30 , 42 ,43%,0,3002009,3002000,2019.0
Gosnell High School,7-12,Gosnell School District,19.16,36.0,585.0,72.0,68.0,8.0,21.0,3.0,32.0,2, 359 ,36%,18.98,18.71,18.69,19.65,19.16, 31 , 32 ,16%,0,4708031,4708000,2019.0
Graduate Arkansas Charter High,9-12,Graduate Arkansas  Charter,13.5,13.0,119.0,82.0,3.0,6.0,90.0,1.0,97.0,3, 119 ,13%,12.25,11.75,15.5,14.0,13.5, N/A , N/A ,,1,6052703,6052700,2019.0
Gravette High School,9-12,Gravette School District,20.03,43.0,556.0,43.0,86.0,8.0,1.0,6.0,14.0,1, 556 ,43%,20.03,19.27,19.56,20.74,20.03, 68 , 68 ,41%,0,404022,404000,2019.0
Green Forest High School,9-12,Green Forest School District,18.53,43.0,391.0,82.0,42.0,47.0,0.0,11.0,58.0,1, 390 ,43%,19.29,17.11,18.36,18.62,18.53, 68 , 73 ,40%,0,803012,803000,2019.0
Greenbrier High School,10-12,Greenbrier School District,22.52,72.0,820.0,31.0,92.0,4.0,2.0,2.0,8.0,3, 819 ,72%,22.64,22.52,21.85,22.42,22.52, 435 , 806 ,42%,0,2303017,2303000,2019.0
Greene County Tech High School,10-12,Greene County Tech School District,19.81,66.0,847.0,41.0,93.0,3.0,3.0,2.0,7.0,2, 846 ,66%,20.78,19.56,18.44,19.88,19.81, 301 , 280 ,30%,0,2807008,2807000,2019.0
Greenland High School,9-12,Greenland School District,20.24,45.0,254.0,59.0,85.0,9.0,0.0,6.0,15.0,1, 254 ,45%,21.31,20.0,18.11,20.63,20.24, 39 , 59 ,20%,0,7204028,7204000,2019.0
Greenwood High School,10-12,Greenwood School District,22.68,77.0,855.0,28.0,88.0,5.0,1.0,5.0,12.0,1, 853 ,77%,22.96,22.75,21.81,22.67,22.68, 158 , 212 ,72%,0,6602043,6602000,2019.0
Gurdon High School,9-12,Gurdon School District,17.9,44.0,192.0,74.0,48.0,23.0,26.0,3.0,52.0,4, 192 ,44%,19.31,17.33,16.6,17.98,17.9, 34 , 17 ,12%,0,1003018,1003000,2019.0
Guy-Perkins High School,7-12,Guy-Perkins School District,19.54,48.0,169.0,65.0,83.0,3.0,12.0,2.0,17.0,3, 108 ,48%,21.14,19.14,18.18,19.04,19.54, 14 , 15 ,33%,0,2304022,2304000,2019.0
Haas Hall Academy,7-12,Haas Hall Academy,28.3,65.0,451.0,5.0,72.0,8.0,2.0,18.0,28.0,1, 285 ,65%,29.57,30.08,26.02,26.94,28.3, 209 , 467 ,68%,1,7240703,7240700,2019.0
Haas Hall Academy at the Lane,7-12,Haas Hall Academy,26.75,44.0,329.0,10.0,66.0,16.0,4.0,15.0,34.0,1, 170 ,44%,28.19,27.25,24.06,26.5,26.75, 107 , 169 ,53%,1,7240709,7240700,2019.0
Haas Hall Academy Bentonville,7-12,Haas Hall Bentonville,30.27,49.0,356.0,4.0,64.0,11.0,2.0,24.0,36.0,1, 200 ,49%,31.7,31.62,28.51,28.46,30.27, 159 , 377 ,69%,1,443703,443700,2019.0
Haas Hall Academy Jones Center,7-12,Haas Hall Academy,21.71,43.0,221.0,15.0,61.0,24.0,3.0,13.0,39.0,1, 137 ,43%,21.14,23.29,20.0,21.43,21.71, 66 , 110 ,55%,1,7240706,7240700,2019.0
Hackett High School,7-12,Hackett School District,17.35,47.0,362.0,64.0,86.0,4.0,1.0,9.0,14.0,1, 246 ,47%,17.8,16.24,17.2,17.47,17.35, 28 , 27 ,22%,0,6603048,6603000,2019.0
Hall High School,9-12,Little Rock School District,14.42,31.0,919.0,85.0,6.0,39.0,53.0,2.0,94.0,3, 919 ,31%,14.34,13.19,14.86,14.67,14.42, 135 , 180 ,15%,0,6001002,6001000,2019.0
Hamburg High School,9-12,Hamburg School District,17.9,56.0,528.0,59.0,60.0,17.0,22.0,2.0,40.0,5, 528 ,56%,17.99,16.82,17.73,18.46,17.9, 112 , 131 ,27%,0,203018,203000,2019.0
Hampton High School,7-12,Hampton School District,16.68,54.0,254.0,72.0,73.0,5.0,22.0,1.0,27.0,4, 160 ,54%,16.42,15.58,17.0,17.24,16.68, 20 , 24 ,8%,0,701002,701000,2019.0
Har-Ber High School,10-12,Springdale School District,20.11,52.0,2271.0,52.0,45.0,40.0,3.0,13.0,55.0,1," 2,270 ",52%,20.65,19.73,19.2,20.28,20.11, 768 , 931 ,61%,0,7207062,7207000,2019.0
Harmony Grove High School,7-12,Harmony Grove School District (Ouachita),19.04,66.0,393.0,48.0,73.0,4.0,20.0,3.0,27.0,4, 243 ,66%,19.7,19.11,18.28,18.43,19.04, 15 , N/A ,,0,5205029,5205000,2019.0
Harmony Grove High School,10-12,Harmony Grove School District (Saline),19.71,64.0,284.0,26.0,94.0,3.0,2.0,1.0,6.0,3, 284 ,64%,19.89,19.33,19.13,19.88,19.71, 42 , 61 ,3%,0,6304030,6304000,2019.0
Harrisburg College & Career Preparatory School,9-12,Harrisburg School District,17.01,45.0,351.0,70.0,95.0,3.0,2.0,0.0,5.0,2, 350 ,45%,17.18,16.95,16.49,16.91,17.01, 20 , 10 ,10%,0,5602703,5602000,2019.0
Harrison High School Conversion Charter,9-12,Harrison School District,20.88,48.0,822.0,41.0,94.0,2.0,0.0,4.0,6.0,1, 822 ,48%,21.84,20.72,19.49,20.79,20.88, 70 , 77 ,55%,0,503703,503000,2019.0
Hazen High School,7-12,Hazen School District,16.53,43.0,263.0,69.0,72.0,2.0,24.0,2.0,28.0,5, 181 ,43%,16.27,15.88,17.14,16.47,16.53, 21 , 11 ,64%,0,5903012,5903000,2019.0
Heber Springs High School,9-12,Heber Springs School District,21.14,44.0,448.0,36.0,92.0,6.0,0.0,2.0,8.0,2, 448 ,44%,22.45,20.56,19.9,21.16,21.14, 40 , 31 ,52%,0,1202006,1202000,2019.0
Hector High School,7-12,Hector School District,18.48,50.0,269.0,72.0,93.0,3.0,0.0,3.0,7.0,1, 176 ,50%,19.16,18.13,16.65,19.19,18.48, 32 , 27 ,19%,0,5803010,5803000,2019.0
Hermitage High School,7-12,Hermitage School District,18.92,48.0,225.0,68.0,61.0,26.0,13.0,0.0,39.0,5, 151 ,48%,19.72,17.68,18.16,19.56,18.92, 20 , 20 ,20%,0,601007,601000,2019.0
Highland High School,9-12,Highland School District,19.1,44.0,516.0,71.0,94.0,3.0,1.0,2.0,6.0,2, 516 ,44%,19.95,18.62,18.19,19.23,19.1, 19 , 26 ,73%,0,6804010,6804000,2019.0
Hillcrest High School,7-12,Hillcrest School District,18.49,59.0,198.0,60.0,97.0,2.0,0.0,2.0,3.0,2, 135 ,59%,18.38,17.78,18.11,19.11,18.49, N<10 , N<10 ,13%,0,3809023,3809000,2019.0
Hope High School,9-12,Hope School District,15.28,46.0,600.0,73.0,19.0,35.0,45.0,2.0,81.0,4, 596 ,46%,15.86,13.73,15.25,15.73,15.28, 10 , N<10 ,RV,0,2903012,2903000,2019.0
Horatio High School,7-12,Horatio School District,19.2,55.0,373.0,72.0,72.0,23.0,1.0,4.0,28.0,4, 230 ,55%,20.41,18.0,17.89,19.93,19.2, 53 , 78 ,8%,0,6703013,6703000,2019.0
Hot Springs World Class High School,9-12,Hot Springs School District,17.3,41.0,959.0,73.0,36.0,18.0,38.0,7.0,64.0,3, 954 ,41%,17.51,16.67,16.74,17.62,17.3, 41 , 69 ,42%,0,2603703,2603000,2019.0
Hoxie High School,7-12,Hoxie School District,18.75,47.0,385.0,67.0,91.0,3.0,1.0,4.0,9.0,2, 264 ,47%,20.02,18.61,16.75,19.02,18.75, 43 , 52 ,4%,0,3804010,3804000,2019.0
Huntsville High School,9-12,Huntsville School District,19.5,42.0,581.0,56.0,82.0,9.0,1.0,8.0,18.0,1, 581 ,42%,19.96,18.85,18.75,19.76,19.5, 80 , 97 ,41%,0,4401003,4401000,2019.0
Izard County Consversion High School,9-12,Izard County Consolidated School District,17.5,42.0,166.0,68.0,95.0,2.0,2.0,1.0,5.0,2, 166 ,42%,18.07,16.57,17.21,17.57,17.5, 18 , N<10 ,22%,0,3306015,3306000,2019.0
J.A. Fair High School,9-12,Little Rock School District,14.94,35.0,684.0,85.0,3.0,12.0,83.0,1.0,97.0,3, 684 ,35%,14.85,13.7,15.24,15.38,14.94, 147 , 61 ,5%,0,6001063,6001000,2019.0
Jacksonville High School,9-12,Jacksonville North Pulaski School District,17.33,37.0,1084.0,57.0,32.0,6.0,59.0,2.0,68.0,3," 1,084 ",37%,17.88,16.48,16.9,17.57,17.33, 117 , 93 ,32%,0,6004009,6004000,2019.0
Jacksonville Lighthouse College Prep Academy High,7-12,Jacksonville Lighthouse Charter,16.72,45.0,293.0,66.0,17.0,6.0,73.0,3.0,83.0,3, 179 ,45%,16.91,15.66,16.22,17.59,16.72, 70 , N<10 ,20%,1,6050703,6050700,2019.0
Jasper High School,7-12,Jasper School District,18.06,44.0,226.0,71.0,96.0,0.0,1.0,2.0,4.0,1, 156 ,44%,19.24,17.18,17.41,18.09,18.06, N<10 , N<10 ,11%,0,5102006,5102000,2019.0
Jessieville High School,9-12,Jessieville School District,19.44,39.0,272.0,66.0,89.0,6.0,2.0,3.0,11.0,3, 272 ,39%,19.88,18.83,18.25,20.12,19.44, 52 , 69 ,32%,0,2604030,2604000,2019.0
Joe T. Robinson High School,9-12,Pulaski County Special School District,18.62,46.0,702.0,31.0,53.0,8.0,36.0,4.0,47.0,3, 700 ,46%,19.69,17.82,17.33,18.88,18.62, 174 , 239 ,41%,0,6003127,6003000,2019.0
Junction City High School,7-12,Junction City School District,17.31,50.0,322.0,64.0,59.0,2.0,39.0,0.0,41.0,4, 212 ,50%,17.92,16.85,16.25,17.65,17.31, 28 , N<10 ,22%,0,7003028,7003000,2019.0
Kingston High School,7-12,Jasper School District,17.5,54.0,125.0,66.0,94.0,1.0,0.0,5.0,6.0,1, 82 ,54%,18.06,16.89,17.28,17.33,17.5, N<10 , N<10 ,11%,0,5102008,5102000,2019.0
KIPP Blytheville Collegiate High School,7-12,KIPP Delta Public Schools,17.94,44.0,156.0,86.0,9.0,4.0,81.0,5.0,91.0,5, 105 ,44%,16.53,17.29,17.82,19.41,17.94, 28 , 14 ,50%,1,5440706,5440700,2019.0
KIPP:Delta Collegiate High School,9-12,KIPP Delta Public Schools,18.23,47.0,195.0,88.0,3.0,2.0,95.0,1.0,97.0,5, 195 ,47%,18.14,18.16,16.89,18.8,18.23, 39 , 17 ,6%,1,5440703,5440700,2019.0
Kirby High School,7-12,Kirby School District,19.56,56.0,175.0,70.0,87.0,7.0,0.0,5.0,13.0,4, 110 ,56%,20.48,18.8,17.88,20.32,19.56, N<10 , 10 ,10%,0,5503011,5503000,2019.0
Lafayette County High School,7-12,Lafayette County School District,16.64,55.0,235.0,87.0,35.0,3.0,59.0,3.0,65.0,4, 154 ,55%,17.05,15.36,16.64,17.26,16.64, 22 , 18 ,RV,0,3704013,3704000,2019.0
Lake Hamilton High School,10-12,Lake Hamilton School District,19.78,65.0,974.0,46.0,77.0,13.0,3.0,7.0,23.0,3, 974 ,65%,20.33,19.2,18.83,20.14,19.78, 258 , 288 ,40%,0,2605034,2605000,2019.0
Lakeside High School,9-12,Lakeside School District (Chicot),16.27,43.0,257.0,78.0,13.0,12.0,73.0,1.0,87.0,5, 257 ,43%,15.9,15.9,15.65,17.14,16.27, 38 , 37 ,5%,0,903018,903000,2019.0
Lakeside High School,8-12,Lakeside School District (Garland),21.46,53.0,1348.0,35.0,72.0,12.0,8.0,8.0,28.0,3," 1,054 ",53%,22.38,20.99,20.09,21.6,21.46, 237 , 410 ,54%,0,2606044,2606000,2019.0
Lamar High School,8-12,Lamar School District,19.0,47.0,512.0,67.0,87.0,6.0,2.0,4.0,13.0,1, 403 ,47%,19.94,18.05,17.98,19.54,19.0, 39 , 26 ,62%,0,3604019,3604000,2019.0
Lavaca High School,9-12,Lavaca School District,18.96,55.0,238.0,45.0,83.0,8.0,1.0,9.0,17.0,1, 238 ,55%,19.22,18.51,18.87,18.84,18.96, 27 , 36 ,25%,0,6605057,6605000,2019.0
Lead Hill High School,7-12,Lead Hill School District,19.57,39.0,172.0,90.0,88.0,5.0,1.0,6.0,12.0,1, 126 ,39%,21.38,18.67,18.33,19.19,19.57, N<10 , N<10 ,RV,0,506032,506000,2019.0
Lee High School,7-12,Lee County School District,14.48,41.0,283.0,87.0,7.0,2.0,91.0,0.0,93.0,5, 175 ,41%,14.52,13.45,15.23,14.23,14.48, 14 , 10 ,RV,0,3904011,3904000,2019.0
Lincoln High School,9-12,Lincoln School District,18.38,47.0,353.0,66.0,78.0,9.0,2.0,11.0,22.0,1, 349 ,47%,19.15,17.47,17.4,19.07,18.38, 23 , 18 ,44%,0,7205706,7205000,2019.0
LISA Academy High,9-12,LISA Academy,19.14,42.0,435.0,62.0,17.0,31.0,44.0,8.0,83.0,3, 435 ,42%,19.7,18.57,18.52,19.16,19.14, 145 , 216 ,39%,1,6041703,6041700,2019.0
LISA Academy North High Charter School,9-12,LISA Academy,20.83,42.0,235.0,59.0,29.0,22.0,37.0,12.0,71.0,3, 235 ,42%,20.69,21.21,20.14,20.41,20.83, 79 , 102 ,26%,1,6041706,6041700,2019.0
Lonoke High School,9-12,Lonoke School District,18.26,47.0,525.0,64.0,65.0,7.0,23.0,4.0,35.0,3, 525 ,47%,18.3,17.38,18.09,18.66,18.26, 62 , 78 ,31%,0,4301029,4301000,2019.0
Magazine High School,7-12,Magazine School District,18.97,48.0,243.0,74.0,91.0,4.0,1.0,5.0,9.0,1, 168 ,48%,19.16,18.63,18.34,19.03,18.97, N<10 , 10 ,10%,0,4202008,4202000,2019.0
Magnet Cove High School,7-12,Magnet Cove School District,19.74,46.0,332.0,41.0,95.0,4.0,1.0,0.0,5.0,3, 223 ,46%,20.31,19.02,18.44,20.57,19.74, 40 , 46 ,41%,0,3003014,3003000,2019.0
Magnolia High School,10-12,Magnolia School District,17.94,61.0,587.0,63.0,40.0,4.0,51.0,4.0,60.0,4, 587 ,61%,18.12,17.42,17.2,18.53,17.94, 169 , 225 ,29%,0,1402009,1402000,2019.0
Malvern High School,9-12,Malvern School District,18.96,21.0,533.0,65.0,54.0,11.0,28.0,7.0,46.0,3, 533 ,21%,19.53,18.63,18.04,19.01,18.96, 157 , 131 ,14%,0,3004023,3004000,2019.0
Mammoth Spring High School,7-12,Mammoth Spring School District,19.04,40.0,228.0,72.0,97.0,1.0,0.0,2.0,3.0,2, 125 ,40%,20.16,18.64,17.28,19.56,19.04, N<10 , 10 ,10%,0,2501002,2501000,2019.0
Manila High School,9-12,Manila School District,20.19,44.0,323.0,51.0,91.0,8.0,0.0,1.0,9.0,2, 323 ,44%,20.06,19.37,20.12,20.65,20.19, 56 , 56 ,30%,0,4712044,4712000,2019.0
Mansfield High School,9-12,Mansfield School District,19.77,39.0,243.0,60.0,88.0,3.0,0.0,8.0,12.0,1, 243 ,39%,20.65,18.86,19.65,19.56,19.77, 17 , 40 ,38%,0,6606062,6606000,2019.0
Marion High School,10-12,Marion School District,18.65,64.0,948.0,69.0,39.0,5.0,53.0,3.0,61.0,2, 948 ,64%,19.24,18.41,17.53,18.71,18.65, 277 , 377 ,27%,0,1804015,1804000,2019.0
Marked Tree High School,7-12,Marked Tree School District,16.78,42.0,229.0,81.0,64.0,1.0,34.0,0.0,36.0,2, 149 ,42%,16.96,15.85,16.63,17.11,16.78, 31 , 31 ,19%,0,5604017,5604000,2019.0
Marmaduke High School,7-12,Marmaduke School District,19.06,35.0,339.0,56.0,97.0,2.0,0.0,1.0,3.0,2, 232 ,35%,19.51,18.38,17.26,20.38,19.06, 16 , N<10 ,44%,0,2803017,2803000,2019.0
Marshall High School,7-12,Searcy County School District,19.38,49.0,354.0,69.0,95.0,2.0,0.0,3.0,5.0,1, 228 ,49%,19.96,18.69,17.92,20.42,19.38, 16 , 12 ,17%,0,6502006,6502000,2019.0
Marvell-Elaine High School,7-12,Marvell-Elaine School District,16.17,46.0,167.0,96.0,7.0,2.0,90.0,1.0,93.0,5, 114 ,46%,17.25,14.88,14.92,16.92,16.17, 23 , 10 ,RV,0,5404032,5404000,2019.0
Maumelle Charter High School,6-12,Academics Plus Public Charter Schools,22.32,47.0,545.0,18.0,72.0,6.0,14.0,8.0,28.0,3, 259 ,47%,22.95,23.29,20.78,21.68,22.32, 118 , 176 ,24%,1,6040703,6040700,2019.0
Maumelle High School,9-12,Pulaski County Special School District,19.09,49.0,991.0,36.0,44.0,6.0,45.0,5.0,56.0,3, 991 ,49%,20.03,18.49,18.19,19.12,19.09, 209 , 256 ,44%,0,6003151,6003000,2019.0
Mayflower High School,9-12,Mayflower School District,17.44,52.0,355.0,54.0,79.0,5.0,13.0,4.0,21.0,3, 355 ,52%,17.78,16.67,16.87,17.77,17.44, 26 , 34 ,41%,0,2305026,2305000,2019.0
Maynard High School,7-12,Maynard School District,16.73,42.0,222.0,69.0,95.0,2.0,0.0,3.0,5.0,2, 154 ,42%,16.59,15.5,16.64,17.82,16.73, 39 , 11 ,9%,0,6102006,6102000,2019.0
McClellan Magnet High School,9-12,Little Rock School District,15.24,30.0,709.0,86.0,3.0,15.0,82.0,1.0,97.0,3, 709 ,30%,14.99,13.98,15.59,15.75,15.24, 100 , 118 ,6%,0,6001064,6001000,2019.0
McCrory High School,7-12,McCrory School District,20.86,56.0,287.0,58.0,82.0,1.0,15.0,1.0,18.0,2, 195 ,56%,20.95,20.25,20.36,21.25,20.86, 32 , 47 ,15%,0,7403013,7403000,2019.0
McGehee High School,7-12,McGehee School District,18.02,45.0,533.0,69.0,48.0,5.0,44.0,3.0,52.0,5, 330 ,45%,18.53,17.63,17.45,17.88,18.02, 78 , 54 ,19%,0,2105028,2105000,2019.0
Melbourne High School,7-12,Melbourne School District,19.53,42.0,400.0,54.0,96.0,2.0,1.0,1.0,4.0,2, 268 ,42%,19.74,19.81,18.49,19.7,19.53, 39 , 14 ,29%,0,3302006,3302000,2019.0
Mena High School,9-12,Mena School District,20.32,43.0,521.0,57.0,86.0,6.0,1.0,8.0,14.0,4, 521 ,43%,21.16,19.88,19.72,20.22,20.32, 98 , 83 ,25%,0,5703012,5703000,2019.0
Midland High School,7-12,Midland School District,17.92,42.0,245.0,66.0,94.0,4.0,1.0,1.0,6.0,2, 163 ,42%,18.97,17.36,16.33,17.92,17.92, 15 , 22 ,27%,0,3211035,3211000,2019.0
Mills University Studies High School,9-12,Pulaski County Special School District,15.79,43.0,623.0,58.0,18.0,17.0,62.0,3.0,82.0,3, 623 ,43%,15.96,14.5,15.77,16.34,15.79, 78 , 125 ,22%,0,6003125,6003000,2019.0
Miner Academy,6-12,Bauxite School District,16.6,57.0,16.0,50.0,88.0,13.0,0.0,0.0,13.0,3, 14 ,57%,17.6,15.6,15.6,17.0,16.6, N/A , N/A ,,0,6301703,6301000,2019.0
Mineral Springs High School,7-12,Mineral Springs School District,16.72,51.0,173.0,87.0,14.0,13.0,71.0,2.0,86.0,4, 111 ,51%,17.0,15.44,16.2,17.6,16.72, 22 , N<10 ,RV,0,3104006,3104000,2019.0
Monticello High School,9-12,Monticello School District,19.71,46.0,508.0,48.0,57.0,5.0,36.0,2.0,43.0,5, 508 ,46%,20.39,18.85,19.21,19.8,19.71, 70 , 63 ,30%,0,2203012,2203000,2019.0
Morrilton Sr. High School,9-12,South Conway County School District,18.98,46.0,680.0,68.0,73.0,7.0,16.0,5.0,27.0,1, 680 ,46%,19.57,18.87,17.81,18.98,18.98, 78 , 71 ,39%,0,1507036,1507000,2019.0
Mount Ida High School,7-12,Mount Ida School District,18.84,49.0,210.0,66.0,91.0,3.0,0.0,6.0,9.0,4, 143 ,49%,19.0,16.97,18.65,19.84,18.84, N<10 , N<10 ,78%,0,4902007,4902000,2019.0
Mountain Home Career Academies,9-12,Mountain Home School District,20.68,43.0,1300.0,39.0,90.0,5.0,1.0,5.0,10.0,1," 1,296 ",43%,21.6,20.46,18.92,21.13,20.68, 273 , 184 ,26%,0,303703,303000,2019.0
Mountain Pine High School,7-12,Mountain Pine School District,17.97,37.0,266.0,79.0,80.0,4.0,9.0,8.0,20.0,3, 185 ,37%,18.15,17.35,16.97,18.79,17.97, N<10 , N/A ,,0,2607047,2607000,2019.0
Mountain View High School,9-12,Mountain View School District,19.79,44.0,357.0,63.0,94.0,3.0,1.0,2.0,6.0,2, 357 ,44%,20.97,20.44,17.79,19.57,19.79, 82 , 66 ,36%,0,6901007,6901000,2019.0
Mountainburg High School,9-12,Mountainburg School District,18.13,47.0,201.0,68.0,93.0,3.0,0.0,4.0,7.0,1, 201 ,47%,18.79,17.68,17.21,18.26,18.13, 16 , 11 ,45%,0,1703013,1703000,2019.0
Mt. Judea K-12 School,K-12,Deer/Mt. Judea School District,19.46,44.0,174.0,86.0,97.0,1.0,1.0,1.0,3.0,1, 63 ,44%,19.15,20.77,17.46,19.54,19.46, N<10 , 10 ,RV,0,5106004,5106000,2019.0
Mt. Vernon/Enola High School,7-12,Mt. Vernon/Enola School District,19.48,46.0,248.0,58.0,96.0,0.0,2.0,2.0,4.0,3, 161 ,46%,20.21,18.45,19.06,19.76,19.48, 30 , 25 ,4%,0,2306030,2306000,2019.0
Mulberry High School,9-12,Mulberry/Pleasant View Bi-County Schools,18.14,34.0,126.0,56.0,96.0,1.0,1.0,2.0,4.0,1, 126 ,34%,18.91,17.73,17.27,18.36,18.14, 34 , 23 ,26%,0,1704017,1704000,2019.0
Murfreesboro High School,7-12,South Pike County School District,17.63,49.0,308.0,65.0,84.0,5.0,8.0,4.0,16.0,4, 197 ,49%,17.44,17.19,16.51,18.79,17.63, N/A , N/A ,,0,5504015,5504000,2019.0
Nashville High School,10-12,Nashville School District,18.62,71.0,414.0,70.0,51.0,24.0,21.0,4.0,49.0,4, 414 ,71%,18.55,18.53,18.15,18.48,18.62, 99 , 10 ,10%,0,3105011,3105000,2019.0
Nemo Vista High School,9-12,Nemo Vista School District,18.32,56.0,129.0,57.0,88.0,3.0,1.0,9.0,12.0,1, 129 ,56%,18.53,17.12,18.0,19.06,18.32, 19 , 23 ,35%,0,1503017,1503000,2019.0
Nettleton High School,9-12,Nettleton School District,18.96,36.0,985.0,64.0,41.0,9.0,46.0,4.0,59.0,2, 985 ,36%,19.46,18.33,18.16,19.23,18.96, 138 , 158 ,27%,0,1611042,1611000,2019.0
Nevada High  School,7-12,Nevada School District,17.18,54.0,182.0,75.0,53.0,2.0,40.0,5.0,47.0,4, 129 ,54%,17.54,16.68,16.43,17.21,17.18, 31 , 21 ,14%,0,5008014,5008000,2019.0
Newport High School,7-12,Newport School District,17.14,42.0,519.0,76.0,54.0,7.0,36.0,4.0,46.0,2, 332 ,42%,17.51,16.26,17.33,17.1,17.14, 72 , 49 ,35%,0,3403013,3403000,2019.0
Norfork High School,7-12,Norfork School District,19.57,43.0,214.0,73.0,98.0,1.0,0.0,1.0,2.0,1, 143 ,43%,20.33,18.48,18.67,20.14,19.57, N<10 , N<10 ,56%,0,304022,304000,2019.0
North Little Rock Center Of Excellence,9-12,North Little Rock School District,17.58,45.0,386.0,74.0,20.0,13.0,63.0,3.0,80.0,3, 386 ,45%,18.28,16.33,16.69,18.3,17.58, 132 , 157 ,20%,0,6002703,6002000,2019.0
North Little Rock High School,9-12,North Little Rock School District,18.36,42.0,2146.0,70.0,29.0,9.0,59.0,3.0,71.0,3," 2,141 ",42%,18.91,18.1,17.75,18.1,18.36, 445 , 483 ,41%,0,6002082,6002000,2019.0
Northside High School,10-12,Fort Smith School District,18.38,56.0,1820.0,75.0,28.0,47.0,12.0,13.0,72.0,1," 1,820 ",56%,18.77,17.3,17.95,18.95,18.38, 479 , 733 ,42%,0,6601024,6601000,2019.0
Northwest Arkansas Classical Academy High,7-12,Responsive Ed Solutions Northwest Arkansas Classical Academy,25.94,37.0,227.0,7.0,69.0,15.0,2.0,15.0,31.0,1, 108 ,37%,28.12,25.76,24.24,25.53,25.94, 19 , 45 ,60%,1,442703,442700,2019.0
Oark High School,7-12,Jasper School District,18.71,48.0,84.0,87.0,95.0,4.0,1.0,0.0,5.0,1, 58 ,48%,20.57,17.79,17.5,18.79,18.71, N/A , N/A ,,0,5102024,5102000,2019.0
Oden Schools,P-12,Ouachita River School District,18.71,67.0,149.0,79.0,91.0,3.0,0.0,7.0,9.0,4, 42 ,67%,19.82,17.06,17.82,19.47,18.71, N<10 , N<10 ,RV,0,5706009,5706000,2019.0
Omaha High School,7-12,Omaha School District,19.39,38.0,179.0,72.0,90.0,6.0,1.0,4.0,10.0,1, 108 ,38%,20.52,17.83,19.17,19.96,19.39, N/A , N/A ,,0,504023,504000,2019.0
Osceola High School,9-12,Osceola School District,15.31,46.0,331.0,88.0,10.0,3.0,84.0,3.0,90.0,2, 331 ,46%,15.03,13.6,15.38,16.58,15.31, 35 , 68 ,4%,0,4713051,4713000,2019.0
Ouachita High School,7-12,Ouachita School District,19.54,48.0,256.0,52.0,96.0,2.0,0.0,2.0,4.0,3, 165 ,48%,19.84,19.51,17.76,20.57,19.54, 25 , 25 ,12%,0,3005030,3005000,2019.0
Ozark Jr/Sr High School,8-12,Ozark School District,19.47,46.0,678.0,58.0,94.0,3.0,0.0,3.0,6.0,1, 536 ,46%,20.63,19.52,18.06,19.04,19.47, 37 , 39 ,51%,0,2404017,2404000,2019.0
Palestine-Wheatley Senior High,7-12,Palestine-Wheatley School District,19.24,42.0,371.0,86.0,87.0,2.0,11.0,0.0,13.0,2, 240 ,42%,19.41,19.61,18.22,18.98,19.24, N/A , N/A ,,0,6205028,6205000,2019.0
Pangburn High School,7-12,Pangburn School District,18.45,53.0,432.0,56.0,95.0,3.0,1.0,0.0,5.0,2, 278 ,53%,19.06,17.2,17.53,19.5,18.45, N<10 , N<10 ,67%,0,7309039,7309000,2019.0
Paragould High School,9-12,Paragould School District,19.02,42.0,901.0,59.0,85.0,6.0,4.0,5.0,15.0,2, 901 ,42%,19.67,19.03,17.75,18.85,19.02, 186 , 243 ,52%,0,2808043,2808000,2019.0
Paris High School,9-12,Paris School District,17.84,49.0,312.0,71.0,87.0,3.0,4.0,6.0,13.0,1, 311 ,49%,18.35,17.18,17.23,18.08,17.84, 33 , 28 ,32%,0,4203012,4203000,2019.0
Parkers Chapel High School,7-12,Parkers Chapel School District,20.21,59.0,333.0,32.0,85.0,2.0,11.0,2.0,15.0,4, 213 ,59%,20.54,20.11,19.63,20.02,20.21, 56 , 38 ,21%,0,7007040,7007000,2019.0
Parkview Magnet High School,9-12,Little Rock School District,18.9,51.0,1076.0,61.0,14.0,16.0,66.0,4.0,86.0,3," 1,076 ",51%,19.29,18.45,18.09,19.27,18.9, 354 , 445 ,32%,0,6001005,6001000,2019.0
Pea Ridge High School,9-12,Pea Ridge School District,19.08,46.0,701.0,32.0,89.0,8.0,0.0,3.0,11.0,1, 701 ,46%,19.92,18.33,18.49,18.96,19.08, 156 , 209 ,22%,0,407027,407000,2019.0
Perryville High School,7-12,Perryville School District,19.01,48.0,441.0,61.0,94.0,2.0,1.0,3.0,6.0,1, 291 ,48%,19.74,18.73,18.42,18.61,19.01, 41 , 26 ,27%,0,5303011,5303000,2019.0
Piggott High School,7-12,Piggott School District,17.13,53.0,380.0,54.0,94.0,3.0,2.0,2.0,6.0,2, 260 ,53%,18.3,16.28,16.17,17.47,17.13, 11 , 11 ,82%,0,1104018,1104000,2019.0
Pine Bluff High School,9-12,Pine Bluff School District,15.52,42.0,903.0,78.0,2.0,1.0,97.0,0.0,98.0,3, 903 ,42%,15.53,13.79,15.81,16.21,15.52, 122 , 143 ,7%,0,3505042,3505000,2019.0
Pocahontas High School,10-12,Pocahontas School District,21.59,69.0,434.0,50.0,87.0,3.0,1.0,9.0,13.0,2, 434 ,69%,21.42,21.19,21.26,21.75,21.59, 152 , 225 ,32%,0,6103010,6103000,2019.0
Polk County Virtual Academy,K-12,Mena School District,22.0,10.0,23.0,48.0,91.0,9.0,0.0,0.0,9.0,4, 10 ,10%,21.0,17.0,23.0,26.0,22.0, N/A , N/A ,,1,5703703,5703000,2019.0
Pottsville High School,10-12,Pottsville School District,21.45,69.0,365.0,36.0,90.0,7.0,2.0,1.0,10.0,1, 365 ,69%,22.68,22.41,19.2,20.85,21.45, 84 , 103 ,56%,0,5804014,5804000,2019.0
Poyen High School,7-12,Poyen School District,19.51,57.0,300.0,50.0,94.0,4.0,1.0,1.0,6.0,3, 196 ,57%,19.82,18.51,18.84,20.08,19.51, 18 , 19 ,16%,0,2703010,2703000,2019.0
Prairie Grove High School,9-12,Prairie Grove School District,20.35,44.0,620.0,35.0,87.0,5.0,2.0,6.0,13.0,1, 620 ,44%,20.82,20.07,19.62,20.25,20.35, 219 , 310 ,46%,0,7206703,7206000,2019.0
Premier High School of Little Rock,9-12,Responsive Ed Solutions Premier High School of Little Rock,13.85,22.0,95.0,82.0,5.0,2.0,92.0,1.0,95.0,3, 95 ,22%,14.77,12.46,14.0,13.69,13.85, N/A , N/A ,,1,6053703,6053700,2019.0
Premier High School of North Little Rock,9-12,Responsive Ed Solutions Premier High School of North Little Rock,15.57,10.0,70.0,86.0,14.0,4.0,80.0,1.0,86.0,3, 70 ,10%,14.86,14.71,15.86,16.14,15.57, N/A , N/A ,,1,6062703,6062700,2019.0
Prescott High School,9-12,Prescott School District,17.68,47.0,294.0,67.0,52.0,5.0,41.0,2.0,48.0,4, 294 ,47%,18.32,17.0,16.97,17.89,17.68, 50 , 43 ,14%,0,5006024,5006000,2019.0
Quitman High School,9-12,Quitman School District,20.62,52.0,229.0,51.0,96.0,2.0,0.0,1.0,4.0,2, 229 ,52%,21.14,20.32,19.09,21.0,20.62, 23 , 19 ,16%,0,1203011,1203000,2019.0
Rector High School,7-12,Rector School District,19.38,54.0,263.0,67.0,96.0,3.0,0.0,0.0,4.0,2, 166 ,54%,19.82,18.38,19.03,19.41,19.38, 54 , 54 ,11%,0,1106023,1106000,2019.0
Rison High School,9-12,Cleveland County School District,19.21,50.0,245.0,57.0,67.0,2.0,28.0,3.0,33.0,5, 245 ,50%,20.0,17.82,18.44,20.15,19.21, 48 , 58 ,14%,0,1305010,1305000,2019.0
River Valley Virtual Academy,K-12,Van Buren School District,18.43,50.0,50.0,66.0,78.0,8.0,6.0,8.0,22.0,1, 24 ,50%,20.0,18.0,17.57,18.29,18.43, N/A , N/A ,,0,1705703,1705000,2019.0
Rivercrest High School,7-12,Rivercrest School District,18.91,45.0,548.0,71.0,66.0,5.0,28.0,1.0,34.0,2, 352 ,45%,18.54,18.22,18.76,19.43,18.91, 42 , 32 ,19%,0,4706066,4706000,2019.0
Riverside High School,7-12,Riverside School District,19.56,46.0,357.0,55.0,90.0,7.0,1.0,2.0,10.0,2, 242 ,46%,20.67,19.56,17.94,19.22,19.56, N<10 , N<10 ,11%,0,1613021,1613000,2019.0
Riverview High School,9-12,Riverview School District,16.94,41.0,375.0,69.0,64.0,21.0,11.0,4.0,36.0,2, 375 ,41%,17.54,16.08,16.15,17.42,16.94, 22 , 26 ,31%,0,7307032,7307000,2019.0
Rogers Heritage High School,9-12,Rogers School District,19.04,46.0,2043.0,51.0,42.0,50.0,1.0,7.0,58.0,1," 2,039 ",46%,19.77,18.21,18.45,19.11,19.04, 660 , 780 ,41%,0,405052,405000,2019.0
Rogers High School,9-12,Rogers School District,19.43,48.0,2089.0,43.0,43.0,50.0,2.0,6.0,57.0,1," 2,083 ",48%,19.84,18.97,18.95,19.35,19.43, 681 , 895 ,49%,0,405048,405000,2019.0
Rogers New Technology High School,9-12,Rogers School District,20.2,50.0,645.0,55.0,47.0,47.0,1.0,5.0,53.0,1, 645 ,50%,21.28,20.1,18.6,20.31,20.2, 308 , 385 ,34%,0,405703,405000,2019.0
Rose Bud High School,7-12,Rose Bud School District,19.75,43.0,382.0,52.0,93.0,5.0,0.0,2.0,7.0,2, 253 ,43%,21.42,19.17,18.15,19.92,19.75, 75 , 38 ,21%,0,7310043,7310000,2019.0
Rural Special High School,7-12,Mountain View School District,22.7,40.0,90.0,67.0,97.0,2.0,0.0,1.0,3.0,2, 65 ,40%,23.7,23.2,20.4,22.7,22.7, N/A , N/A ,,0,6901012,6901000,2019.0
Russellville High School,10-12,Russellville School District,20.05,59.0,1188.0,48.0,62.0,25.0,8.0,5.0,38.0,1," 1,188 ",59%,20.69,19.59,19.01,20.33,20.05, 408 , 622 ,55%,0,5805024,5805000,2019.0
Salem High School,7-12,Salem School District,20.04,49.0,399.0,59.0,91.0,3.0,1.0,5.0,9.0,2, 259 ,49%,20.1,20.69,18.82,19.92,20.04, 24 , 23 ,30%,0,2502006,2502000,2019.0
School For The Deaf,K-12,Arkansas School For The Deaf,11.83,22.0,103.0,79.0,55.0,11.0,27.0,7.0,45.0,3, 36 ,22%,10.33,10.5,13.67,12.5,11.83, N/A , N/A ,,0,6092004,6092000,2019.0
Scranton High School,7-12,Scranton School District,19.2,49.0,195.0,58.0,89.0,4.0,1.0,6.0,11.0,1, 137 ,49%,19.4,18.0,18.54,20.11,19.2, 22 , 39 ,23%,0,4204019,4204000,2019.0
Searcy High School,9-12,Searcy School District,21.02,49.0,1072.0,42.0,72.0,10.0,11.0,7.0,28.0,2," 1,072 ",49%,21.69,21.2,19.57,21.08,21.02, 257 , 185 ,43%,0,7311052,7311000,2019.0
Sheridan High School,9-12,Sheridan School District,20.55,46.0,1225.0,40.0,90.0,4.0,2.0,4.0,10.0,3," 1,225 ",46%,21.29,20.14,19.4,20.77,20.55, 297 , 467 ,40%,0,2705021,2705000,2019.0
Shirley High School,7-12,Shirley School District,19.23,41.0,164.0,80.0,96.0,1.0,2.0,1.0,4.0,1, 111 ,41%,19.82,18.5,18.41,19.55,19.23, N<10 , N<10 ,89%,0,7104015,7104000,2019.0
Siloam Springs High School Conversion Charter,9-12,Siloam Springs School District,19.92,43.0,1336.0,43.0,55.0,30.0,1.0,13.0,45.0,1," 1,335 ",43%,20.53,18.82,19.88,19.85,19.92, 350 , 434 ,47%,0,406703,406000,2019.0
Sloan-Hendrix High School,7-12,Sloan-Hendrix School District,18.8,42.0,333.0,67.0,98.0,1.0,1.0,1.0,2.0,2, 220 ,42%,20.44,18.42,17.02,18.76,18.8, 40 , N<10 ,22%,0,3806019,3806000,2019.0
Smackover High School,9-12,Smackover-Norphlet School District,18.85,49.0,326.0,53.0,71.0,4.0,23.0,3.0,29.0,4, 326 ,49%,19.51,18.48,17.98,18.68,18.85, 61 , 54 ,20%,0,7008045,7008000,2019.0
South Side High School,7-12,South Side School District (Van Buren),19.07,47.0,241.0,57.0,93.0,1.0,0.0,5.0,7.0,1, 167 ,47%,19.43,18.31,18.45,19.52,19.07, 23 , 16 ,13%,0,7105019,7105000,2019.0
Southeast Arkansas Preparatory High School,9-12,Southeast Arkansas Preparatory High School,14.0,33.0,107.0,93.0,1.0,0.0,99.0,0.0,99.0,3, 107 ,33%,13.25,11.38,15.88,15.63,14.0, N/A , N/A ,,1,3543703,3543700,2019.0
Southside Charter High School,10-12,Southside School District (Independence),19.19,66.0,433.0,50.0,91.0,6.0,1.0,2.0,9.0,2, 433 ,66%,19.67,19.25,18.02,19.05,19.19, 50 , 15 ,53%,0,3209703,3209000,2019.0
Southside High School,10-12,Fort Smith School District,22.08,66.0,1342.0,42.0,61.0,12.0,6.0,21.0,39.0,1," 1,337 ",66%,22.82,22.42,20.58,21.94,22.08, 419 , 795 ,67%,0,6601025,6601000,2019.0
Sparkman High School,7-12,Harmony Grove School District (Ouachita),16.6,51.0,59.0,75.0,46.0,20.0,34.0,0.0,54.0,4, 43 ,51%,17.8,14.5,16.1,17.2,16.6, N<10 , 10 ,RV,0,5205012,5205000,2019.0
Spring Hill High School,7-12,Spring Hill School District,19.44,60.0,278.0,43.0,83.0,6.0,1.0,10.0,17.0,4, 159 ,60%,19.61,19.66,18.1,19.71,19.44, 24 , 10 ,70%,0,2906026,2906000,2019.0
Springdale High School,10-12,Springdale School District,18.18,42.0,2216.0,79.0,20.0,57.0,3.0,20.0,80.0,1," 2,213 ",42%,18.24,17.11,18.37,18.46,18.18, 560 , 448 ,48%,0,7207049,7207000,2019.0
St. Joe K-12 School,K-12,Ozark Mountain School District,19.0,33.0,152.0,72.0,95.0,1.0,0.0,4.0,5.0,1, 43 ,33%,20.6,18.0,16.6,20.6,19.0, N/A , N/A ,,0,6505015,6505000,2019.0
St. Paul High School,7-12,Huntsville School District,18.31,39.0,114.0,78.0,88.0,7.0,0.0,5.0,12.0,1, 76 ,39%,17.63,17.94,18.19,18.81,18.31, N/A , N/A ,,0,4401012,4401000,2019.0
Star City High School,9-12,Star City School District,18.54,50.0,475.0,58.0,70.0,6.0,22.0,2.0,30.0,5, 474 ,50%,18.89,18.45,17.64,18.69,18.54, 145 , 146 ,21%,0,4003016,4003000,2019.0
Strong-Huttig Schools,K-12,Strong-Huttig School District,15.3,43.0,289.0,93.0,22.0,3.0,74.0,1.0,78.0,4, 83 ,43%,15.3,13.7,15.55,16.25,15.3, N<10 , N/A ,,0,7009050,7009000,2019.0
Stuttgart High School,9-12,Stuttgart School District,18.57,53.0,466.0,52.0,50.0,4.0,43.0,3.0,50.0,5, 463 ,53%,18.95,17.78,18.42,18.55,18.57, 77 , 116 ,33%,0,104025,104000,2019.0
Sylvan Hills High School,9-12,Pulaski County Special School District,18.35,45.0,1428.0,44.0,44.0,6.0,45.0,4.0,56.0,3," 1,424 ",45%,18.85,17.89,17.65,18.39,18.35, 238 , 312 ,40%,0,6003128,6003000,2019.0
Taylor High School,7-12,Emerson-Taylor-Bradley School District,21.23,48.0,188.0,31.0,96.0,2.0,2.0,1.0,4.0,4, 104 ,48%,23.77,20.31,19.08,21.0,21.23, N/A , N/A ,,0,1408019,1408000,2019.0
The Academies At Jonesboro High School,10-12,Jonesboro School District,18.68,62.0,1325.0,66.0,37.0,15.0,44.0,4.0,63.0,2," 1,323 ",62%,19.1,17.82,18.47,18.7,18.68, 570 , 862 ,33%,0,1608027,1608000,2019.0
The Academies Of West Memphis Charter School,10-12,West Memphis School District,16.92,57.0,1058.0,72.0,19.0,2.0,78.0,1.0,81.0,2," 1,055 ",57%,16.72,16.49,16.85,17.08,16.92, 171 , 177 ,13%,0,1803703,1803000,2019.0
Timbo High School,7-12,Mountain View School District,17.6,47.0,86.0,87.0,97.0,3.0,0.0,0.0,3.0,2, 51 ,47%,17.8,16.0,17.3,18.7,17.6, N<10 , N<10 ,RV,0,6901016,6901000,2019.0
Trumann High School,9-12,Trumann School District,17.86,48.0,437.0,70.0,78.0,8.0,14.0,1.0,22.0,2, 429 ,48%,18.13,17.01,17.55,18.19,17.86, 66 , 53 ,8%,0,5605023,5605000,2019.0
Tuckerman High School,8-12,Jackson Co. School District,18.22,48.0,310.0,63.0,92.0,1.0,6.0,1.0,8.0,2, 249 ,48%,19.0,18.1,16.96,18.29,18.22, 36 , 29 ,21%,0,3405025,3405000,2019.0
Two Rivers High School,5-12,Two Rivers School District,17.35,38.0,531.0,78.0,83.0,13.0,1.0,4.0,17.0,1, 263 ,38%,18.63,16.61,15.67,17.9,17.35, 17 , 11 ,27%,0,7510019,7510000,2019.0
Umpire K-12 School,K-12,Cossatot River School District,18.9,55.0,107.0,77.0,67.0,29.0,0.0,4.0,33.0,4, 33 ,55%,20.4,19.4,16.4,18.9,18.9, N/A , N/A ,,0,5707024,5707000,2019.0
Valley Springs High School,9-12,Valley Springs School District,19.83,52.0,276.0,37.0,95.0,2.0,0.0,3.0,5.0,1, 275 ,52%,21.47,19.78,18.47,19.25,19.83, 46 , 49 ,43%,0,505027,505000,2019.0
Valley View High School,10-12,Valley View School District,22.28,73.0,657.0,19.0,87.0,4.0,4.0,5.0,13.0,2, 656 ,73%,23.2,22.27,20.73,22.24,22.28, 183 , 169 ,58%,0,1612048,1612000,2019.0
Van Buren High School,10-12,Van Buren School District,20.05,69.0,1210.0,51.0,66.0,19.0,2.0,12.0,34.0,1," 1,210 ",69%,20.53,19.47,19.37,20.2,20.05, 378 , 503 ,49%,0,1705027,1705000,2019.0
Vilonia High School,9-12,Vilonia School District,19.93,51.0,1004.0,33.0,94.0,4.0,1.0,1.0,6.0,3," 1,004 ",51%,20.96,19.73,18.86,19.55,19.93, 190 , 287 ,47%,0,2307034,2307000,2019.0
Viola High School,7-12,Viola School District,18.0,59.0,157.0,68.0,97.0,1.0,0.0,2.0,3.0,2, 100 ,59%,18.28,16.84,16.8,19.32,18.0, N<10 , N/A ,,0,2503010,2503000,2019.0
Waldron High School,9-12,Waldron School District,19.96,43.0,416.0,69.0,72.0,19.0,1.0,8.0,28.0,1, 416 ,43%,20.99,19.44,18.73,20.18,19.96, 96 , 86 ,10%,0,6401003,6401000,2019.0
Walnut Ridge High School,7-12,Lawrence County School District,18.38,48.0,433.0,54.0,92.0,3.0,1.0,4.0,8.0,2, 296 ,48%,18.66,18.36,17.09,18.69,18.38, 74 , 10 ,80%,0,3810027,3810000,2019.0
Warren High School District Conversion Charter,9-12,Warren School District,17.76,52.0,465.0,70.0,45.0,22.0,31.0,2.0,55.0,5, 465 ,52%,18.47,16.98,16.6,18.17,17.76, N<10 , N<10 ,89%,0,602703,602000,2019.0
Watson Chapel High School,10-12,Watson Chapel School District,16.54,68.0,536.0,65.0,14.0,3.0,82.0,1.0,86.0,3, 536 ,68%,17.0,15.56,16.15,16.98,16.54, 193 , 84 ,6%,0,3509067,3509000,2019.0
West Fork High School,9-12,West Fork School District,19.67,53.0,331.0,48.0,85.0,5.0,1.0,10.0,15.0,1, 331 ,53%,19.99,19.45,18.51,20.1,19.67, 26 , 26 ,46%,0,7208062,7208000,2019.0
West Little Rock Classical Academy,6-12,Responsive Ed Solutions Northwest Arkansas Classical Academy,15.67,41.0,150.0,48.0,56.0,3.0,33.0,8.0,44.0,3, 98 ,41%,15.89,16.0,14.78,14.78,15.67, N<10 , N<10 ,50%,1,442706,442700,2019.0
West Side High School,7-12,West Side School District (Cleburne),19.68,38.0,218.0,66.0,100.0,0.0,0.0,0.0,0.0,2, 138 ,38%,20.64,19.77,17.23,20.09,19.68, N<10 , N<10 ,RV,0,1204015,1204000,2019.0
Western Grove K-12 School,K-12,Ozark Mountain School District,18.2,42.0,271.0,69.0,95.0,3.0,0.0,2.0,5.0,1, 91 ,42%,20.13,17.87,17.27,16.67,18.2, N/A , N/A ,,0,6505016,6505000,2019.0
Western Yell Co. High School,7-12,Western Yell Co. School District,18.29,45.0,174.0,85.0,72.0,22.0,1.0,6.0,28.0,1, 122 ,45%,19.0,16.86,17.95,18.57,18.29, N<10 , 10 ,RV,0,7509033,7509000,2019.0
Westside High School,8-12,Westside Cons. School District (Craighead),19.83,49.0,659.0,49.0,94.0,3.0,2.0,2.0,6.0,2, 520 ,49%,20.66,20.51,17.85,19.6,19.83, 73 , 105 ,23%,0,1602055,1602000,2019.0
Westside High School,7-12,Westside School District (Johnson),16.89,44.0,260.0,67.0,93.0,3.0,0.0,3.0,7.0,1, 165 ,44%,17.75,16.06,16.61,16.64,16.89, N<10 , N<10 ,89%,0,3606026,3606000,2019.0
White Co. Central High School,7-12,White Co. Central School District,17.13,43.0,332.0,72.0,84.0,12.0,1.0,3.0,16.0,2, 209 ,43%,17.6,16.0,17.18,17.67,17.13, N<10 , 10 ,20%,0,7304019,7304000,2019.0
White Hall High School,9-12,White Hall School District,19.5,50.0,898.0,43.0,66.0,3.0,26.0,5.0,34.0,3, 898 ,50%,20.08,19.03,18.45,19.8,19.5, 169 , 273 ,46%,0,3510076,3510000,2019.0
Wonderview High School,7-12,Wonderview School District,19.41,47.0,193.0,50.0,94.0,3.0,2.0,2.0,6.0,1, 131 ,47%,20.7,18.11,18.19,19.78,19.41, 31 , 29 ,21%,0,1505026,1505000,2019.0
Woodlawn High School,7-12,Woodlawn School District,20.35,61.0,284.0,41.0,88.0,5.0,1.0,7.0,12.0,5, 185 ,61%,21.73,20.04,18.87,20.35,20.35, 61 , 38 ,16%,0,1304015,1304000,2019.0
Wynne High School,9-12,Wynne School District,19.81,46.0,780.0,51.0,65.0,2.0,31.0,2.0,35.0,2, 780 ,46%,20.7,19.68,18.49,19.92,19.81, 50 , 83 ,36%,0,1905017,1905000,2019.0
Yellville-Summit High School,7-12,Yellville-Summit School District,19.59,48.0,391.0,72.0,97.0,1.0,1.0,1.0,3.0,1, 244 ,48%,20.25,19.73,18.18,19.71,19.59, 51 , 46 ,28%,0,4502006,4502000,2019.0
