School Name,District Name,City,County,District Type,District Size,School Type,Grades Served,SAT Reading Average Score,SAT Math Average Score,SAT Reading Total Students Level 1 %,SAT Reading Total Students Level 2 %,SAT Reading Total Students Level 3 %,SAT Reading Total Students Level 4 %,SAT Math Total Students Level 1 %,SAT Math Total Students Level 2 %,SAT Math Total Students Level 3 %,SAT Math Total Students Level 4 %,SAT Reading Total Male Students Level 1 %,SAT Reading Total Male Students Level 2 %,SAT Reading Total Male Students Level 3 %,SAT Reading Total Male Students Level 4 %,Tests Taken,# Students SAT ELA Participation,Latitude,Longitude,Address,ZIP Code,county_name_x,state_name_x,county_code,Census_Tract,unique_id,year,tract_number,county_name_y,state_name_y,Population 18 to 24 years (estimate),"18-24, less than high school graduate (estimate)","18-24, high school graduate or eq. (estimate)","18-24, some college or associate's degree (estimate)","18-24, bachelor's degree or higher",Population 25 years and over (estimate),"25 and over, less than 9th grade (estimate)","25 and over, 9th to 12th grade, no diploma (estimate)","25 and over, high school graduate or eq. (estimate)","25 and over, some college, no degree (estimate)","25 and over, associate's degree (estimate)","25 and over, bachelor's degree (estimate)","25 and over, graduate or professional degree (estimate)","18-24, less than high school graduate (percentage)","18-24, high school graduate or eq. (percentage)","18-24, some college or associate's degree (percentage)","18-24, bachelor's degree or higher (percentage)","25 and over, less than 9th grade (percentage)","25 and over, 9th to 12th grade, no diploma (percentage)","25 and over, high school graduate or eq. (percentage)","25 and over, some college, no degree (percentage)","25 and over, associate's degree (percentage)","25 and over, bachelor's degree (percentage)","25 and over, graduate or professional degree (percentage)",Total number of households,Median household income (dollars),Mean household income (dollars),Total population,Hispanic or Latino (estimate),Hispanic or Latino (percentage),Not Hispanic or Latino (estimate),Not Hispanic or Latino (percentage),White alone (estimate),White alone (percentage),Black or African American alone (estimate),Black or African American alone (percentage),American Indian and Alaska Native alone (estimate),American Indian and Alaska Native alone (percentage),Asian alone (estimate),Asian alone (percentage),Native Hawaiian and Other Pacific Islander alone (estimate),Native Hawaiian and Other Pacific Islander alone (percentage),Some other race alone (estimate),Some other race alone (percentage),Two or more races alone (estimate),Two or more races alone (percentage)
Seymour High School,Payson CUSD 1,Payson,Adams,UNIT,MEDIUM,HIGH SCHOOL,7 - 12,467.7,445.8,35.5,45.2,16.1,3.2,58.1,12.9,29.0,0.0,47.1,41.2,11.8,0.0,31.0,31.0,39.8167882,-91.2503442,420 West Brainard Street,62360,Adams County,Illinois,17001,010302,17001010302,2022.0,10302.0,Adams County,Illinois,222.0,41.0,146.0,35.0,0.0,1918.0,18.0,65.0,812.0,519.0,171.0,232.0,101.0,18.5,65.8,15.8,0.0,0.9,3.4,42.3,27.1,8.9,12.1,5.3,1065.0,73125.0,82611.0,3057.0,167.0,5.5,2890.0,94.5,2821.0,92.3,0.0,0.0,0.0,0.0,28.0,0.9,0.0,0.0,0.0,0.0,41.0,1.3
Seymour Elementary School,Payson CUSD 1,Payson,Adams,UNIT,MEDIUM,ELEMENTARY,PK - 6,,,,,,,,,,,,,,,,,39.8181222,-91.2481019,404 West State Street,62360,Adams County,Illinois,17001,010302,17001010302,2022.0,10302.0,Adams County,Illinois,222.0,41.0,146.0,35.0,0.0,1918.0,18.0,65.0,812.0,519.0,171.0,232.0,101.0,18.5,65.8,15.8,0.0,0.9,3.4,42.3,27.1,8.9,12.1,5.3,1065.0,73125.0,82611.0,3057.0,167.0,5.5,2890.0,94.5,2821.0,92.3,0.0,0.0,0.0,0.0,28.0,0.9,0.0,0.0,0.0,0.0,41.0,1.3
Liberty High School,Liberty CUSD 2,Liberty,Adams,UNIT,MEDIUM,HIGH SCHOOL,7 - 12,474.2,475.7,27.9,51.2,20.9,0.0,35.7,40.5,23.8,0.0,29.6,59.3,11.1,0.0,42.0,43.0,39.8861857,-91.1070694,505 North Park Street,62347,Adams County,Illinois,17001,010301,17001010301,2022.0,10301.0,Adams County,Illinois,103.0,24.0,27.0,24.0,28.0,1868.0,49.0,51.0,647.0,420.0,263.0,361.0,77.0,23.3,26.2,23.3,27.2,2.6,2.7,34.6,22.5,14.1,19.3,4.1,971.0,90781.0,91633.0,2846.0,0.0,0.0,2846.0,100.0,2828.0,99.4,0.0,0.0,12.0,0.4,0.0,0.0,0.0,0.0,0.0,0.0,6.0,0.2
Liberty Elementary School,Liberty CUSD 2,Liberty,Adams,UNIT,MEDIUM,ELEMENTARY,PK - 6,,,,,,,,,,,,,,,,,39.8860486,-91.10814859999999,505 North Park Street,62347,Adams County,Illinois,17001,010301,17001010301,2022.0,10301.0,Adams County,Illinois,103.0,24.0,27.0,24.0,28.0,1868.0,49.0,51.0,647.0,420.0,263.0,361.0,77.0,23.3,26.2,23.3,27.2,2.6,2.7,34.6,22.5,14.1,19.3,4.1,971.0,90781.0,91633.0,2846.0,0.0,0.0,2846.0,100.0,2828.0,99.4,0.0,0.0,12.0,0.4,0.0,0.0,0.0,0.0,0.0,0.0,6.0,0.2
Central High School,Central CUSD 3,Camp Point,Adams,UNIT,MEDIUM,HIGH SCHOOL,9 - 12,474.9,468.6,30.5,40.7,27.1,1.7,44.1,28.8,25.4,1.7,40.6,37.5,21.9,0.0,59.0,59.0,40.06346130000001,-91.0286892,2110 State Highway 94,62320,Adams County,Illinois,17001,010200,17001010200,2022.0,10200.0,Adams County,Illinois,300.0,20.0,160.0,93.0,27.0,2598.0,33.0,201.0,1052.0,501.0,295.0,394.0,122.0,6.7,53.3,31.0,9.0,1.3,7.7,40.5,19.3,11.4,15.2,4.7,1540.0,57885.0,70563.0,3768.0,96.0,2.5,3672.0,97.5,3620.0,96.1,17.0,0.5,0.0,0.0,5.0,0.1,0.0,0.0,9.0,0.2,21.0,0.6
Central Junior High School,Central CUSD 3,Camp Point,Adams,UNIT,MEDIUM,MIDDLE SCHL,5 - 8,,,,,,,,,,,,,,,,,40.06346130000001,-91.0286892,2110 State Highway 94,62320,Adams County,Illinois,17001,010200,17001010200,2022.0,10200.0,Adams County,Illinois,300.0,20.0,160.0,93.0,27.0,2598.0,33.0,201.0,1052.0,501.0,295.0,394.0,122.0,6.7,53.3,31.0,9.0,1.3,7.7,40.5,19.3,11.4,15.2,4.7,1540.0,57885.0,70563.0,3768.0,96.0,2.5,3672.0,97.5,3620.0,96.1,17.0,0.5,0.0,0.0,5.0,0.1,0.0,0.0,9.0,0.2,21.0,0.6
Central Elementary Grade School,Central CUSD 3,Camp Point,Adams,UNIT,MEDIUM,ELEMENTARY,PK - 2,,,,,,,,,,,,,,,,,40.0443629,-91.0672168,109 School Street,62320,Adams County,Illinois,17001,010200,17001010200,2022.0,10200.0,Adams County,Illinois,300.0,20.0,160.0,93.0,27.0,2598.0,33.0,201.0,1052.0,501.0,295.0,394.0,122.0,6.7,53.3,31.0,9.0,1.3,7.7,40.5,19.3,11.4,15.2,4.7,1540.0,57885.0,70563.0,3768.0,96.0,2.5,3672.0,97.5,3620.0,96.1,17.0,0.5,0.0,0.0,5.0,0.1,0.0,0.0,9.0,0.2,21.0,0.6
Central 3-4 Middle School,Central CUSD 3,Golden,Adams,UNIT,MEDIUM,ELEMENTARY,3 - 4,,,,,,,,,,,,,,,,,40.10856589999999,-91.02329019999999,301 Hanna Street,62339,Adams County,Illinois,17001,010200,17001010200,2022.0,10200.0,Adams County,Illinois,300.0,20.0,160.0,93.0,27.0,2598.0,33.0,201.0,1052.0,501.0,295.0,394.0,122.0,6.7,53.3,31.0,9.0,1.3,7.7,40.5,19.3,11.4,15.2,4.7,1540.0,57885.0,70563.0,3768.0,96.0,2.5,3672.0,97.5,3620.0,96.1,17.0,0.5,0.0,0.0,5.0,0.1,0.0,0.0,9.0,0.2,21.0,0.6
Unity High School,CUSD 4,Mendon,Adams,UNIT,MEDIUM,HIGH SCHOOL,9 - 12,457.3,423.3,37.5,47.5,12.5,2.5,65.0,27.5,5.0,2.5,41.7,41.7,12.5,4.2,40.0,40.0,40.0884906,-91.2910548,453 West Collins Street,62351,Adams County,Illinois,17001,010100,17001010100,2022.0,10100.0,Adams County,Illinois,326.0,47.0,99.0,149.0,31.0,3067.0,31.0,150.0,1141.0,691.0,381.0,507.0,166.0,14.4,30.4,45.7,9.5,1.0,4.9,37.2,22.5,12.4,16.5,5.4,1788.0,74432.0,84826.0,4507.0,62.0,1.4,4445.0,98.6,4353.0,96.6,10.0,0.2,1.0,0.0,0.0,0.0,0.0,0.0,19.0,0.4,62.0,1.4
Unity Elementary School,CUSD 4,Mendon,Adams,UNIT,MEDIUM,ELEMENTARY,PK - 4,,,,,,,,,,,,,,,,,40.0856041,-91.2848891,136 West Washington Street,62351,Adams County,Illinois,17001,010100,17001010100,2022.0,10100.0,Adams County,Illinois,326.0,47.0,99.0,149.0,31.0,3067.0,31.0,150.0,1141.0,691.0,381.0,507.0,166.0,14.4,30.4,45.7,9.5,1.0,4.9,37.2,22.5,12.4,16.5,5.4,1788.0,74432.0,84826.0,4507.0,62.0,1.4,4445.0,98.6,4353.0,96.6,10.0,0.2,1.0,0.0,0.0,0.0,0.0,0.0,19.0,0.4,62.0,1.4
Unity Middle School,CUSD 4,Mendon,Adams,UNIT,MEDIUM,ELEMENTARY,5 - 8,,,,,,,,,,,,,,,,,40.0885338,-91.2900909,453 West Collins Street,62351,Adams County,Illinois,17001,010100,17001010100,2022.0,10100.0,Adams County,Illinois,326.0,47.0,99.0,149.0,31.0,3067.0,31.0,150.0,1141.0,691.0,381.0,507.0,166.0,14.4,30.4,45.7,9.5,1.0,4.9,37.2,22.5,12.4,16.5,5.4,1788.0,74432.0,84826.0,4507.0,62.0,1.4,4445.0,98.6,4353.0,96.6,10.0,0.2,1.0,0.0,0.0,0.0,0.0,0.0,19.0,0.4,62.0,1.4
Quincy Sr High School,Quincy SD 172,Quincy,Adams,UNIT,LARGE,HIGH SCHOOL,9 - 12,472.8,440.9,31.9,45.6,17.2,5.3,59.3,23.7,15.4,1.6,33.6,46.1,14.7,5.5,435.0,436.0,39.93055529999999,-91.36241729999999,3322 Maine Street,62301,Adams County,Illinois,17001,001100,17001001100,2022.0,1100.0,Adams County,Illinois,780.0,83.0,435.0,115.0,147.0,5625.0,122.0,214.0,1272.0,1268.0,458.0,1361.0,930.0,10.6,55.8,14.7,18.8,2.2,3.8,22.6,22.5,8.1,24.2,16.5,3332.0,77200.0,99352.0,8026.0,97.0,1.2,7929.0,98.8,6876.0,85.7,569.0,7.1,0.0,0.0,180.0,2.2,0.0,0.0,10.0,0.1,294.0,3.7
Quincy Jr High School,Quincy SD 172,Quincy,Adams,UNIT,LARGE,MIDDLE SCHL,6 - 8,,,,,,,,,,,,,,,,,39.931177,-91.39506,100 South 14th Street,62301,Adams County,Illinois,17001,000600,17001000600,2022.0,600.0,Adams County,Illinois,334.0,43.0,128.0,120.0,43.0,3064.0,0.0,20.0,794.0,621.0,346.0,691.0,592.0,12.9,38.3,35.9,12.9,0.0,0.7,25.9,20.3,11.3,22.6,19.3,1931.0,70479.0,99507.0,4390.0,61.0,1.4,4329.0,98.6,3990.0,90.9,175.0,4.0,3.0,0.1,17.0,0.4,2.0,0.0,24.0,0.5,118.0,2.7
Sarah Atwater Denman Elementary School,Quincy SD 172,Quincy,Adams,UNIT,LARGE,ELEMENTARY,K - 5,,,,,,,,,,,,,,,,,39.910694,-91.35055709999999,,62305,Adams County,Illinois,17001,001100,17001001100,2022.0,1100.0,Adams County,Illinois,780.0,83.0,435.0,115.0,147.0,5625.0,122.0,214.0,1272.0,1268.0,458.0,1361.0,930.0,10.6,55.8,14.7,18.8,2.2,3.8,22.6,22.5,8.1,24.2,16.5,3332.0,77200.0,99352.0,8026.0,97.0,1.2,7929.0,98.8,6876.0,85.7,569.0,7.1,0.0,0.0,180.0,2.2,0.0,0.0,10.0,0.1,294.0,3.7
Colonel George Iles Elementary School,Quincy SD 172,Quincy,Adams,UNIT,LARGE,ELEMENTARY,K - 5,,,,,,,,,,,,,,,,,39.96904749999999,-91.3976215,3111 North 12th Street,62305,Adams County,Illinois,17001,010500,17001010500,2022.0,10500.0,Adams County,Illinois,101.0,12.0,36.0,29.0,24.0,2287.0,0.0,37.0,761.0,476.0,201.0,454.0,358.0,11.9,35.6,28.7,23.8,0.0,1.6,33.3,20.8,8.8,19.9,15.7,1219.0,94557.0,108118.0,3090.0,20.0,0.6,3070.0,99.4,2993.0,96.9,69.0,2.2,0.0,0.0,8.0,0.3,0.0,0.0,0.0,0.0,0.0,0.0
Thomas S Baldwin Elementary School,Quincy SD 172,Quincy,Adams,UNIT,LARGE,ELEMENTARY,K - 5,,,,,,,,,,,,,,,,,39.930046,-91.36562339999999,3000 Maine Street,62301,Adams County,Illinois,17001,001100,17001001100,2022.0,1100.0,Adams County,Illinois,780.0,83.0,435.0,115.0,147.0,5625.0,122.0,214.0,1272.0,1268.0,458.0,1361.0,930.0,10.6,55.8,14.7,18.8,2.2,3.8,22.6,22.5,8.1,24.2,16.5,3332.0,77200.0,99352.0,8026.0,97.0,1.2,7929.0,98.8,6876.0,85.7,569.0,7.1,0.0,0.0,180.0,2.2,0.0,0.0,10.0,0.1,294.0,3.7
Lincoln-Douglas Elementary School,Quincy SD 172,Quincy,Adams,UNIT,LARGE,ELEMENTARY,K - 5,,,,,,,,,,,,,,,,,39.897891,-91.363676,3211 Payson Road,62305,Adams County,Illinois,17001,001100,17001001100,2022.0,1100.0,Adams County,Illinois,780.0,83.0,435.0,115.0,147.0,5625.0,122.0,214.0,1272.0,1268.0,458.0,1361.0,930.0,10.6,55.8,14.7,18.8,2.2,3.8,22.6,22.5,8.1,24.2,16.5,3332.0,77200.0,99352.0,8026.0,97.0,1.2,7929.0,98.8,6876.0,85.7,569.0,7.1,0.0,0.0,180.0,2.2,0.0,0.0,10.0,0.1,294.0,3.7
Dr. Abby Fox Rooney Elementary School,Quincy SD 172,Quincy,Adams,UNIT,LARGE,ELEMENTARY,K - 5,,,,,,,,,,,,,,,,,39.9446469,-91.33689849999999,4900 Columbus Road,62305,Adams County,Illinois,17001,000100,17001000100,2022.0,100.0,Adams County,Illinois,257.0,0.0,19.0,213.0,25.0,3443.0,23.0,318.0,900.0,874.0,518.0,490.0,320.0,0.0,7.4,82.9,9.7,0.7,9.2,26.1,25.4,15.0,14.2,9.3,2377.0,61595.0,82549.0,4509.0,0.0,0.0,4509.0,100.0,4028.0,89.3,263.0,5.8,0.0,0.0,60.0,1.3,0.0,0.0,0.0,0.0,158.0,3.5
Early Childhood,Quincy SD 172,Quincy,Adams,UNIT,LARGE,ELEMENTARY,PK - K,,,,,,,,,,,,,,,,,39.9276212,-91.4027086,401 South 8th Street,62301,Adams County,Illinois,17001,000900,17001000900,2022.0,900.0,Adams County,Illinois,440.0,41.0,228.0,128.0,43.0,1623.0,19.0,62.0,504.0,388.0,252.0,354.0,44.0,9.3,51.8,29.1,9.8,1.2,3.8,31.1,23.9,15.5,21.8,2.7,1242.0,43548.0,63569.0,2612.0,32.0,1.2,2580.0,98.8,2302.0,88.1,133.0,5.1,0.0,0.0,16.0,0.6,0.0,0.0,0.0,0.0,129.0,4.9
Brown County High School,Brown County CUSD 1,Mount Sterling,Brown,UNIT,MEDIUM,HIGH SCHOOL,9 - 12,501.5,479.4,27.1,31.3,35.4,6.3,35.4,35.4,29.2,0.0,43.5,39.1,13.0,4.3,48.0,48.0,39.9831244,-90.7522741,500 East Main Street,62353,Brown County,Illinois,17009,970500,17009970500,2022.0,970500.0,Brown County,Illinois,453.0,99.0,165.0,189.0,0.0,2983.0,147.0,641.0,1007.0,544.0,248.0,277.0,119.0,21.9,36.4,41.7,0.0,4.9,21.5,33.8,18.2,8.3,9.3,4.0,1074.0,61250.0,73584.0,4054.0,386.0,9.5,3668.0,90.5,2588.0,63.8,1039.0,25.6,10.0,0.2,3.0,0.1,0.0,0.0,0.0,0.0,28.0,0.7
Brown County Middle School,Brown County CUSD 1,Mount Sterling,Brown,UNIT,MEDIUM,MIDDLE SCHL,5 - 8,,,,,,,,,,,,,,,,,39.9824622,-90.7529082,504 East Main Street,62353,Brown County,Illinois,17009,970500,17009970500,2022.0,970500.0,Brown County,Illinois,453.0,99.0,165.0,189.0,0.0,2983.0,147.0,641.0,1007.0,544.0,248.0,277.0,119.0,21.9,36.4,41.7,0.0,4.9,21.5,33.8,18.2,8.3,9.3,4.0,1074.0,61250.0,73584.0,4054.0,386.0,9.5,3668.0,90.5,2588.0,63.8,1039.0,25.6,10.0,0.2,3.0,0.1,0.0,0.0,0.0,0.0,28.0,0.7
Brown County Elementary School,Brown County CUSD 1,Mount Sterling,Brown,UNIT,MEDIUM,ELEMENTARY,PK - 4,,,,,,,,,,,,,,,,,39.9899056,-90.7657509,501 Northwest Cross Street,62353,Brown County,Illinois,17009,970500,17009970500,2022.0,970500.0,Brown County,Illinois,453.0,99.0,165.0,189.0,0.0,2983.0,147.0,641.0,1007.0,544.0,248.0,277.0,119.0,21.9,36.4,41.7,0.0,4.9,21.5,33.8,18.2,8.3,9.3,4.0,1074.0,61250.0,73584.0,4054.0,386.0,9.5,3668.0,90.5,2588.0,63.8,1039.0,25.6,10.0,0.2,3.0,0.1,0.0,0.0,0.0,0.0,28.0,0.7
Beardstown Jr/Sr High School,Beardstown CUSD 15,Beardstown,Cass,UNIT,MEDIUM,HIGH SCHOOL,5 - 12,437.9,421.8,46.4,47.4,5.2,1.0,69.1,23.7,7.2,0.0,50.0,45.8,4.2,0.0,97.0,97.0,40.0074999,-90.4223555,500 East 15th Street,62618,Cass County,Illinois,17017,960300,17017960300,2022.0,960300.0,Cass County,Illinois,190.0,6.0,122.0,62.0,0.0,2047.0,116.0,125.0,858.0,302.0,144.0,397.0,105.0,3.2,64.2,32.6,0.0,5.7,6.1,41.9,14.8,7.0,19.4,5.1,1147.0,71031.0,83142.0,2632.0,377.0,14.3,2255.0,85.7,2253.0,85.6,0.0,0.0,0.0,0.0,0.0,0.0,0.0,0.0,0.0,0.0,2.0,0.1
Gard Elementary School,Beardstown CUSD 15,Beardstown,Cass,UNIT,MEDIUM,ELEMENTARY,K - 4,,,,,,,,,,,,,,,,,40.0075224,-90.4237806,400 East 15th Street,62618,Cass County,Illinois,17017,960300,17017960300,2022.0,960300.0,Cass County,Illinois,190.0,6.0,122.0,62.0,0.0,2047.0,116.0,125.0,858.0,302.0,144.0,397.0,105.0,3.2,64.2,32.6,0.0,5.7,6.1,41.9,14.8,7.0,19.4,5.1,1147.0,71031.0,83142.0,2632.0,377.0,14.3,2255.0,85.7,2253.0,85.6,0.0,0.0,0.0,0.0,0.0,0.0,0.0,0.0,0.0,0.0,2.0,0.1
Grand Ave Sch,Beardstown CUSD 15,Beardstown,Cass,UNIT,MEDIUM,PreK,PK,,,,,,,,,,,,,,,,,40.0064187,-90.4368896,Grand Avenue,62618,Cass County,Illinois,17017,960400,17017960400,2022.0,960400.0,Cass County,Illinois,218.0,61.0,106.0,47.0,4.0,1795.0,111.0,157.0,759.0,329.0,75.0,262.0,102.0,28.0,48.6,21.6,1.8,6.2,8.7,42.3,18.3,4.2,14.6,5.7,984.0,52209.0,65347.0,2877.0,809.0,28.1,2068.0,71.9,1609.0,55.9,223.0,7.8,0.0,0.0,24.0,0.8,100.0,3.5,10.0,0.3,102.0,3.5
Virginia Jr/ Sr High School,Virginia CUSD 64,Virginia,Cass,UNIT,SMALL,HIGH SCHOOL,6 - 12,466.7,453.3,27.8,55.6,16.7,0.0,55.6,27.8,16.7,0.0,,,,,18.0,18.0,39.9464836,-90.21823119999999,651 South Morgan Street,62691,Cass County,Illinois,17017,960200,17017960200,2022.0,960200.0,Cass County,Illinois,177.0,38.0,82.0,43.0,14.0,1881.0,41.0,100.0,819.0,348.0,154.0,339.0,80.0,21.5,46.3,24.3,7.9,2.2,5.3,43.5,18.5,8.2,18.0,4.3,1090.0,59231.0,79626.0,2623.0,32.0,1.2,2591.0,98.8,2540.0,96.8,27.0,1.0,0.0,0.0,1.0,0.0,1.0,0.0,0.0,0.0,22.0,0.8
Virginia Elem School,Virginia CUSD 64,Virginia,Cass,UNIT,SMALL,ELEMENTARY,PK - 5,,,,,,,,,,,,,,,,,39.9464836,-90.21823119999999,651 South Morgan Street,62691,Cass County,Illinois,17017,960200,17017960200,2022.0,960200.0,Cass County,Illinois,177.0,38.0,82.0,43.0,14.0,1881.0,41.0,100.0,819.0,348.0,154.0,339.0,80.0,21.5,46.3,24.3,7.9,2.2,5.3,43.5,18.5,8.2,18.0,4.3,1090.0,59231.0,79626.0,2623.0,32.0,1.2,2591.0,98.8,2540.0,96.8,27.0,1.0,0.0,0.0,1.0,0.0,1.0,0.0,0.0,0.0,22.0,0.8
A-C Central High School,A-C Central CUSD 262,Ashland,Cass,UNIT,SMALL,HIGH SCHOOL,9 - 12,512.5,477.9,17.9,53.6,21.4,7.1,42.9,25.0,28.6,3.6,20.0,66.7,0.0,13.3,28.0,28.0,39.8926467,-90.01272159999999,601 West Buchanan Street,62612,Cass County,Illinois,17017,960100,17017960100,2022.0,960100.0,Cass County,Illinois,160.0,29.0,84.0,43.0,4.0,1468.0,61.0,97.0,629.0,254.0,159.0,177.0,91.0,18.1,52.5,26.9,2.5,4.2,6.6,42.8,17.3,10.8,12.1,6.2,930.0,60714.0,75586.0,2101.0,16.0,0.8,2085.0,99.2,2012.0,95.8,23.0,1.1,19.0,0.9,0.0,0.0,0.0,0.0,0.0,0.0,31.0,1.5
A-C Central Middle School,A-C Central CUSD 262,Ashland,Cass,UNIT,SMALL,MIDDLE SCHL,5 - 8,,,,,,,,,,,,,,,,,39.8926467,-90.01272159999999,601 West Buchanan Street,62612,Cass County,Illinois,17017,960100,17017960100,2022.0,960100.0,Cass County,Illinois,160.0,29.0,84.0,43.0,4.0,1468.0,61.0,97.0,629.0,254.0,159.0,177.0,91.0,18.1,52.5,26.9,2.5,4.2,6.6,42.8,17.3,10.8,12.1,6.2,930.0,60714.0,75586.0,2101.0,16.0,0.8,2085.0,99.2,2012.0,95.8,23.0,1.1,19.0,0.9,0.0,0.0,0.0,0.0,0.0,0.0,31.0,1.5
A-C Central Elementary School,A-C Central CUSD 262,Chandlerville,Cass,UNIT,SMALL,ELEMENTARY,PK - 4,,,,,,,,,,,,,,,,,40.0476062,-90.14908729999999,191 Bluff Street,62627,Cass County,Illinois,17017,960100,17017960100,2022.0,960100.0,Cass County,Illinois,160.0,29.0,84.0,43.0,4.0,1468.0,61.0,97.0,629.0,254.0,159.0,177.0,91.0,18.1,52.5,26.9,2.5,4.2,6.6,42.8,17.3,10.8,12.1,6.2,930.0,60714.0,75586.0,2101.0,16.0,0.8,2085.0,99.2,2012.0,95.8,23.0,1.1,19.0,0.9,0.0,0.0,0.0,0.0,0.0,0.0,31.0,1.5
Franklin Jr/Sr High School,Franklin CUSD 1,Franklin,Morgan,UNIT,SMALL,HIGH SCHOOL,6 - 12,441.7,425.0,10.0,60.0,10.0,20.0,30.0,30.0,40.0,0.0,,,,,12.0,12.0,39.623455,-90.0469665,110 State Street,62638,Morgan County,Illinois,17137,952300,17137952300,2022.0,952300.0,Morgan County,Illinois,286.0,47.0,144.0,72.0,23.0,2241.0,50.0,106.0,1019.0,455.0,172.0,299.0,140.0,16.4,50.3,25.2,8.0,2.2,4.7,45.5,20.3,7.7,13.3,6.2,1284.0,68397.0,94804.0,3442.0,141.0,4.1,3301.0,95.9,3198.0,92.9,31.0,0.9,0.0,0.0,42.0,1.2,0.0,0.0,0.0,0.0,30.0,0.9
Franklin East Grade School,Franklin CUSD 1,Franklin,Morgan,UNIT,SMALL,ELEMENTARY,PK - 2,,,,,,,,,,,,,,,,,39.6227993,-90.04454710000002,412 East Wyatt Avenue,62638,Morgan County,Illinois,17137,952300,17137952300,2022.0,952300.0,Morgan County,Illinois,286.0,47.0,144.0,72.0,23.0,2241.0,50.0,106.0,1019.0,455.0,172.0,299.0,140.0,16.4,50.3,25.2,8.0,2.2,4.7,45.5,20.3,7.7,13.3,6.2,1284.0,68397.0,94804.0,3442.0,141.0,4.1,3301.0,95.9,3198.0,92.9,31.0,0.9,0.0,0.0,42.0,1.2,0.0,0.0,0.0,0.0,30.0,0.9
Franklin Elementary School,Franklin CUSD 1,Franklin,Morgan,UNIT,SMALL,ELEMENTARY,3 - 5,,,,,,,,,,,,,,,,,39.6104603,-90.11206960000001,,N/A,Morgan County,Illinois,17137,952200,17137952200,2022.0,952200.0,Morgan County,Illinois,158.0,59.0,62.0,34.0,3.0,2245.0,4.0,156.0,1025.0,354.0,111.0,356.0,239.0,37.3,39.2,21.5,1.9,0.2,6.9,45.7,15.8,4.9,15.9,10.6,1218.0,75795.0,87162.0,2949.0,7.0,0.2,2942.0,99.8,2847.0,96.5,36.0,1.2,4.0,0.1,15.0,0.5,0.0,0.0,0.0,0.0,40.0,1.4
Waverly Junior/Senior High School,Waverly CUSD 6,Waverly,Morgan,UNIT,SMALL,HIGH SCHOOL,7 - 12,503.9,518.9,11.1,50.0,22.2,16.7,22.2,44.4,27.8,5.6,,,,,18.0,18.0,39.5926856,-89.9603042,201 North Miller Street,62692,Morgan County,Illinois,17137,952300,17137952300,2022.0,952300.0,Morgan County,Illinois,286.0,47.0,144.0,72.0,23.0,2241.0,50.0,106.0,1019.0,455.0,172.0,299.0,140.0,16.4,50.3,25.2,8.0,2.2,4.7,45.5,20.3,7.7,13.3,6.2,1284.0,68397.0,94804.0,3442.0,141.0,4.1,3301.0,95.9,3198.0,92.9,31.0,0.9,0.0,0.0,42.0,1.2,0.0,0.0,0.0,0.0,30.0,0.9
Waverly Elementary School,Waverly CUSD 6,Waverly,Morgan,UNIT,SMALL,ELEMENTARY,PK - 6,,,,,,,,,,,,,,,,,39.5915908,-89.96232479999999,499 West Elm Street,62692,Morgan County,Illinois,17137,952300,17137952300,2022.0,952300.0,Morgan County,Illinois,286.0,47.0,144.0,72.0,23.0,2241.0,50.0,106.0,1019.0,455.0,172.0,299.0,140.0,16.4,50.3,25.2,8.0,2.2,4.7,45.5,20.3,7.7,13.3,6.2,1284.0,68397.0,94804.0,3442.0,141.0,4.1,3301.0,95.9,3198.0,92.9,31.0,0.9,0.0,0.0,42.0,1.2,0.0,0.0,0.0,0.0,30.0,0.9
Meredosia-Chambersburg High Sch,Meredosia-Chambersburg CUSD 11,Meredosia,Morgan,UNIT,SMALL,HIGH SCHOOL,9 - 12,469.0,419.0,20.0,60.0,20.0,0.0,60.0,30.0,10.0,0.0,,,,,10.0,10.0,39.8314704,-90.55438989999999,830 Main Street,62665,Morgan County,Illinois,17137,951400,17137951400,2022.0,951400.0,Morgan County,Illinois,154.0,56.0,67.0,31.0,0.0,1737.0,52.0,114.0,827.0,356.0,185.0,125.0,78.0,36.4,43.5,20.1,0.0,3.0,6.6,47.6,20.5,10.7,7.2,4.5,1019.0,57399.0,73289.0,2420.0,52.0,2.1,2368.0,97.9,2295.0,94.8,0.0,0.0,0.0,0.0,0.0,0.0,0.0,0.0,0.0,0.0,73.0,3.0
Meredosia-Chambersburg Jr High,Meredosia-Chambersburg CUSD 11,Meredosia,Morgan,UNIT,SMALL,MIDDLE SCHL,6 - 8,,,,,,,,,,,,,,,,,39.83606,-90.5446912,,N/A,N/A,Illinois,,951400,,,,,,,,,,,,,,,,,,,,,,,,,,,,,,,,,,,,,,,,,,,,,,,,,,,
Meredosia-Chambersburg Elem Sch,Meredosia-Chambersburg CUSD 11,Meredosia,Morgan,UNIT,SMALL,ELEMENTARY,PK - 5,,,,,,,,,,,,,,,,,39.830348,-90.5568491,623 Main Street,62665,Morgan County,Illinois,17137,951400,17137951400,2022.0,951400.0,Morgan County,Illinois,154.0,56.0,67.0,31.0,0.0,1737.0,52.0,114.0,827.0,356.0,185.0,125.0,78.0,36.4,43.5,20.1,0.0,3.0,6.6,47.6,20.5,10.7,7.2,4.5,1019.0,57399.0,73289.0,2420.0,52.0,2.1,2368.0,97.9,2295.0,94.8,0.0,0.0,0.0,0.0,0.0,0.0,0.0,0.0,0.0,0.0,73.0,3.0
Triopia Jr-Sr High School,Triopia CUSD 27,Concord,Morgan,UNIT,SMALL,HIGH SCHOOL,7 - 12,516.8,503.2,8.0,56.0,32.0,4.0,20.0,52.0,28.0,0.0,0.0,53.8,38.5,7.7,25.0,25.0,39.8406508,-90.372008,2204 Concord Arenzville Road,62631,Morgan County,Illinois,17137,951400,17137951400,2022.0,951400.0,Morgan County,Illinois,154.0,56.0,67.0,31.0,0.0,1737.0,52.0,114.0,827.0,356.0,185.0,125.0,78.0,36.4,43.5,20.1,0.0,3.0,6.6,47.6,20.5,10.7,7.2,4.5,1019.0,57399.0,73289.0,2420.0,52.0,2.1,2368.0,97.9,2295.0,94.8,0.0,0.0,0.0,0.0,0.0,0.0,0.0,0.0,0.0,0.0,73.0,3.0
Triopia Grade School,Triopia CUSD 27,Concord,Morgan,UNIT,SMALL,ELEMENTARY,PK - 6,,,,,,,,,,,,,,,,,39.8414066,-90.3719812,2206 Concord Arenzville Road,62631,Morgan County,Illinois,17137,951400,17137951400,2022.0,951400.0,Morgan County,Illinois,154.0,56.0,67.0,31.0,0.0,1737.0,52.0,114.0,827.0,356.0,185.0,125.0,78.0,36.4,43.5,20.1,0.0,3.0,6.6,47.6,20.5,10.7,7.2,4.5,1019.0,57399.0,73289.0,2420.0,52.0,2.1,2368.0,97.9,2295.0,94.8,0.0,0.0,0.0,0.0,0.0,0.0,0.0,0.0,0.0,0.0,73.0,3.0
Jacksonville High School,Jacksonville SD 117,Jacksonville,Morgan,UNIT,LARGE,HIGH SCHOOL,9 - 12,466.1,446.0,32.6,46.6,18.1,2.6,55.4,27.5,17.1,0.0,36.3,44.1,17.6,2.0,193.0,193.0,39.750431,-90.24005000000001,1211 North Diamond Street,62650,Morgan County,Illinois,17137,951700,17137951700,2022.0,951700.0,Morgan County,Illinois,116.0,19.0,66.0,0.0,31.0,1776.0,81.0,107.0,900.0,371.0,164.0,126.0,27.0,16.4,56.9,0.0,26.7,4.6,6.0,50.7,20.9,9.2,7.1,1.5,904.0,40875.0,55878.0,2448.0,53.0,2.2,2395.0,97.8,2188.0,89.4,199.0,8.1,0.0,0.0,0.0,0.0,0.0,0.0,0.0,0.0,8.0,0.3
Jacksonville Middle School,Jacksonville SD 117,Jacksonville,Morgan,UNIT,LARGE,MIDDLE SCHL,6 - 8,,,,,,,,,,,,,,,,,39.7252166,-90.24718999999999,664 Lincoln Avenue,62650,Morgan County,Illinois,17137,951800,17137951800,2022.0,951800.0,Morgan County,Illinois,1480.0,273.0,340.0,814.0,53.0,2237.0,25.0,184.0,569.0,508.0,142.0,542.0,267.0,18.4,23.0,55.0,3.6,1.1,8.2,25.4,22.7,6.3,24.2,11.9,1476.0,63696.0,79897.0,4372.0,179.0,4.1,4193.0,95.9,3492.0,79.9,279.0,6.4,10.0,0.2,86.0,2.0,0.0,0.0,12.0,0.3,314.0,7.2
Eisenhower Elem School,Jacksonville SD 117,Jacksonville,Morgan,UNIT,LARGE,ELEMENTARY,K - 5,,,,,,,,,,,,,,,,,39.6927968,-90.26200419999999,,N/A,Morgan County,Illinois,17137,952100,17137952100,2022.0,952100.0,Morgan County,Illinois,278.0,35.0,97.0,121.0,25.0,2518.0,36.0,146.0,950.0,532.0,181.0,442.0,231.0,12.6,34.9,43.5,9.0,1.4,5.8,37.7,21.1,7.2,17.6,9.2,1705.0,54427.0,69035.0,3490.0,0.0,0.0,3490.0,100.0,3222.0,92.3,116.0,3.3,6.0,0.2,36.0,1.0,0.0,0.0,0.0,0.0,110.0,3.2
Washington Elem School,Jacksonville SD 117,Jacksonville,Morgan,UNIT,LARGE,ELEMENTARY,K - 5,,,,,,,,,,,,,,,,,39.7298311,-90.2358264,524 South Kosciusko Street,62650,Morgan County,Illinois,17137,951800,17137951800,2022.0,951800.0,Morgan County,Illinois,1480.0,273.0,340.0,814.0,53.0,2237.0,25.0,184.0,569.0,508.0,142.0,542.0,267.0,18.4,23.0,55.0,3.6,1.1,8.2,25.4,22.7,6.3,24.2,11.9,1476.0,63696.0,79897.0,4372.0,179.0,4.1,4193.0,95.9,3492.0,79.9,279.0,6.4,10.0,0.2,86.0,2.0,0.0,0.0,12.0,0.3,314.0,7.2
Lincoln Elem School,Jacksonville SD 117,Jacksonville,Morgan,UNIT,LARGE,ELEMENTARY,K - 5,,,,,,,,,,,,,,,,,39.7419673,-90.23234819999999,320 West Independence Avenue,62650,Morgan County,Illinois,17137,951700,17137951700,2022.0,951700.0,Morgan County,Illinois,116.0,19.0,66.0,0.0,31.0,1776.0,81.0,107.0,900.0,371.0,164.0,126.0,27.0,16.4,56.9,0.0,26.7,4.6,6.0,50.7,20.9,9.2,7.1,1.5,904.0,40875.0,55878.0,2448.0,53.0,2.2,2395.0,97.8,2188.0,89.4,199.0,8.1,0.0,0.0,0.0,0.0,0.0,0.0,0.0,0.0,8.0,0.3
South Jacksonville Elem School,Jacksonville SD 117,South Jacksonville,Morgan,UNIT,LARGE,ELEMENTARY,K - 5,,,,,,,,,,,,,,,,,39.709934,-90.2314533,1700 South West Street,62650,Morgan County,Illinois,17137,952100,17137952100,2022.0,952100.0,Morgan County,Illinois,278.0,35.0,97.0,121.0,25.0,2518.0,36.0,146.0,950.0,532.0,181.0,442.0,231.0,12.6,34.9,43.5,9.0,1.4,5.8,37.7,21.1,7.2,17.6,9.2,1705.0,54427.0,69035.0,3490.0,0.0,0.0,3490.0,100.0,3222.0,92.3,116.0,3.3,6.0,0.2,36.0,1.0,0.0,0.0,0.0,0.0,110.0,3.2
North Jacksonville School,Jacksonville SD 117,Jacksonville,Morgan,UNIT,LARGE,ELEMENTARY,K - 5,,,,,,,,,,,,,,,,,39.7606668,-90.2281713,1626 Illinois 78,62650,Morgan County,Illinois,17137,951500,17137951500,2022.0,951500.0,Morgan County,Illinois,175.0,18.0,83.0,50.0,24.0,2025.0,154.0,154.0,694.0,368.0,161.0,289.0,205.0,10.3,47.4,28.6,13.7,7.6,7.6,34.3,18.2,8.0,14.3,10.1,1041.0,81406.0,99474.0,2655.0,49.0,1.8,2606.0,98.2,2580.0,97.2,11.0,0.4,0.0,0.0,0.0,0.0,0.0,0.0,0.0,0.0,15.0,0.6
Murrayville-Woodson Elem School,Jacksonville SD 117,Murrayville,Morgan,UNIT,LARGE,ELEMENTARY,K - 5,,,,,,,,,,,,,,,,,39.5848332,-90.2483074,307 Masters Street,62668,Morgan County,Illinois,17137,952200,17137952200,2022.0,952200.0,Morgan County,Illinois,158.0,59.0,62.0,34.0,3.0,2245.0,4.0,156.0,1025.0,354.0,111.0,356.0,239.0,37.3,39.2,21.5,1.9,0.2,6.9,45.7,15.8,4.9,15.9,10.6,1218.0,75795.0,87162.0,2949.0,7.0,0.2,2942.0,99.8,2847.0,96.5,36.0,1.2,4.0,0.1,15.0,0.5,0.0,0.0,0.0,0.0,40.0,1.4
The Early Years,Jacksonville SD 117,Jacksonville,Morgan,UNIT,LARGE,PreK,PK,,,,,,,,,,,,,,,,,39.7359517,-90.2358264,516 Jordan Street,62650,Morgan County,Illinois,17137,951800,17137951800,2022.0,951800.0,Morgan County,Illinois,1480.0,273.0,340.0,814.0,53.0,2237.0,25.0,184.0,569.0,508.0,142.0,542.0,267.0,18.4,23.0,55.0,3.6,1.1,8.2,25.4,22.7,6.3,24.2,11.9,1476.0,63696.0,79897.0,4372.0,179.0,4.1,4193.0,95.9,3492.0,79.9,279.0,6.4,10.0,0.2,86.0,2.0,0.0,0.0,12.0,0.3,314.0,7.2
Pleasant Hill High School,Pleasant Hill CUSD 3,Pleasant Hill,Pike,UNIT,SMALL,HIGH SCHOOL,9 - 12,431.9,411.9,66.7,19.0,9.5,4.8,71.4,14.3,14.3,0.0,60.0,20.0,13.3,6.7,21.0,21.0,39.4410208,-90.8683035,501 East Quincy Street,62366,Pike County,Illinois,17149,952600,17149952600,2022.0,952600.0,Pike County,Illinois,205.0,45.0,83.0,68.0,9.0,1736.0,22.0,102.0,753.0,396.0,137.0,238.0,88.0,22.0,40.5,33.2,4.4,1.3,5.9,43.4,22.8,7.9,13.7,5.1,951.0,64453.0,76933.0,2800.0,16.0,0.6,2784.0,99.4,2739.0,97.8,10.0,0.4,2.0,0.1,8.0,0.3,0.0,0.0,0.0,0.0,25.0,0.9
Pleasant Hill Elem School,Pleasant Hill CUSD 3,Pleasant Hill,Pike,UNIT,SMALL,ELEMENTARY,PK - 8,,,,,,,,,,,,,,,,,39.4397131,-90.870037,319 East Mosier Street,62366,Pike County,Illinois,17149,952600,17149952600,2022.0,952600.0,Pike County,Illinois,205.0,45.0,83.0,68.0,9.0,1736.0,22.0,102.0,753.0,396.0,137.0,238.0,88.0,22.0,40.5,33.2,4.4,1.3,5.9,43.4,22.8,7.9,13.7,5.1,951.0,64453.0,76933.0,2800.0,16.0,0.6,2784.0,99.4,2739.0,97.8,10.0,0.4,2.0,0.1,8.0,0.3,0.0,0.0,0.0,0.0,25.0,0.9
Griggsville-Perry High School,Griggsville-Perry CUSD 4,Griggsville,Pike,UNIT,SMALL,HIGH SCHOOL,9 - 12,470.7,447.9,14.3,64.3,21.4,0.0,64.3,21.4,14.3,0.0,,,,,14.0,14.0,39.7728701,-90.7913227,,N/A,Pike County,Illinois,17149,952400,17149952400,2022.0,952400.0,Pike County,Illinois,336.0,85.0,149.0,90.0,12.0,2160.0,37.0,136.0,917.0,510.0,232.0,203.0,125.0,25.3,44.3,26.8,3.6,1.7,6.3,42.5,23.6,10.7,9.4,5.8,1284.0,49083.0,68344.0,3061.0,58.0,1.9,3003.0,98.1,2809.0,91.8,23.0,0.8,0.0,0.0,6.0,0.2,88.0,2.9,9.0,0.3,68.0,2.2
Griggsville-Perry Middle School,Griggsville-Perry CUSD 4,Perry,Pike,UNIT,SMALL,MIDDLE SCHL,5 - 8,,,,,,,,,,,,,,,,,39.78477880000001,-90.7441318,201 East North Street,62362,Pike County,Illinois,17149,952400,17149952400,2022.0,952400.0,Pike County,Illinois,336.0,85.0,149.0,90.0,12.0,2160.0,37.0,136.0,917.0,510.0,232.0,203.0,125.0,25.3,44.3,26.8,3.6,1.7,6.3,42.5,23.6,10.7,9.4,5.8,1284.0,49083.0,68344.0,3061.0,58.0,1.9,3003.0,98.1,2809.0,91.8,23.0,0.8,0.0,0.0,6.0,0.2,88.0,2.9,9.0,0.3,68.0,2.2
Griggsville-Perry Primary School,Griggsville-Perry CUSD 4,Griggsville,Pike,UNIT,SMALL,ELEMENTARY,PK - 4,,,,,,,,,,,,,,,,,39.7102109,-90.72477099999999,202 North Stanford Street,62340,Pike County,Illinois,17149,952400,17149952400,2022.0,952400.0,Pike County,Illinois,336.0,85.0,149.0,90.0,12.0,2160.0,37.0,136.0,917.0,510.0,232.0,203.0,125.0,25.3,44.3,26.8,3.6,1.7,6.3,42.5,23.6,10.7,9.4,5.8,1284.0,49083.0,68344.0,3061.0,58.0,1.9,3003.0,98.1,2809.0,91.8,23.0,0.8,0.0,0.0,6.0,0.2,88.0,2.9,9.0,0.3,68.0,2.2
Pittsfield High School,Pikeland CUSD 10,Pittsfield,Pike,UNIT,MEDIUM,HIGH SCHOOL,9 - 12,491.3,463.6,20.0,52.7,21.8,5.5,50.9,27.3,20.0,1.8,26.9,46.2,19.2,7.7,55.0,55.0,39.6000518,-90.8053207,201 East Higbee Street,62363,Pike County,Illinois,17149,952700,17149952700,2022.0,952700.0,Pike County,Illinois,211.0,35.0,101.0,67.0,8.0,3197.0,52.0,186.0,1166.0,754.0,289.0,603.0,147.0,16.6,47.9,31.8,3.8,1.6,5.8,36.5,23.6,9.0,18.9,4.6,1849.0,52521.0,66780.0,4309.0,64.0,1.5,4245.0,98.5,4098.0,95.1,65.0,1.5,0.0,0.0,23.0,0.5,0.0,0.0,0.0,0.0,59.0,1.4
Pittsfield South Elem School,Pikeland CUSD 10,Pittsfield,Pike,UNIT,MEDIUM,ELEMENTARY,PK - 2,,,,,,,,,,,,,,,,,39.5991462,-90.8102083,,62363,Pike County,Illinois,17149,952700,17149952700,2022.0,952700.0,Pike County,Illinois,211.0,35.0,101.0,67.0,8.0,3197.0,52.0,186.0,1166.0,754.0,289.0,603.0,147.0,16.6,47.9,31.8,3.8,1.6,5.8,36.5,23.6,9.0,18.9,4.6,1849.0,52521.0,66780.0,4309.0,64.0,1.5,4245.0,98.5,4098.0,95.1,65.0,1.5,0.0,0.0,23.0,0.5,0.0,0.0,0.0,0.0,59.0,1.4
Pikeland Community School,Pikeland CUSD 10,Pittsfield,Pike,UNIT,MEDIUM,ELEMENTARY,3 - 8,,,,,,,,,,,,,,,,,39.5957847,-90.80307479999999,601 Piper Lane,62363,Pike County,Illinois,17149,952700,17149952700,2022.0,952700.0,Pike County,Illinois,211.0,35.0,101.0,67.0,8.0,3197.0,52.0,186.0,1166.0,754.0,289.0,603.0,147.0,16.6,47.9,31.8,3.8,1.6,5.8,36.5,23.6,9.0,18.9,4.6,1849.0,52521.0,66780.0,4309.0,64.0,1.5,4245.0,98.5,4098.0,95.1,65.0,1.5,0.0,0.0,23.0,0.5,0.0,0.0,0.0,0.0,59.0,1.4
Western High School,Western CUSD 12,Barry,Pike,UNIT,MEDIUM,HIGH SCHOOL,9 - 12,467.2,451.6,36.0,44.0,20.0,0.0,52.0,28.0,20.0,0.0,,,,,25.0,25.0,39.6971968,-91.044325,401 McDonough Street,62312,Pike County,Illinois,17149,952500,17149952500,2022.0,952500.0,Pike County,Illinois,197.0,31.0,110.0,38.0,18.0,1782.0,38.0,120.0,751.0,436.0,155.0,190.0,92.0,15.7,55.8,19.3,9.1,2.1,6.7,42.1,24.5,8.7,10.7,5.2,977.0,59279.0,68692.0,2573.0,54.0,2.1,2519.0,97.9,2482.0,96.5,3.0,0.1,0.0,0.0,7.0,0.3,0.0,0.0,4.0,0.2,23.0,0.9
Western Jr High School,Western CUSD 12,Kinderhook,Pike,UNIT,MEDIUM,MIDDLE SCHL,PK - 8,,,,,,,,,,,,,,,,,39.7031091,-91.14797469999999,300 Chaney Street,62345,Pike County,Illinois,17149,952500,17149952500,2022.0,952500.0,Pike County,Illinois,197.0,31.0,110.0,38.0,18.0,1782.0,38.0,120.0,751.0,436.0,155.0,190.0,92.0,15.7,55.8,19.3,9.1,2.1,6.7,42.1,24.5,8.7,10.7,5.2,977.0,59279.0,68692.0,2573.0,54.0,2.1,2519.0,97.9,2482.0,96.5,3.0,0.1,0.0,0.0,7.0,0.3,0.0,0.0,4.0,0.2,23.0,0.9
Western Barry Elem,Western CUSD 12,Barry,Pike,UNIT,MEDIUM,ELEMENTARY,K - 5,,,,,,,,,,,,,,,,,39.6879305,-91.09693999999999,,N/A,Pike County,Illinois,17149,952500,17149952500,2022.0,952500.0,Pike County,Illinois,197.0,31.0,110.0,38.0,18.0,1782.0,38.0,120.0,751.0,436.0,155.0,190.0,92.0,15.7,55.8,19.3,9.1,2.1,6.7,42.1,24.5,8.7,10.7,5.2,977.0,59279.0,68692.0,2573.0,54.0,2.1,2519.0,97.9,2482.0,96.5,3.0,0.1,0.0,0.0,7.0,0.3,0.0,0.0,4.0,0.2,23.0,0.9
Winchester High School,Winchester CUSD 1,Winchester,Scott,UNIT,MEDIUM,HIGH SCHOOL,9 - 12,480.0,457.0,24.2,57.6,18.2,0.0,45.5,33.3,21.2,0.0,25.0,58.3,16.7,0.0,33.0,33.0,39.6275071,-90.4595794,200 West Cross Street,62694,Scott County,Illinois,17171,"Error: HTTPSConnectionPool(host='geocoding.geo.census.gov', port=443): Read timed out. (read timeout=5)","17171Error: HTTPSConnectionPool(host='geocoding.geo.census.gov', port=443): Read timed out. (read timeout=5)",,,,,,,,,,,,,,,,,,,,,,,,,,,,,,,,,,,,,,,,,,,,,,,,,,
Winchester Elem School,Winchester CUSD 1,Winchester,Scott,UNIT,MEDIUM,ELEMENTARY,PK - 8,,,,,,,,,,,,,,,,,39.6247634,-90.4609985,283 South Elm Street,62694,Scott County,Illinois,17171,"Error: HTTPSConnectionPool(host='geocoding.geo.census.gov', port=443): Read timed out. (read timeout=5)","17171Error: HTTPSConnectionPool(host='geocoding.geo.census.gov', port=443): Read timed out. (read timeout=5)",,,,,,,,,,,,,,,,,,,,,,,,,,,,,,,,,,,,,,,,,,,,,,,,,,
Bluffs High School,Scott-Morgan CUSD 2,Bluffs,Scott,UNIT,SMALL,HIGH SCHOOL,9 - 12,435.0,404.2,41.7,58.3,0.0,0.0,66.7,33.3,0.0,0.0,,,,,12.0,12.0,39.7519902,-90.53512580000002,,62621,Scott County,Illinois,17171,"Error: HTTPSConnectionPool(host='geocoding.geo.census.gov', port=443): Read timed out. (read timeout=5)","17171Error: HTTPSConnectionPool(host='geocoding.geo.census.gov', port=443): Read timed out. (read timeout=5)",,,,,,,,,,,,,,,,,,,,,,,,,,,,,,,,,,,,,,,,,,,,,,,,,,
Bluffs Junior High School,Scott-Morgan CUSD 2,Bluffs,Scott,UNIT,SMALL,MIDDLE SCHL,6 - 8,,,,,,,,,,,,,,,,,41.4947122,-88.7686382,,N/A,LaSalle County,Illinois,17099,"Error: HTTPSConnectionPool(host='geocoding.geo.census.gov', port=443): Max retries exceeded with url: /geocoder/geographies/coordinates?x=-88.7686382&y=41.4947122&benchmark=Public_AR_Current&vintage=Current_Current&layers=10&format=json (Caused by ConnectTimeoutError(<urllib3.connection.HTTPSConnection object at 0x70c7fcbd3350>, 'Connection to geocoding.geo.census.gov timed out. (connect timeout=5)'))","17099Error: HTTPSConnectionPool(host='geocoding.geo.census.gov', port=443): Max retries exceeded with url: /geocoder/geographies/coordinates?x=-88.7686382&y=41.4947122&benchmark=Public_AR_Current&vintage=Current_Current&layers=10&format=json (Caused by ConnectTimeoutError(<urllib3.connection.HTTPSConnection object at 0x70c7fcbd3350>, 'Connection to geocoding.geo.census.gov timed out. (connect timeout=5)'))",,,,,,,,,,,,,,,,,,,,,,,,,,,,,,,,,,,,,,,,,,,,,,,,,,
Bluffs Elementary School,Scott-Morgan CUSD 2,Bluffs,Scott,UNIT,SMALL,ELEMENTARY,PK - 5,,,,,,,,,,,,,,,,,41.4947122,-88.7686382,,N/A,LaSalle County,Illinois,17099,"Error: HTTPSConnectionPool(host='geocoding.geo.census.gov', port=443): Max retries exceeded with url: /geocoder/geographies/coordinates?x=-88.7686382&y=41.4947122&benchmark=Public_AR_Current&vintage=Current_Current&layers=10&format=json (Caused by ConnectTimeoutError(<urllib3.connection.HTTPSConnection object at 0x70c7fca05580>, 'Connection to geocoding.geo.census.gov timed out. (connect timeout=5)'))","17099Error: HTTPSConnectionPool(host='geocoding.geo.census.gov', port=443): Max retries exceeded with url: /geocoder/geographies/coordinates?x=-88.7686382&y=41.4947122&benchmark=Public_AR_Current&vintage=Current_Current&layers=10&format=json (Caused by ConnectTimeoutError(<urllib3.connection.HTTPSConnection object at 0x70c7fca05580>, 'Connection to geocoding.geo.census.gov timed out. (connect timeout=5)'))",,,,,,,,,,,,,,,,,,,,,,,,,,,,,,,,,,,,,,,,,,,,,,,,,,
Mulberry Grove Sr High School,Mulberry Grove CUSD 1,Mulberry Grove,Bond,UNIT,SMALL,HIGH SCHOOL,9 - 12,437.4,439.1,34.8,56.5,8.7,0.0,52.2,43.5,4.3,0.0,46.7,46.7,6.7,0.0,23.0,23.0,38.924212,-89.27752749999999,801 West Wall Street,62262,Bond County,Illinois,17005,"Error: HTTPSConnectionPool(host='geocoding.geo.census.gov', port=443): Max retries exceeded with url: /geocoder/geographies/coordinates?x=-89.27752749999999&y=38.924212&benchmark=Public_AR_Current&vintage=Current_Current&layers=10&format=json (Caused by ConnectTimeoutError(<urllib3.connection.HTTPSConnection object at 0x70c7fca07f50>, 'Connection to geocoding.geo.census.gov timed out. (connect timeout=5)'))","17005Error: HTTPSConnectionPool(host='geocoding.geo.census.gov', port=443): Max retries exceeded with url: /geocoder/geographies/coordinates?x=-89.27752749999999&y=38.924212&benchmark=Public_AR_Current&vintage=Current_Current&layers=10&format=json (Caused by ConnectTimeoutError(<urllib3.connection.HTTPSConnection object at 0x70c7fca07f50>, 'Connection to geocoding.geo.census.gov timed out. (connect timeout=5)'))",,,,,,,,,,,,,,,,,,,,,,,,,,,,,,,,,,,,,,,,,,,,,,,,,,
Mulberry Grove Jr High School,Mulberry Grove CUSD 1,Mulberry Grove,Bond,UNIT,SMALL,MIDDLE SCHL,6 - 8,,,,,,,,,,,,,,,,,38.9240368,-89.2773778,801 West Wall Street,62262,Bond County,Illinois,17005,"Error: HTTPSConnectionPool(host='geocoding.geo.census.gov', port=443): Max retries exceeded with url: /geocoder/geographies/coordinates?x=-89.2773778&y=38.9240368&benchmark=Public_AR_Current&vintage=Current_Current&layers=10&format=json (Caused by ConnectTimeoutError(<urllib3.connection.HTTPSConnection object at 0x70c7fca05d90>, 'Connection to geocoding.geo.census.gov timed out. (connect timeout=5)'))","17005Error: HTTPSConnectionPool(host='geocoding.geo.census.gov', port=443): Max retries exceeded with url: /geocoder/geographies/coordinates?x=-89.2773778&y=38.9240368&benchmark=Public_AR_Current&vintage=Current_Current&layers=10&format=json (Caused by ConnectTimeoutError(<urllib3.connection.HTTPSConnection object at 0x70c7fca05d90>, 'Connection to geocoding.geo.census.gov timed out. (connect timeout=5)'))",,,,,,,,,,,,,,,,,,,,,,,,,,,,,,,,,,,,,,,,,,,,,,,,,,
Mulberry Grove Elem School,Mulberry Grove CUSD 1,Mulberry Grove,Bond,UNIT,SMALL,ELEMENTARY,PK - 5,,,,,,,,,,,,,,,,,38.9243899,-89.2786363,801 West Wall Street,62262,Bond County,Illinois,17005,"Error: HTTPSConnectionPool(host='geocoding.geo.census.gov', port=443): Max retries exceeded with url: /geocoder/geographies/coordinates?x=-89.2786363&y=38.9243899&benchmark=Public_AR_Current&vintage=Current_Current&layers=10&format=json (Caused by ConnectTimeoutError(<urllib3.connection.HTTPSConnection object at 0x70c7fca05970>, 'Connection to geocoding.geo.census.gov timed out. (connect timeout=5)'))","17005Error: HTTPSConnectionPool(host='geocoding.geo.census.gov', port=443): Max retries exceeded with url: /geocoder/geographies/coordinates?x=-89.2786363&y=38.9243899&benchmark=Public_AR_Current&vintage=Current_Current&layers=10&format=json (Caused by ConnectTimeoutError(<urllib3.connection.HTTPSConnection object at 0x70c7fca05970>, 'Connection to geocoding.geo.census.gov timed out. (connect timeout=5)'))",,,,,,,,,,,,,,,,,,,,,,,,,,,,,,,,,,,,,,,,,,,,,,,,,,
Bond Cty Comm Unit 2 High School,Bond County CUSD 2,Greenville,Bond,UNIT,LARGE,HIGH SCHOOL,9 - 12,480.5,460.2,27.4,47.6,18.5,6.5,52.4,25.8,17.7,4.0,35.6,42.4,18.6,3.4,124.0,124.0,38.9011707,-89.39892359999999,1000 Illinois 140,62246,Bond County,Illinois,17005,"Error: HTTPSConnectionPool(host='geocoding.geo.census.gov', port=443): Read timed out. (read timeout=5)","17005Error: HTTPSConnectionPool(host='geocoding.geo.census.gov', port=443): Read timed out. (read timeout=5)",,,,,,,,,,,,,,,,,,,,,,,,,,,,,,,,,,,,,,,,,,,,,,,,,,
Greenville Jr High School,Bond County CUSD 2,Greenville,Bond,UNIT,LARGE,MIDDLE SCHL,6 - 8,,,,,,,,,,,,,,,,,38.8998094,-89.3962244,1200 Junior High Drive,62246,Bond County,Illinois,17005,"Error: HTTPSConnectionPool(host='geocoding.geo.census.gov', port=443): Max retries exceeded with url: /geocoder/geographies/coordinates?x=-89.3962244&y=38.8998094&benchmark=Public_AR_Current&vintage=Current_Current&layers=10&format=json (Caused by ConnectTimeoutError(<urllib3.connection.HTTPSConnection object at 0x70c7fcbc0470>, 'Connection to geocoding.geo.census.gov timed out. (connect timeout=5)'))","17005Error: HTTPSConnectionPool(host='geocoding.geo.census.gov', port=443): Max retries exceeded with url: /geocoder/geographies/coordinates?x=-89.3962244&y=38.8998094&benchmark=Public_AR_Current&vintage=Current_Current&layers=10&format=json (Caused by ConnectTimeoutError(<urllib3.connection.HTTPSConnection object at 0x70c7fcbc0470>, 'Connection to geocoding.geo.census.gov timed out. (connect timeout=5)'))",,,,,,,,,,,,,,,,,,,,,,,,,,,,,,,,,,,,,,,,,,,,,,,,,,
Greenville Elem School,Bond County CUSD 2,Greenville,Bond,UNIT,LARGE,ELEMENTARY,PK - 5,,,,,,,,,,,,,,,,,38.8989222,-89.3963766,800 North Dewey Street,62246,Bond County,Illinois,17005,951300,17005951300,2022.0,951300.0,Bond County,Illinois,1303.0,191.0,240.0,810.0,62.0,4683.0,194.0,544.0,1163.0,1471.0,215.0,592.0,504.0,14.7,18.4,62.2,4.8,4.1,11.6,24.8,31.4,4.6,12.6,10.8,2333.0,50734.0,64379.0,6931.0,405.0,5.8,6526.0,94.2,5259.0,75.9,1125.0,16.2,44.0,0.6,66.0,1.0,0.0,0.0,0.0,0.0,32.0,0.5
Pocahontas Center,Bond County CUSD 2,Pocahontas,Bond,UNIT,LARGE,ELEMENTARY,PK - 8,,,,,,,,,,,,,,,,,38.8283847,-89.53966439999999,4 East State Street,62275,Bond County,Illinois,17005,"Error: HTTPSConnectionPool(host='geocoding.geo.census.gov', port=443): Max retries exceeded with url: /geocoder/geographies/coordinates?x=-89.53966439999999&y=38.8283847&benchmark=Public_AR_Current&vintage=Current_Current&layers=10&format=json (Caused by ConnectTimeoutError(<urllib3.connection.HTTPSConnection object at 0x70c7fcbd1610>, 'Connection to geocoding.geo.census.gov timed out. (connect timeout=5)'))","17005Error: HTTPSConnectionPool(host='geocoding.geo.census.gov', port=443): Max retries exceeded with url: /geocoder/geographies/coordinates?x=-89.53966439999999&y=38.8283847&benchmark=Public_AR_Current&vintage=Current_Current&layers=10&format=json (Caused by ConnectTimeoutError(<urllib3.connection.HTTPSConnection object at 0x70c7fcbd1610>, 'Connection to geocoding.geo.census.gov timed out. (connect timeout=5)'))",,,,,,,,,,,,,,,,,,,,,,,,,,,,,,,,,,,,,,,,,,,,,,,,,,
Sorento Elem School,Bond County CUSD 2,Sorento,Bond,UNIT,LARGE,ELEMENTARY,PK - 8,,,,,,,,,,,,,,,,,38.9951268,-89.5729733,510 South Main Street,62086,Bond County,Illinois,17005,"Error: HTTPSConnectionPool(host='geocoding.geo.census.gov', port=443): Max retries exceeded with url: /geocoder/geographies/coordinates?x=-89.5729733&y=38.9951268&benchmark=Public_AR_Current&vintage=Current_Current&layers=10&format=json (Caused by ConnectTimeoutError(<urllib3.connection.HTTPSConnection object at 0x70c7fcbd0470>, 'Connection to geocoding.geo.census.gov timed out. (connect timeout=5)'))","17005Error: HTTPSConnectionPool(host='geocoding.geo.census.gov', port=443): Max retries exceeded with url: /geocoder/geographies/coordinates?x=-89.5729733&y=38.9951268&benchmark=Public_AR_Current&vintage=Current_Current&layers=10&format=json (Caused by ConnectTimeoutError(<urllib3.connection.HTTPSConnection object at 0x70c7fcbd0470>, 'Connection to geocoding.geo.census.gov timed out. (connect timeout=5)'))",,,,,,,,,,,,,,,,,,,,,,,,,,,,,,,,,,,,,,,,,,,,,,,,,,
Bond County CUSD 2 Early Childhood Center,Bond County CUSD 2,Greenville,Bond,UNIT,LARGE,PreK,PK,,,,,,,,,,,,,,,,,38.8613529,-89.5120084,,N/A,N/A,Illinois,,"Error: HTTPSConnectionPool(host='geocoding.geo.census.gov', port=443): Read timed out. (read timeout=5)",,,,,,,,,,,,,,,,,,,,,,,,,,,,,,,,,,,,,,,,,,,,,,,,,,,
Morrisonville High School,Morrisonville CUSD 1,Morrisonville,Christian,UNIT,SMALL,HIGH SCHOOL,9 - 12,444.5,426.8,45.5,45.5,9.1,0.0,68.2,31.8,0.0,0.0,50.0,35.7,14.3,0.0,22.0,22.0,39.4226983,-89.457837,204 North Perrine Street,62546,Christian County,Illinois,17021,"Error: HTTPSConnectionPool(host='geocoding.geo.census.gov', port=443): Max retries exceeded with url: /geocoder/geographies/coordinates?x=-89.457837&y=39.4226983&benchmark=Public_AR_Current&vintage=Current_Current&layers=10&format=json (Caused by ConnectTimeoutError(<urllib3.connection.HTTPSConnection object at 0x70c7fcb66ba0>, 'Connection to geocoding.geo.census.gov timed out. (connect timeout=5)'))","17021Error: HTTPSConnectionPool(host='geocoding.geo.census.gov', port=443): Max retries exceeded with url: /geocoder/geographies/coordinates?x=-89.457837&y=39.4226983&benchmark=Public_AR_Current&vintage=Current_Current&layers=10&format=json (Caused by ConnectTimeoutError(<urllib3.connection.HTTPSConnection object at 0x70c7fcb66ba0>, 'Connection to geocoding.geo.census.gov timed out. (connect timeout=5)'))",,,,,,,,,,,,,,,,,,,,,,,,,,,,,,,,,,,,,,,,,,,,,,,,,,
Morrisonville Jr High School,Morrisonville CUSD 1,Morrisonville,Christian,UNIT,SMALL,MIDDLE SCHL,7 - 8,,,,,,,,,,,,,,,,,39.4226983,-89.457837,204 North Perrine Street,62546,Christian County,Illinois,17021,"Error: HTTPSConnectionPool(host='geocoding.geo.census.gov', port=443): Read timed out. (read timeout=5)","17021Error: HTTPSConnectionPool(host='geocoding.geo.census.gov', port=443): Read timed out. (read timeout=5)",,,,,,,,,,,,,,,,,,,,,,,,,,,,,,,,,,,,,,,,,,,,,,,,,,
Morrisonville Elem School,Morrisonville CUSD 1,Morrisonville,Christian,UNIT,SMALL,ELEMENTARY,PK - 6,,,,,,,,,,,,,,,,,39.4436681,-89.436391,,N/A,N/A,Illinois,,"Error: HTTPSConnectionPool(host='geocoding.geo.census.gov', port=443): Read timed out. (read timeout=5)",,,,,,,,,,,,,,,,,,,,,,,,,,,,,,,,,,,,,,,,,,,,,,,,,,,
